iso3,year,raw_score,kalman_score,kalman_std,ci_lower_95,ci_upper_95,ci_width,innovation
AFG,2013,24.386,24.379929335613635,0.5775236864306594,23.247982910209544,25.511875761017727,2.263892850808185,0.0
AFG,2014,24.408,24.3399653080057,0.5316275131178638,23.297975382294684,25.381955233716713,2.083979851422026,0.022000000000002018
AFG,2015,23.555,23.840989270995056,0.5288972186649978,22.80435072241166,24.877627819578453,2.0732770971667915,-0.8479039786620959
AFG,2016,24.655,24.49994603873348,0.5287385042561855,23.463618570391358,25.536273507075602,2.072654936684247,0.8961832386677067
AFG,2017,24.949,24.98801065250395,0.5287292916675654,23.951701240835522,26.024320064172375,2.0726188233368563,0.5098755171488527
AFG,2018,26.633,26.286800272732158,0.5287287569684478,25.250491909074,27.323108636390316,2.072616727316315,1.806835437564981
AFG,2019,27.465,27.001757530271906,0.5287287259426996,25.965449227424216,28.038065833119596,2.0726166056953823,1.2672925064765863
AFG,2020,25.499,25.734363233326796,0.5287287247989685,24.69805493272082,26.770671533932774,2.0726166012119562,-1.6606909792462297
AFG,2021,24.252,24.412498506027784,0.5287287782436741,23.376190100670183,25.448806911385386,2.0726168107152025,-1.6470843894689118
AFG,2022,22.189,22.516160276424596,0.5287331397066756,21.479843322599514,23.55247723024968,2.072633907650168,-2.4598063664530017
AFG,2023,19.324,20.386020336730404,0.5290882525933784,19.34900736164738,21.423033311813427,2.0740259501660434,-3.457602803334968
AFG,2024,22.88,22.223986767571773,0.5572522346202766,21.13177238771603,23.316201147427517,2.1844287597114844,2.7230136552092468
AGO,2000,17.036,17.59546866760452,0.6597955858849427,16.302269319270035,18.888668015939007,2.5863986966689754,0.0
AGO,2001,17.769,17.96433253972129,0.5622109660376484,16.8623990462875,19.06626603315508,2.203866986867582,0.732999999999997
AGO,2002,20.064,18.546650889917697,0.527636571060838,17.512483210638454,19.58081856919694,2.068335358558485,2.628211421348176
AGO,2003,17.784,18.435442092613922,0.515512346876808,17.42503789273538,19.445846292492465,2.0208083997570876,-0.8467990839872215
AGO,2004,18.836,18.668917289172274,0.5112950517780822,17.666778987687234,19.671055590657314,2.0042766029700823,0.5661929470270621
AGO,2005,18.958,18.90408335800639,0.5098332429798037,17.904810201765972,19.903356514246806,1.9985463124808305,0.45220076919967767
AGO,2006,19.899,19.211066507455225,0.5093272088929587,18.212785178025026,20.209347836885424,1.996562658860398,1.2061898522173742
AGO,2007,18.703,19.24133871289546,0.5091521163305144,18.24340056488765,20.239276860903267,1.9958762960156164,-0.4872888255125787
AGO,2008,19.367,19.608600289118247,0.5090915424505064,18.610780865915252,20.60641971232124,1.9956388464059849,0.3774992682921301
AGO,2009,20.853,20.28490035841115,0.5090705878822801,19.28712200616188,21.28267871066042,1.995556704498538,1.7080005899617134
AGO,2010,21.656,20.92162635426428,0.5090633391251427,19.923862209579,21.91939049894956,1.9955282893705593,1.807523667306004
AGO,2011,21.899,21.4012221849373,0.5090608316043551,20.403462954992765,22.398981414881835,1.995518459889072,1.3060849237165222
AGO,2012,22.309,21.79574016604816,0.509059964226284,20.797982636164644,22.793497695931674,1.995515059767033,1.178173759985654
AGO,2013,22.049,22.05790898996196,0.5090596643855162,21.060152047766348,23.05566593215757,1.9955138843912235,0.4329450723207735
AGO,2014,22.811,22.44243609625131,0.5090595619095065,21.444679354908676,23.440192837593944,1.9955134826852656,1.0166377302841845
AGO,2015,22.747,22.777104302205235,0.509059533995432,21.77934761557419,23.77486098883628,1.9955133732620935,0.5339382640084018
AGO,2016,23.152,23.279223512811814,0.5090595699017114,22.28146675580446,24.27698026981917,1.9955135140147087,0.7190372938745071
AGO,2017,24.752,24.08188592939706,0.5090598578347328,23.084128608040984,25.079643250753136,1.9955146427121526,2.0229038293463937
AGO,2018,26.091,24.840098814144557,0.5090616234340051,23.842338032213906,25.83785959607521,1.9955215638612998,2.52877665957811
AGO,2019,25.884,25.185026664790904,0.5090723082129975,24.18724494069343,26.18280838888838,1.9955634481949502,1.28030721647713
AGO,2020,25.235,25.26387803916337,0.509136916362143,24.26596968309357,26.26178639523317,1.9958167121396004,0.10401634837311491
AGO,2021,25.408,25.395273452148228,0.5095274230908833,24.396599702890096,26.39394720140636,1.9973474985162625,0.23417751260576836
AGO,2022,25.566,25.57766271610615,0.5118824388234698,24.57437313601215,26.580952296200152,2.006579160188002,0.29573217342088043
AGO,2023,26.202,25.84845983084558,0.5258983840812311,24.817698998046367,26.879220663644794,2.061521665598426,0.8099357231433366
AGO,2024,26.459,26.027668684434996,0.6037586015189212,24.84430182545791,27.21103554341208,2.366733717954171,0.7333660107686413
ALB,2000,34.469,35.96484919791876,0.9750008858909037,34.05384746157259,37.87585093426493,3.8220034726923426,0.0
ALB,2001,38.857,37.260910048371606,0.844373890370372,35.605937223245675,38.91588287349754,3.3099456502518585,4.387999999999998
ALB,2002,37.726,37.54619867094795,0.8105685704384465,35.9574842728886,39.134913069007304,3.1774287961187104,0.6770936594959736
ALB,2003,37.658,37.761084402012465,0.8021371476213527,36.18889559267461,39.33327321135032,3.1443776186757026,0.2541702420949292
ALB,2004,38.027,38.11497525159985,0.8000587331216583,36.5468601346814,39.6830903685183,3.1362302338369004,0.49372134363298414
ALB,2005,38.708,38.63445454490698,0.7995479579047168,37.067340547413735,40.201568542400224,3.1342279949864897,0.9250518396661249
ALB,2006,38.825,39.23714007518824,0.7994225298721606,37.67027191663881,40.804008233737676,3.1337363170988692,0.575080829197347
ALB,2007,40.692,40.33008901135039,0.7993917350747045,38.76328121060397,41.896896812096806,3.1336156014928416,2.1519017146071704
ALB,2008,41.626,41.434504796153696,0.7993841747590302,39.867711813625995,43.0012977786814,3.1335859650553983,2.0001916081689473
ALB,2009,43.282,42.68835813108538,0.7993823186753992,41.121568786481596,44.255147475689164,3.1335786892075648,2.6470507214607153
ALB,2010,44.972,43.81420150667271,0.7993818630021424,42.24741305518851,45.38098995815691,3.1335769029683984,3.00156360231707
ALB,2011,44.621,44.33080106192026,0.7993817511360125,42.76401282969368,45.89758929414685,3.133576464453169,1.1362203981109644
ALB,2012,45.311,44.75857164504847,0.7993817236913454,43.19178346661343,46.32535982348351,3.133576356870074,1.2529768467575622
ALB,2013,44.537,44.86583547192354,0.7993817170773111,43.29904730645201,46.43262363739507,3.1335763309430593,-0.15317236568440507
ALB,2014,46.085,45.26249831310192,0.7993817162694427,43.69571014921382,46.82928647699003,3.133576327776215,1.4721058285212365
ALB,2015,44.188,45.11649951014899,0.7993817214524646,43.54971133610216,46.68328768419582,3.133576348093661,-1.1675978501374331
ALB,2016,45.161,45.665331695681466,0.7993817582184868,44.098543449573235,47.2321199417897,3.133576492216468,0.39447611484711587
ALB,2017,47.796,46.762739378579546,0.7993820013480671,45.19595065593734,48.329528101221754,3.133577445284423,2.8304558708839025
ALB,2018,48.05,47.341687449065276,0.7993836051011333,45.77489558306706,48.908479315063495,3.1335837319964424,1.6564403416763014
ALB,2019,47.693,47.5179909918338,0.7993941828642877,45.951178393419795,49.0848035902478,3.1336251968280076,0.46373661090861873
ALB,2020,47.534,47.60387227732738,0.7994639466683188,46.036922941857476,49.17082161279729,3.1338986709398093,0.07077320994741143
ALB,2021,47.291,47.76843795838044,0.7999239324046179,46.20058705086739,49.336288865893486,3.1357018150261022,-0.20793313823971005
ALB,2022,49.305,48.35558941640882,0.8029512399509817,46.781804986104895,49.92937384671274,3.1475688606078482,1.9109728429803354
ALB,2023,50.007,48.35157848571875,0.8226393106171488,46.73920543690914,49.963951534528356,3.224746097619223,1.6488529202262328
ALB,2024,44.922,47.03672909540991,0.942246115465842,45.18992670909686,48.88353148172296,3.6936047726261005,-4.268022820928778
AND,2007,36.529,36.25945414460081,0.4922305754743909,35.294682216671006,37.22422607253061,1.9295438558596123,0.0
AND,2008,33.386,34.02034017503736,0.46015924258575663,33.118428059569275,34.92225229050545,1.803824230936166,-3.1430000000000007
AND,2009,34.176,34.10455479923709,0.4587886757330456,33.205328994800325,35.00378060367386,1.7984516088735387,0.1643998273104259
AND,2010,33.685,33.73730796538478,0.45873131320392074,32.83819459150509,34.636421339264466,1.7982267477593692,-0.4574207642379662
AND,2011,32.944,33.33740972746701,0.45872891464855925,32.43830105475583,34.23651840017819,1.7982173454223522,-0.8345292703611875
AND,2012,36.005,35.49853487260076,0.4587288143593633,34.59942639645641,36.397643348745106,1.7982169522887042,2.8903553960338186
AND,2013,36.573,36.31884409680773,0.458728810166045,35.41973562888228,37.21795256473318,1.7982169358508964,1.159021173914411
AND,2014,35.957,36.15238112630147,0.4587288099907128,35.25327265871967,37.05148959388327,1.7982169351635942,-0.3790028096205589
AND,2015,37.603,37.29600208511203,0.45872880998338184,36.3968936175446,38.19511055267946,1.7982169351348567,1.5685013284143636
AND,2016,37.746,37.4292015595368,0.45872880998307536,36.530093091969974,38.328310027103626,1.7982169351336554,0.46372788449943414
AND,2017,34.569,35.275739198359524,0.4587288099830626,34.37663073079272,36.17484766592633,1.7982169351336053,-3.0821767055051836
AND,2018,36.078,36.01783814318673,0.4587288099830715,35.11872967561991,36.91694661075355,1.7982169351336401,0.8787550671408724
AND,2019,37.44,37.177407520677626,0.45872880998415005,36.27829905310869,38.07651598824656,1.7982169351378683,1.5416882467188202
AND,2020,37.782,37.68821023904816,0.45872881010767763,36.789101771237114,38.58731870685921,1.7982169356220963,0.6572451330280771
AND,2021,38.244,38.08212484585033,0.4587288242539565,37.18301635031258,38.981233341388084,1.7982169910755095,0.5963937918930569
AND,2022,37.621,37.69480482105943,0.45873044427241266,36.7956931502855,38.593916491833355,1.7982233415478577,-0.5010491187744393
AND,2023,37.663,37.41686126839473,0.4589159297533168,36.51738604607823,38.31633649071124,1.7989504446330018,-0.06045475791738397
AND,2024,34.198,34.90905256913386,0.47968339789956455,33.968873109250715,35.84923202901701,1.8803589197662929,-3.477361817145848
ARE,2000,49.485,49.95368216741503,0.9475273862478262,48.096528490369295,51.81083584446077,3.7143073540914786,0.0
ARE,2001,52.123,51.02801195758323,0.8292427046238643,49.40269625652046,52.653327658646006,3.250631402125548,2.637999999999998
ARE,2002,50.566,50.45699730819197,0.8106941618364712,48.86803675099249,52.04595786539146,3.177921114398967,-0.6392839633646474
ARE,2003,49.038,49.25191484393841,0.8078655000566356,47.668498463827405,50.83533122404941,3.1668327602220114,-1.7729111223415117
ARE,2004,47.409,47.62211604564746,0.8074364326450251,46.03954063766321,49.20469145363171,3.1651508159684982,-2.3174957437019756
ARE,2005,43.748,45.25392772459721,0.8073714040386453,43.671479772681465,46.83637567651296,3.164895903831489,-4.562815799887247
ARE,2006,43.918,44.324745542858935,0.8073615496960411,42.74231690545469,45.907174180263176,3.1648572748084813,-1.6060928514055774
ARE,2007,43.062,43.5733669366989,0.8073600564120157,41.990941226131355,45.15579264726645,3.1648514211351015,-1.4812067445824226
ARE,2008,43.004,43.34901553536863,0.8073598301269456,41.76659026831982,44.93144080241744,3.1648505340976265,-0.634596177106971
ARE,2009,43.36,43.686021742534045,0.8073597958368112,42.10359654269389,45.2684469423742,3.1648503996803,0.10896755613462972
ARE,2010,45.727,44.95324663681116,0.8073597906406519,43.37082144715548,46.53567182646684,3.164850379311355,2.40941835522797
ARE,2011,45.646,45.51790933115244,0.8073597898532514,43.935484143040064,47.10033451926481,3.1648503762247455,0.8569265703132203
ARE,2012,46.387,46.22467666428888,0.8073597897339325,44.64225147641037,47.807101852167385,3.164850375757015,1.0745801772898176
ARE,2013,47.63,47.10511630533376,0.8073597897158522,45.52269111749069,48.68754149317683,3.164850375686141,1.661307307385826
ARE,2014,47.337,47.52411444765458,0.8073597897131221,45.94168925981686,49.106539635492304,3.1648503756754383,0.35370557045372664
ARE,2015,49.041,48.64125325944465,0.8073597897128992,47.05882807160737,50.223678447281934,3.1648503756745647,1.8416887717877088
ARE,2016,49.886,49.73216166189501,0.8073597897166281,48.14973647405042,51.314586849739605,3.1648503756891824,1.5619235833008958
ARE,2017,52.162,51.294281906123814,0.8073597897913513,49.711856718132765,52.87670709411486,3.164850375982097,2.8840179611974364
ARE,2018,52.505,52.17119378509402,0.8073597912642232,50.58876859421614,53.7536189759719,3.164850381755755,1.465676384153383
ARE,2019,53.759,52.98546264979717,0.807359820292439,51.40303740202399,54.56788789757035,3.1648504955463608,1.8245513229942318
ARE,2020,52.704,52.767798327160975,0.8073603923966393,51.18537195806356,54.35022469625839,3.164852738194826,-0.344747598814898
ARE,2021,52.919,52.525650814627205,0.8073716676653779,50.94320234600306,54.10809928325135,3.1648969372482814,0.08079834352960091
ARE,2022,50.474,51.2809324980326,0.807593854881114,49.698048542465614,52.86381645359958,3.1657679111339667,-2.4135472166332406
ARE,2023,49.122,50.82485911632909,0.8119604383088772,49.23341665724369,52.41630157541449,3.1828849181707985,-2.2915338373788217
ARE,2024,55.908,53.61362698179993,0.8936761777695967,51.86202167337152,55.36523229022834,3.503210616856819,5.893962933197045
ARG,2000,57.291,56.52542450508419,0.6904662958317864,55.17211056525389,57.87873844491449,2.7066278796606027,0.0
ARG,2001,52.491,53.78376795780759,0.6137482040671212,52.58082147783603,54.98671443777915,2.405892959943115,-4.799999999999997
ARG,2002,52.794,52.92514253115586,0.6049994208884991,51.7393436662144,54.110941396097324,2.3715977298829163,-1.170577711971056
ARG,2003,51.141,51.67283376120415,0.6040272595847127,50.48894033241812,52.85672718999019,2.367786857572074,-2.0391469710300214
ARG,2004,50.632,50.95338746735201,0.6039196057155446,49.76970504014954,52.13706989455448,2.3673648544049346,-1.186784285580238
ARG,2005,50.409,50.59135870925389,0.603907689139089,49.407699638541274,51.775017779966504,2.367318141425229,-0.61779993918217
ARG,2006,50.353,50.47704372517754,0.6039063701094198,49.29338723976308,51.660700210592,2.3673129708289258,-0.26153852369500896
ARG,2007,50.734,50.65966631633819,0.6039062241085162,49.476010117085494,51.843322515590884,2.3673123985053834,0.2939867328278467
ARG,2008,50.98,50.77543839525924,0.6039062079479606,49.59178222768124,51.959094562837244,2.3673123351560053,0.3438088225410638
ARG,2009,50.116,50.33071320183009,0.6039062061591801,49.1470570377581,51.514369365902084,2.367312328143986,-0.7496154493877683
ARG,2010,50.08,50.15967011053688,0.6039062059611835,48.97601394685296,51.3433262742208,2.367312327367839,-0.28539565792483046
ARG,2011,50.115,50.084311478346244,0.6039062059392677,48.90065531470528,51.267967641987205,2.367312327281929,-0.05995060173095368
ARG,2012,49.764,49.834600455872405,0.6039062059368417,48.6509442922362,51.01825661950861,2.3673123272724195,-0.37094545309778937
ARG,2013,49.622,49.5741461036522,0.6039062059365733,48.390489940016515,50.75780226728788,2.3673123272713674,-0.2654128586389177
ARG,2014,48.392,48.90266576652135,0.6039062059365436,47.71900960288573,50.08632193015698,2.367312327271251,-1.3183023617911473
ARG,2015,49.322,49.258087846198954,0.603906205936541,48.074431682563336,50.44174400983457,2.3673123272712404,0.4914032692387167
ARG,2016,49.338,49.749169643044034,0.6039062059365616,48.565513479408374,50.932825806679695,2.3673123272713217,0.17948894883316058
ARG,2017,53.109,52.07142945952604,0.6039062059373026,50.88777329588893,53.25508562316315,2.367312327274226,3.8307156376622515
ARG,2018,53.638,53.23975346444367,0.60390620596337,52.05609730075547,54.42340962813188,2.36731232737641,1.8034719298477597
ARG,2019,54.359,54.234796722772494,0.6039062068805515,53.051140557286615,55.41845288825837,2.367312330971762,1.3210117388671634
ARG,2020,56.638,55.78973294522464,0.6039062391515241,54.60607671648766,56.97338917396163,2.3673124574739743,2.7184981354483924
ARG,2021,56.465,56.0667567322167,0.603907374602528,54.88309827799575,57.25041518643766,2.3673169084419095,0.731439246523351
ARG,2022,54.977,55.30286374122871,0.6039473240143272,54.11912698616063,56.486600496296795,2.3674735101361626,-1.2446515303516819
ARG,2023,55.321,54.86774329741935,0.6053512632141191,53.68125482151968,56.054231773319025,2.372976951799347,-0.07009323685620927
ARG,2024,51.108,52.51741570580174,0.652829603904904,51.23786968214813,53.79696172945535,2.5590920473072236,-4.23631988883934
ARM,2000,41.336,41.67750151370037,0.7419503769014033,40.22327877497362,43.13172425242712,2.908445477453501,0.0
ARM,2001,42.532,42.158076593998736,0.6385819965780752,40.90645588070571,43.409697307291765,2.503241426586055,1.195999999999998
ARM,2002,42.525,42.37163190496236,0.6152590952427085,41.16572407828666,43.57753973163807,2.4118156533514172,0.4671492907971171
ARM,2003,42.784,42.507311625990305,0.6101232309430525,41.311470093341924,43.703153158638685,2.3916830652967658,0.4701781700217609
ARM,2004,41.871,42.36664476941142,0.6090008760364185,41.17300305238004,43.560286486442806,2.3872834340627604,-0.694971484881961
ARM,2005,43.089,42.78014566511048,0.6087560447225471,41.58698381745429,43.973307512766674,2.3863236953123845,0.8939799490631231
ARM,2006,44.107,43.041684269803675,0.6087026582988027,41.848627059538025,44.234741480069324,2.3861144205313063,1.4352951232454814
ARM,2007,41.373,42.08839063249922,0.6086910181947038,40.8953562368376,43.28142502816084,2.386068791323239,-2.063856284854417
ARM,2008,40.745,41.48941314265747,0.608688480293893,40.29638372128144,42.6824425640335,2.3860588427520604,-1.5916746457022697
ARM,2009,41.268,41.49231976657286,0.6086879269557292,40.29929142973963,42.68534810340609,2.386056673666458,-0.22020832182462158
ARM,2010,41.89,41.78543025806802,0.6086878063115947,40.59240215769729,42.97845835843874,2.386056200741451,0.519176793021721
ARM,2011,41.862,42.11800027253339,0.6086877800076008,40.9249722237185,43.31102832134829,2.3860560976297953,0.21442250831221088
ARM,2012,43.843,42.97714511683253,0.608687774272564,41.78411707925831,44.170173154406754,2.386056075148451,2.0811216725368595
ARM,2013,43.454,43.23262084023338,0.6086877730223059,42.03959280510966,44.4256488753571,2.3860560702474394,0.5827514731871304
ARM,2014,43.399,43.35500397380875,0.608687772751457,42.16197593921589,44.548032008401606,2.3860560691857113,0.21710787982255653
ARM,2015,43.068,43.49343224153916,0.6086877727127171,42.30040420702223,44.68646027605609,2.386056069033851,-0.22962442624913137
ARM,2016,43.598,44.26111986816153,0.6086877729408211,43.06809183319752,45.45414790312554,2.386056069928019,0.4227799949781641
ARM,2017,47.957,46.33715312566554,0.6086877757452243,45.1441250852049,47.53018116612618,2.386056080921279,4.556411372683527
ARM,2018,48.663,47.56199841305576,0.6086878084352617,46.36897030852265,48.755026517588874,2.386056209066226,2.8335543646546526
ARM,2019,48.105,48.09778640872724,0.6086881891231909,46.90475755804579,49.29081525940869,2.3860577013629083,0.7650896999702894
ARM,2020,49.602,48.94224565854532,0.6086926222825624,47.74920811887149,50.13528319821914,2.3860750793476444,1.85424823712993
ARM,2021,50.434,49.43936983456764,0.6087442447970703,48.246231114765386,50.6325085543699,2.3862774396045157,1.6978160133926394
ARM,2022,48.806,48.95238689758609,0.6093450757160428,47.75807054918264,50.146703245989535,2.3886326968068876,-0.8352278874239829
ARM,2023,48.125,48.364673899894534,0.616298727521311,47.15672839395276,49.572619405836306,2.415891011883539,-1.0709983105191654
ARM,2024,46.958,47.73642413348791,0.6921505676924461,46.37980902081071,49.093039246165105,2.7132302253543887,-1.6670881052470534
ATG,2002,25.871,25.850519302831987,1.9684699758204032,21.992318150223998,29.708720455439977,7.71640230521598,0.0
ATG,2003,25.856,25.805385669449063,1.725521746448499,22.423363046410003,29.187408292488122,6.764045246078116,-0.014999999999997016
ATG,2004,24.65,25.632860725232725,1.6877104118302215,22.32494831804549,28.94077313241996,6.615824814374468,-1.2111995824131938
ATG,2009,28.501,27.33348276725607,1.681996836446705,24.036768967820528,30.63019656669161,6.5934275988710835,3.389020698797527
ATG,2010,27.481,27.802664906553517,1.681138238324262,24.507633959437964,31.09769585366907,6.590061894231106,0.2900310061325584
ATG,2011,29.747,29.233263592951054,1.6810093247765834,25.938485316388952,32.52804186951316,6.589556553124207,2.378334615862542
ATG,2012,30.68,30.577465154932398,1.6809899716627419,27.282724810473425,33.87220549939137,6.5894806889179485,1.8544490160119942
ATG,2013,31.554,32.60835096155293,1.6809870663380277,29.313616311530396,35.90308561157546,6.589469300045069,1.592509706470949
ATG,2014,41.368,38.118946051788946,1.6809866301867036,34.82421225662301,41.413679846954885,6.589467590331878,10.431024970769375
ATG,2015,42.256,40.73184336423198,1.6809865647118276,37.43710969739679,44.02657703106716,6.589467333670364,4.929551097993233
ATG,2016,42.72,42.003915533126275,1.6809865548962346,38.70918188552965,45.2986491807229,6.58946729519324,2.3739787142171593
ATG,2017,43.12,42.67560649363893,1.6809865536734665,39.38087284843893,45.97034013883893,6.5894672903999885,1.3198096996718078
ATG,2018,42.928,42.89642017694554,1.6809865581201147,39.60168652303012,46.19115383086096,6.58946730783085,0.3193667449252118
ATG,2019,43.494,43.20027699379961,1.680986644282571,39.905543171005775,46.49501081659345,6.589467645587678,0.6897402126335521
ATG,2020,43.02,43.11297201995488,1.680988235844651,39.81823507769936,46.4077089622104,6.589473884511032,-0.2067567696513919
ATG,2021,43.323,43.15538220378282,1.6810176231956804,39.86058766231929,46.45017674524635,6.589589082927067,0.2228910749197155
ATG,2022,43.409,42.88747250594797,1.6815601561046256,39.591614599982904,46.18333041191303,6.591715811930133,0.17236024083729973
ATG,2023,43.5,41.38815622404143,1.6915465307741153,38.07272502372417,44.703587424358695,6.630862400634532,0.1577818211871005
ATG,2024,29.053,34.62687463709302,1.8663630752247113,30.968803009652582,38.28494626453345,7.316143254880869,-14.385866659051384
AUS,2000,73.459,73.593012942101,0.3155248624668331,72.974584211666,74.211441672536,1.2368574608699856,0.0
AUS,2001,73.731,73.90029514536198,0.2744581992761584,73.3623570747807,74.43823321594326,1.0758761411625408,0.27199999999999136
AUS,2002,75.353,74.77255121998152,0.2675336658852234,74.24818523484649,75.29691720511656,1.048731970270076,1.7193780702984611
AUS,2003,75.277,75.12770739818548,0.2663941910882548,74.6055747836525,75.64984001271846,1.0442652290659589,0.6064493097173482
AUS,2004,75.587,75.46261706376357,0.2662076800202387,74.94085001092391,75.98438411660324,1.0435341056793357,0.5544853772722433
AUS,2005,75.913,75.81403791965101,0.26617717944125524,75.29233064794616,76.33574519135587,1.0434145434097206,0.5500989922167179
AUS,2006,76.546,76.24924209892339,0.2661721923622378,75.7275446018934,76.77093959595338,1.0433949940599723,0.8554173919260961
AUS,2007,76.376,76.4224420413238,0.26617137695657367,75.90074614248893,76.94413794015868,1.0433917976697689,0.1758876683816908
AUS,2008,77.113,76.8368963466973,0.26617124363530126,76.31520070917212,77.35859198422249,1.0433912750503809,0.8081208852580488
AUS,2009,77.089,77.01550605279213,0.2661712218368876,76.49381045799183,77.53720164759244,1.0433911896005992,0.30276751166555016
AUS,2010,77.303,77.18800879781077,0.2661712182727843,76.6663132099961,77.70970438562543,1.0433911756293144,0.3364255147800179
AUS,2011,77.259,77.26219739765315,0.26617121769004315,76.74050181098067,77.78389298432563,1.0433911733449692,0.09203529843156844
AUS,2012,77.419,77.40466649748194,0.2661712175947633,76.8829709109962,77.92636208396767,1.0433911729714722,0.19721492228259763
AUS,2013,77.812,77.6352667473869,0.2661712175791848,77.11357116093168,78.1569623338421,1.0433911729104044,0.47274481682777036
AUS,2014,77.99,77.68611490531529,0.2661712175766399,77.16441931886507,78.20781049176551,1.0433911729004284,0.3691566751428752
AUS,2015,76.859,77.14103780816853,0.2661712175762676,76.61934222171905,77.66273339461802,1.043391172898969,-0.9817296957731969
AUS,2016,76.575,76.73586714422844,0.26617121757710366,76.21417155777732,77.25756273067955,1.0433911729022463,-0.6809671963825394
AUS,2017,76.005,76.33226218026428,0.26617121759560874,75.81056659377688,76.85395776675168,1.0433911729747862,-0.8453524110970392
AUS,2018,76.176,76.28093184593301,0.2661712179748029,75.7592362587024,76.80262743316362,1.0433911744612274,-0.17082237537846368
AUS,2019,76.258,76.40734867198908,0.266171225740408,75.88565306953788,76.92904427444029,1.0433912049023994,0.012927138370741886
AUS,2020,77.242,76.95228839554935,0.2661713847732386,76.4305924813938,77.47398430970489,1.0433918283110952,0.9892271515249007
AUS,2021,77.469,77.34109363310621,0.2661746416071179,76.81939133555626,77.86279593065616,1.0434045950999022,0.6269988292270909
AUS,2022,78.053,77.78396579263757,0.2662413299849628,77.26213278586705,78.3057987994081,1.0436660135410543,0.8375300383041377
AUS,2023,78.561,78.02942145946214,0.26760339512419856,77.50491880501872,78.55392411390557,1.0490053088868583,0.8466593607421515
AUS,2024,76.781,77.36232045527977,0.2941132380398386,76.78585850872169,77.93878240183786,1.1529238931161672,-1.4376491531505309
AUT,2000,69.045,69.0877280746762,0.5034147192938995,68.10103522486017,70.07442092449224,1.973385699632086,0.0
AUT,2001,69.225,69.27201747911255,0.45427589358962994,68.38163672767688,70.16239823054822,1.7807615028713493,0.1799999999999926
AUT,2002,69.998,69.80257234889815,0.4499232847149219,68.92072271085691,70.6844219869394,1.7636992760824937,0.8226640957302891
AUT,2003,70.116,70.05289204030039,0.44954784736878284,69.17177825945758,70.9340058211432,1.7622275616856287,0.3580426402494794
AUT,2004,70.255,70.28815160830383,0.4495155484018825,69.40710113343614,71.16920208317153,1.7621009497353795,0.24395835546449973
AUT,2005,70.917,70.87678692978393,0.449512770346868,69.99574189990408,71.75783195966379,1.7620900597597224,0.733543614003068
AUT,2006,72.205,71.86023477320408,0.4495125314092482,70.97919021164196,72.7412793347662,1.7620891231242528,1.5031275276862743
AUT,2007,72.627,72.40033207830747,0.449512510858507,71.5192875570248,73.28137659959015,1.7620890425653475,0.8628259506108122
AUT,2008,72.692,72.5486258415173,0.4495125090909623,71.66758132369903,73.42967035933559,1.7620890356365722,0.31804317777977076
AUT,2009,72.104,72.26693610260652,0.4495125089389379,71.3858915850862,73.14798062012684,1.7620890350406366,-0.4947266601421205
AUT,2010,72.413,72.36727641702751,0.4495125089258625,71.48623189953283,73.2483209345222,1.762089034989381,0.1639102410661053
AUT,2011,72.367,72.38047117087594,0.4495125089247379,71.49942665338345,73.26151568836842,1.7620890349849725,0.002070377610294827
AUT,2012,72.39,72.45962613266214,0.4495125089246411,71.57858161516984,73.34067065015444,1.7620890349845932,0.023607184962187944
AUT,2013,73.035,72.89002231223773,0.4495125089246328,72.00897779474545,73.77106682973002,1.7620890349845606,0.6519233397991684
AUT,2014,73.346,73.14985602167914,0.4495125089246322,72.26881150418686,74.03090053917143,1.7620890349845582,0.5021912331636713
AUT,2015,72.668,72.87511425600114,0.4495125089246321,71.99406973850886,73.75615877349342,1.762089034984558,-0.5307210865281746
AUT,2016,73.286,73.16449270898252,0.4495125089246346,72.28344819149024,74.0455372264748,1.7620890349845677,0.46235406311646443
AUT,2017,73.315,73.24370455533148,0.4495125089247408,72.36266003783898,74.12474907282397,1.762089034984984,0.1645957642392375
AUT,2018,73.012,73.11425296341314,0.4495125089294015,72.23320844591152,73.99529748091476,1.7620890350032539,-0.2547285772463539
AUT,2019,73.183,73.26914076280605,0.44951250913380264,72.38809624490379,74.1501852807083,1.7620890358045063,0.09629509555409754
AUT,2020,74.05,73.91224576906208,0.44951251809821474,73.03120123358958,74.79329030453458,1.7620890709450017,0.8952407101305226
AUT,2021,74.767,74.61390215004079,0.4495129112497883,73.7328568439912,75.49494745609037,1.7620906120991702,0.979549543633297
AUT,2022,75.824,75.36830758256005,0.4495301533394875,74.48722848201466,76.24938668310544,1.7621582010907908,1.3442750118899767
AUT,2023,75.765,75.02278826369955,0.4502856893364271,74.14022831260016,75.90534821479895,1.7651199021987942,0.33523898723049683
AUT,2024,69.633,71.40251389483487,0.48225828367049695,70.4572876588407,72.34774013082904,1.890452471988348,-6.0336836007238475
AZE,2000,34.488,34.07628352593989,0.8447147211643462,32.420642672457774,35.73192437942201,3.311281706964237,0.0
AZE,2001,32.846,33.43882265688062,0.7312327553016028,32.005606456489474,34.87203885727176,2.866432400782283,-1.642000000000003
AZE,2002,33.05,33.35809366422606,0.7081068828362113,31.97020417386709,34.74598315458503,2.775778980717948,-0.4240296117224176
AZE,2003,33.863,33.6697451346166,0.7035243210580748,32.29083746534277,35.04865280389043,2.7578153385476534,0.6300328773429769
AZE,2004,34.163,33.88365728205385,0.7026229355178162,32.506516328438934,35.26079823566877,2.7542819072298395,0.5777309951163474
AZE,2005,33.573,33.823660233528045,0.7024459060084212,32.44686625775154,35.20045420930455,2.753587951553011,-0.33427365346666704
AZE,2006,34.008,34.08442603388776,0.702411148529545,32.70770018276985,35.46115188500567,2.7534517022358163,0.28691815145167254
AZE,2007,34.788,34.601937286993945,0.7024043247529034,33.22522481047825,35.97864976350964,2.7534249530313812,0.9071236465084738
AZE,2008,35.374,35.15077372116635,0.7024029850878801,33.77406387039411,36.527483571938596,2.75341970154449,0.9879280160882757
AZE,2009,35.831,35.6961597617651,0.7024027220812908,34.31945042648577,37.07286909704443,2.75341867055866,0.8947334528392688
AZE,2010,36.662,36.3612823803142,0.7024026704471633,34.984573146237764,37.73799161439064,2.75341846815288,1.2274410621052354
AZE,2011,37.474,36.97946984488881,0.7024026603102206,35.60276063068078,38.356179059096846,2.7534184284160648,1.3558582306445288
AZE,2012,37.694,37.249554510507565,0.7024026583201162,35.87284530020014,38.62626372081499,2.7534184206148553,0.8207577186975286
AZE,2013,36.834,37.04416620586285,0.7024026579294876,35.66745699632106,38.420875415404645,2.7534184190835913,-0.49633621273601847
AZE,2014,37.004,37.019371824900546,0.7024026578537255,35.64266261550724,38.39608103429385,2.753418418786604,-0.04991813550884672
AZE,2015,36.577,37.00221991842484,0.7024026578504858,35.62551070903789,38.378929127811794,2.7534184187739044,-0.44911787697797934
AZE,2016,37.018,37.5773952912745,0.7024026579958508,36.20068608160263,38.954104500946364,2.753418419343735,0.2420035060197776
AZE,2017,40.13,39.27229091477582,0.7024026598566109,37.89558170145686,40.649000128094784,2.7534184266379147,3.2192276382172764
AZE,2018,41.359,40.71815530932657,0.702402683215164,39.341446050224846,42.09486456842829,2.7534185182034427,2.6553850231265486
AZE,2019,43.016,42.08020666751378,0.7024029763518358,40.70349683386418,43.45691650116338,2.7534196672991964,2.8335559485944515
AZE,2020,43.823,42.8930653020151,0.702406655024845,41.51634825816641,44.269782345863796,2.7534340876973924,2.062500455850639
AZE,2021,44.284,42.85219236742486,0.702452818448077,41.47538484326663,44.22899989158309,2.753615048316462,1.3748588789104943
AZE,2022,38.943,40.76064451808316,0.7030318830217428,39.382702027360544,42.13858700880578,2.7558849814452318,-4.731823410401091
AZE,2023,38.493,40.05142153380586,0.7102586474493822,38.65931458480507,41.44352848280665,2.784213898001578,-2.546590487902769
AZE,2024,42.357,41.1448804216117,0.7953871064284176,39.585921693012004,42.7038391502114,3.117917457199397,2.735649059898442
BDI,2000,22.458,22.66486948169683,0.6895133117028117,21.31342339075932,24.01631557263434,2.702892181875022,0.0
BDI,2001,23.763,23.620395282101256,0.6187482868806751,22.407648639815132,24.83314192438738,2.425493284572246,1.3050000000000033
BDI,2002,24.924,24.976593442382267,0.6120480444378499,23.77697927528408,26.176207609480453,2.3992283341963714,1.5318923210303588
BDI,2006,29.4,28.112339666864326,0.611428880730779,26.913939060632,29.310740273096652,2.3968012124646534,4.938289060706278
BDI,2007,30.097,29.39754617621615,0.6113718146494883,28.19925741950315,30.595834932929147,2.3965775134259943,2.1952022432656584
BDI,2008,28.945,29.195222559260117,0.611366556369067,27.996944108776745,30.39350100974349,2.3965569009667425,-0.4856836863188825
BDI,2009,30.219,29.82285706840139,0.6113660718626038,28.624579567550686,31.021134569252094,2.396555001701407,1.1265723476107787
BDI,2010,29.358,29.492084871241115,0.6113660272194881,28.293807457890917,30.690362284591313,2.396554826700393,-0.5190313295654363
BDI,2011,29.165,29.34880795259595,0.6113660231060085,28.150530547308175,30.547085357883727,2.3965548105755534,-0.35055093031392204
BDI,2012,29.905,29.821383146826413,0.6113660227269867,28.62310574228152,31.019660551371306,2.3965548090897877,0.6335909568657598
BDI,2013,30.862,30.48512516652726,0.6113660226920631,29.28684776205082,31.683402571003704,2.3965548089528874,1.149325285277932
BDI,2014,30.54,30.314168925737338,0.6113660226888453,29.1158915212672,31.512446330207474,2.3965548089402735,0.026875423550364985
BDI,2015,28.547,28.985120431146417,0.6113660226885487,27.786843026676863,30.18339783561597,2.396554808939111,-1.9848420181870274
BDI,2016,27.424,27.981497928724757,0.6113660226885225,26.783220524255253,29.17977533319426,2.396554808939008,-1.7254948799668277
BDI,2017,28.073,28.187427370622594,0.6113660226885703,26.989149966152997,29.38570477509219,2.3965548089391957,0.12522943233597417
BDI,2018,29.535,29.118184766703514,0.6113660226911152,27.91990736222893,30.3164621711781,2.3965548089491713,1.500013147198743
BDI,2019,29.397,29.353320487845558,0.6113660228196148,28.155043083119114,30.551597892572,2.39655480945289,0.31732603239420243
BDI,2020,29.914,29.67475051039617,0.6113660293077064,28.476473092953064,30.873027927839274,2.396554834886209,0.6133236912791595
BDI,2021,29.974,29.350682127869767,0.6113663568984776,28.15240406834875,30.548960187390783,2.396556119042032,0.24617319684498895
BDI,2022,24.552,26.001136226416442,0.6113828970874269,24.802825748125084,27.1994467047078,2.3966209565827135,-5.347274611618872
BDI,2023,24.255,24.938630349718856,0.6122174484705372,23.738684150716605,26.138576548721108,2.3998923980045057,-1.9201546620624939
BDI,2024,25.866,25.553909875975265,0.6529697992210326,24.27408906950204,26.83373068244849,2.559641612946448,1.0281408394033846
BEL,2000,66.576,66.66145077989904,0.6034386337554087,65.47871105773844,67.84419050205965,2.365479444321202,0.0
BEL,2001,66.614,67.03772516417084,0.5439851181010121,65.97151433269285,68.10393599564883,2.1324216629559674,0.038000000000010914
BEL,2002,70.461,69.47491335636599,0.53866256997506,68.41913471921487,70.53069199351711,2.111557274302235,3.85753536134996
BEL,2003,70.554,70.31106228155892,0.5381983193322377,69.25619357566774,71.3659309874501,2.1097374117823717,1.224745560955995
BEL,2004,71.13,70.99032099094636,0.5381579312199943,69.93553144575517,72.04511053613754,2.1095790903823777,0.9370322887232589
BEL,2005,71.917,71.77646799131834,0.5381544184080144,70.72168533123863,72.83125065139805,2.1095653201594162,1.063333448559547
BEL,2006,73.337,72.77205971298947,0.5381541128824354,71.7172776517399,73.82684177423904,2.1095641224991466,1.7335912360029653
BEL,2007,72.303,72.46324681372822,0.5381540863095025,71.40846480456159,73.51802882289485,2.10956401833325,-0.522739199269779
BEL,2008,72.558,72.49824472387233,0.5381540839983354,71.4434627192356,73.55302672850907,2.1095640092734746,0.10083670684107915
BEL,2009,72.27,72.32555932260595,0.5381540837973229,71.2707773183632,73.38034132684871,2.109564008485506,-0.2582618070624676
BEL,2010,72.159,72.20701616962108,0.5381540837798399,71.1522341654126,73.26179817382958,2.1095640084169722,-0.18716511589029494
BEL,2011,72.107,72.16570162538541,0.5381540837783193,71.1109196211799,73.22048362959092,2.1095640084110117,-0.10719768062917012
BEL,2012,72.315,72.32153335727912,0.5381540837781871,71.26675135307387,73.37631536148437,2.1095640084104934,0.1763858644731897
BEL,2013,72.77,72.65837787000564,0.5381540837781755,71.60359586580041,73.71315987421086,2.109564008410448,0.5070187245819966
BEL,2014,72.944,72.87644154740765,0.5381540837781745,71.82165954320243,73.93122355161287,2.109564008410444,0.3235271033805418
BEL,2015,73.136,73.03668487449154,0.5381540837781745,71.98190287028632,74.09146687869676,2.109564008410444,0.287412789090709
BEL,2016,72.988,72.95296305445615,0.5381540837781766,71.89818105025093,74.00774505866137,2.1095640084104526,-0.06323784084564466
BEL,2017,72.508,72.64410865737115,0.5381540837782717,71.58932665316574,73.69889066157656,2.109564008410825,-0.4986497474496332
BEL,2018,72.533,72.58111254822913,0.5381540837826054,71.52633054401522,73.63589455244303,2.1095640084278133,-0.12205897183392267
BEL,2019,72.53,72.65081245920487,0.5381540839802345,71.5960304546036,73.70559446380614,2.109564009202519,-0.03899694373217244
BEL,2020,73.353,73.2796721906117,0.5381540929924542,72.22489016834649,74.33445421287692,2.1095640445304205,0.8114992412424726
BEL,2021,74.368,74.23462534318739,0.5381545039649622,73.17984251541607,75.28940817095871,2.109565655542652,1.254322780511771
BEL,2022,76.311,75.59543537560629,0.5381732446822637,74.54061581602905,76.65025493518353,2.1096391191544734,2.312917801810542
BEL,2023,76.208,75.40298952690766,0.5390271611805093,74.34649629099387,76.45948276282145,2.1129864718275964,0.5791126765034846
BEL,2024,69.963,71.75437216274865,0.5766251161220304,70.62418693514947,72.88455739034784,2.260370455198359,-6.074211354827369
BEN,2000,35.45,34.89543375906558,0.5658195062865888,33.78642752674387,36.004439991387294,2.218012464643428,0.0
BEN,2001,32.448,33.087427917889904,0.5071396587353495,32.09343418676862,34.08142164901119,1.98798746224257,-3.0020000000000024
BEN,2002,31.363,32.03889261595526,0.5010279727586997,31.05687778934821,33.02090744256231,1.9640296532141028,-1.970900494344157
BEN,2003,32.381,32.279216020836984,0.5004102362227408,31.29841195784041,33.26002008383355,1.961608125993144,0.3969972792086658
BEN,2004,32.605,32.38502693698384,0.5003480161224652,31.40434482538381,33.365709048583874,1.9613642232000634,0.3498807623922815
BEN,2005,31.647,31.906425981571076,0.5003417513789443,30.925756148868345,32.887095814273806,1.9613396654054618,-0.846988772840426
BEN,2006,31.831,31.865460159947776,0.5003411206245684,30.884791563523624,32.84612875637193,1.9613371928483079,-0.08475228749997399
BEN,2007,31.889,31.898701889274953,0.5003410571184341,30.91803341732282,32.87937036122708,1.9613369439042618,0.031107651474798104
BEN,2008,32.008,31.984674503762548,0.5003410507244594,31.004006044342606,32.965342963182486,1.961336918839881,0.1288706285143988
BEN,2009,31.551,32.06183286005689,0.5003410500806962,31.081164401898725,33.04250131821505,1.961336916316329,-0.41610863974273826
BEN,2010,34.526,33.72571521099913,0.5003410500158803,32.745046752968,34.70638366903025,1.9613369160622505,2.842966435785634
BEN,2011,34.354,34.172891570214475,0.5003410500093544,33.19222311219614,35.15356002823281,1.9613369160366692,0.730088915861387
BEN,2012,34.3,34.39494563189886,0.5003410500086974,33.41427717388181,35.375614089915906,1.9613369160340939,0.17766123607559337
BEN,2013,35.209,35.05961481016424,0.5003410500086312,34.07894635214733,36.040283268181156,1.961336916033834,0.9653728891894104
BEN,2014,35.845,35.748945451895466,0.5003410500086246,34.76827699387856,36.72961390991237,1.9613369160338083,0.9423181373206759
BEN,2015,36.876,36.64039882663023,0.5003410500086269,35.659730368613324,37.62106728464714,1.9613369160338177,1.330002737512082
BEN,2016,37.949,37.45923438388543,0.5003410500087146,36.47856592586835,38.43990284190251,1.9613369160341614,1.4950171974460744
BEN,2017,37.302,37.3916404817964,0.5003410500112624,36.41097202377433,38.372308939818474,1.9613369160441485,-0.1726228051228773
BEN,2018,38.119,37.544791361471624,0.5003410500853506,36.56412290330434,38.52545981963891,1.9613369163345742,0.762225832715572
BEN,2019,35.442,36.08493753430922,0.500341052239777,35.104269071919255,37.06560599669918,1.9613369247799257,-2.4351415431179078
BEN,2020,35.545,35.51502472218672,0.5003411148888562,34.534356137004565,36.49569330736888,1.9613371703643165,-0.6696838302103814
BEN,2021,33.602,34.4499726710253,0.5003429366730188,33.46930051514618,35.43064482690442,1.9613443117582334,-2.155494369544691
BEN,2022,35.54,35.170443985118304,0.5003959098707484,34.189668001771636,36.15121996846497,1.9615519666933339,1.2540497589293267
BEN,2023,35.926,35.29501965028326,0.501933885154161,34.311229235381106,36.27881006518541,1.9675808298043111,0.7839168988112561
BEN,2024,32.658,33.61602746986488,0.5447613907179102,32.548295144057775,34.68375979567199,2.1354646516142077,-3.0192588483195237
BFA,2000,30.259,30.335925715906225,0.4983280404577683,29.359202756608997,31.31264867520345,1.9534459185944517,0.0
BFA,2001,30.125,30.537728038335185,0.44015835547894305,29.675017661596456,31.400438415073914,1.7254207534774568,-0.13400000000000034
BFA,2002,32.68,31.85786743277031,0.43234424979299957,31.01047270317603,32.70526216236459,1.6947894591885584,2.511125893725154
BFA,2003,32.769,32.126126962073286,0.4313251042004542,31.280729757840398,32.971524166306175,1.6907944084657804,0.9829031310070455
BFA,2004,30.249,31.03829300103188,0.4311927989779844,30.193155115035033,31.88343088702873,1.690275771993699,-2.1665155039399586
BFA,2005,31.284,31.0725880377662,0.4311756337561407,30.22748379560416,31.917692279928236,1.6902084843240714,0.2548235120041369
BFA,2006,30.318,30.622503529772665,0.4311734069268312,29.777403652196075,31.467603407349255,1.6901997551531782,-0.8742207278762777
BFA,2007,30.431,30.58348973617317,0.4311731180452155,29.73839042480455,31.42858904754179,1.6901986227372447,-0.2018732867520221
BFA,2008,30.748,30.883642458673663,0.4311730805692965,30.03854322075784,31.728741696589484,1.6901984758316422,0.24428988724903178
BFA,2009,32.053,31.725000073944578,0.43117307570763624,30.87990084555761,32.57009930233154,1.690198456773934,1.3929876289884824
BFA,2010,32.668,32.378591232028384,0.43117307507694486,31.533492004877573,33.223690459179195,1.6901984543016237,1.116722302071821
BFA,2011,33.204,32.80300989241639,0.4311730749951268,31.957910665425942,33.64810911940684,1.690198453980897,0.9382178489029798
BFA,2012,32.264,32.56574027392777,0.43117307498451274,31.72064104695813,33.41083950089742,1.6901984539392898,-0.6020753748763781
BFA,2013,32.99,32.88510648071385,0.43117307498313584,32.04000725374691,33.730205707680796,1.6901984539338926,0.5091462110738973
BFA,2014,32.946,33.18040475861237,0.4311730749829584,32.33530553164577,34.025503985578965,1.690198453933197,0.13938282812666358
BFA,2015,34.981,34.25117525242638,0.43117307498296253,33.406076025459775,35.09627447939298,1.690198453933213,2.0852025089419683
BFA,2016,34.142,34.33100143628459,0.4311730749835778,33.48590220931678,35.1761006632524,1.690198453935625,-0.0879577158969127
BFA,2017,34.987,34.92288641930538,0.43117307499759977,34.07778719231008,35.76798564630067,1.690198453990591,0.8133196411051529
BFA,2018,36.375,35.783790868532975,0.43117307531561677,34.938691640914364,36.628890096151586,1.6901984552372178,1.6809391454029452
BFA,2019,36.032,35.8373157196135,0.4311730825280056,34.992216477858605,36.682414961368394,1.690198483509782,0.26243586044422784
BFA,2020,35.391,35.460483048758086,0.43117324609956226,34.61538348640294,36.30558261111323,1.690199124710284,-0.5464766013308662
BFA,2021,35.154,34.98137502750231,0.43117695576356296,34.136268194205726,35.82648186079889,1.6902136665931669,-0.43382838147009295
BFA,2022,33.331,33.74403823801108,0.43126107960246285,32.898766521990254,34.589309954031904,1.6905434320416544,-1.97925506737635
BFA,2023,31.954,32.61594223403636,0.4331645585812834,31.766939699217044,33.46494476885567,1.6980050696386308,-2.089882437197545
BFA,2024,32.031,32.27438174049307,0.474287192254904,31.344778843673456,33.20398463731268,1.8592057936392237,-0.6757278872958139
BGD,2000,35.27,35.46138695153316,0.694331132220633,34.10049793238072,36.822275970685595,2.7217780383048815,0.0
BGD,2001,36.27,35.64583899457826,0.5887984027126031,34.49179412526156,36.79988386389496,2.308089738633404,1.0
BGD,2002,35.681,35.356483850268155,0.5560145549377147,34.26669532259024,36.44627237794607,2.1795770553558413,-0.14929139516298306
BGD,2003,33.306,34.619833709658124,0.5459025516423941,33.54986470843903,35.68980271087722,2.1399380024381847,-2.452653384467439
BGD,2004,34.351,34.58597094296231,0.5428035804219533,33.52207592533529,35.64986596058934,2.127790035254057,-0.2864458213665628
BGD,2005,34.205,34.737280652827145,0.5418561863231749,33.67524252763372,35.79931877802057,2.1240762503868456,-0.3034410287400675
BGD,2006,36.349,35.452645584959974,0.5415667876207575,34.39117468122329,36.51411648869666,2.1229418074733695,1.9765942228131692
BGD,2007,35.934,35.83618592579815,0.5414784075349748,34.774888247029594,36.8974836045667,2.1225953575371013,0.6767075310722248
BGD,2008,36.441,36.37843580420429,0.541451419015044,35.3171910229348,37.43968058547377,2.1224895625389726,0.8808867019204243
BGD,2009,37.511,37.21170948826456,0.5414431777560073,36.15048085986279,38.27293811666633,2.1224572568035485,1.5567488293889937
BGD,2010,39.218,38.31368100984786,0.5414406612095102,37.25245731387722,39.3749047058185,2.12244739194128,2.5672355961294784
BGD,2011,40.389,39.32405081840403,0.5414398927599205,38.26282862859459,40.385273008213474,2.1224443796188885,2.589629093835974
BGD,2012,40.941,40.043181101502526,0.5414396581075963,38.98195937161164,41.104402831393415,2.1224434597817776,1.983007821066039
BGD,2013,41.195,40.4321097337489,0.5414395864577392,39.37088814429173,41.49333132320607,2.1224431789143376,1.3497948813368765
BGD,2014,40.627,40.398705383393406,0.5414395646072659,39.33748383676316,41.45992693002365,2.1224430932604825,0.17788648649483463
BGD,2015,39.849,40.14332520987315,0.5414395581848148,39.08210367583091,41.20454674391539,2.122443068084474,-0.6797012587646947
BGD,2016,39.354,39.983663076622626,0.5414395584188063,38.92244154212177,41.044884611123486,2.122443069001721,-0.8705978389091342
BGD,2017,40.792,40.27554676163559,0.5414395777820625,39.214325189182745,41.33676833408843,2.122443144905685,0.9569141328694712
BGD,2018,39.778,40.29977008493413,0.5414397532390612,39.238548168585574,41.36099200128269,2.1224438326971202,-0.4852163918537613
BGD,2019,41.082,40.79805842530722,0.5414412968384478,39.73683348350386,41.85928336711058,2.1224498836067154,1.03587304294728
BGD,2020,41.883,41.36477316707638,0.541454862926558,40.303521635740324,42.426024698412434,2.122503062672107,1.3734157131221068
BGD,2021,42.535,41.837658845801656,0.5415740728079127,40.77617366309815,42.89914402850516,2.1229703654070176,1.4109392737334119
BGD,2022,41.943,41.999404812396094,0.542620611722152,40.93586841342068,43.06294121137151,2.127072797950836,0.18767451331807905
BGD,2023,42.342,42.31394956986757,0.5517326480142132,41.23255357975971,43.395345559975425,2.1627919802157156,0.5027075355109005
BGD,2024,43.719,42.80457405087774,0.6261350224661354,41.577349406844114,44.031798694911366,2.454449288067251,1.6547924325949097
BGR,2000,51.179,51.698372442914945,0.6385205682092066,50.4468721292249,52.94987275660499,2.5030006273800898,0.0
BGR,2001,52.645,52.46491616761384,0.5558269910624504,51.37549526513144,53.554337070096246,2.1788418049648053,1.466000000000001
BGR,2002,54.12,53.26525878172881,0.5397553798603277,52.20733823720257,54.32317932625505,2.1158410890524846,2.0253087212756924
BGR,2003,53.643,53.26173683020949,0.5367339245438173,52.20973833810361,54.313735322315374,2.1039969842117636,0.3762317540107887
BGR,2004,52.28,52.741806231864565,0.5361703369281232,51.690912371485446,53.792700092243685,2.101787720758243,-1.2013736720273371
BGR,2005,51.845,52.608542569146756,0.5360653725711167,51.55785443890737,53.65923069938614,2.101376260478778,-0.9529496007662246
BGR,2006,54.249,53.44548733682273,0.5360458292930846,52.394837511408284,54.496137162237176,2.1012996508288917,1.9928810286349403
BGR,2007,53.87,53.57933774585279,0.5360421907318316,52.5286950520184,54.62998043968718,2.1012853876687796,0.4808695756491588
BGR,2008,53.172,53.38178630274756,0.5360415133124242,52.33114493665521,54.43242766883991,2.101282732184703,-0.4905141459167197
BGR,2009,53.561,53.3773641052297,0.5360413871921892,52.32672298633301,54.428005224126395,2.1012822377933817,0.17735179602053108
BGR,2010,52.883,53.122963280318565,0.5360413637114505,52.072322207444124,54.17360435319301,2.1012821457488857,-0.6014757665639081
BGR,2011,52.979,53.07649884897502,0.536041359339869,52.02585778466888,54.12713991328116,2.1012821286122865,-0.16352643179661186
BGR,2012,53.202,53.14048405166341,0.5360413585259942,52.089842988952455,54.19112511437436,2.101282125421897,0.15244115976102535
BGR,2013,52.886,53.15060147272207,0.5360413583746391,52.09996041030778,54.201242535136366,2.101282124828585,-0.2502242634750189
BGR,2014,53.408,53.52262284134112,0.5360413583483971,52.47198177897826,54.573263903703975,2.1012821247257163,0.4140325372225888
BGR,2015,54.529,54.21917008302201,0.5360413583655743,53.168529020625485,55.26981114541853,2.1012821247930513,1.2996479134292542
BGR,2016,54.404,54.81519131455179,0.5360413586200976,53.764550251656395,55.865832377447184,2.1012821257907826,0.4357757049531088
BGR,2017,57.223,56.23840092293353,0.5360413615304052,55.18775985433393,57.289041991533125,2.1012821371991883,3.007029716066114
BGR,2018,57.467,56.98152798386072,0.5360413946846219,55.93088685027887,58.03216911744258,2.1012822671637177,1.5414815651454958
BGR,2019,57.392,57.40821639483485,0.5360417723543882,56.357574521020254,58.45885826864945,2.1012837476292017,0.59012276320464
BGR,2020,58.329,58.05149835959479,0.5360460744841801,57.00084805360579,59.10214866558378,2.101300611977986,1.1916278150628372
BGR,2021,58.686,58.6136018948469,0.5360950788860603,57.562855540230224,59.66434824946358,2.1014927092333564,0.8711668917664426
BGR,2022,60.137,59.3344337202739,0.5366529867676756,58.282593866209254,60.386273574338546,2.103679708129288,1.8268935191738223
BGR,2023,60.256,59.300486016302614,0.5429678240893372,58.236269081087514,60.364702951517714,2.128433870430202,0.9072731088249455
BGR,2024,56.516,57.9608318816139,0.6103078765744159,56.764628443528046,59.15703531969975,2.39240687617171,-3.3485272696297415
BHR,2000,42.638,42.82867418035893,0.4409086852359449,41.96449315729648,43.69285520342138,1.728362046124904,0.0
BHR,2001,44.732,44.493398049223515,0.4115343703934866,43.68679068325228,45.30000541519475,1.6132147319424675,2.094000000000001
BHR,2002,46.733,46.35705252183921,0.4102451163461711,45.55297209380071,47.161132949877704,1.6081608560769907,2.4231097498137544
BHR,2003,48.048,47.642194603385455,0.4101896779194776,46.83822283466328,48.44616637210763,1.607943537444352,1.816629192671158
BHR,2004,47.314,47.342449932091775,0.41018729630647405,46.53848283133109,48.14641703285246,1.6079342015213782,-0.3574997985636159
BHR,2005,46.797,46.87555702115236,0.41018719399750064,46.07159012091726,47.679523921387464,1.6079338004702024,-0.5910961643953243
BHR,2006,46.351,46.42596188831937,0.4101871896025349,45.621994996698405,47.22992877994034,1.607933783241937,-0.5685120957508474
BHR,2007,45.856,45.98747172322714,0.41018718941373694,45.183504831976215,46.79143861447806,1.6079337825018487,-0.6128312747075242
BHR,2008,46.119,46.03303711246382,0.4101871894056266,45.229070221228795,46.83700400369885,1.6079337824700561,0.13598301813460978
BHR,2009,45.211,45.44204682396412,0.41018718940527815,44.638079932729774,46.246013715198465,1.6079337824686903,-0.8798158108698146
BHR,2010,46.166,45.94011354760805,0.4101871894052633,45.13614665637373,46.74408043884237,1.607933782468632,0.7726471183415669
BHR,2011,45.13,45.267633391038444,0.4101871894052626,44.46366649980413,46.07160028227276,1.6079337824686295,-0.8758591764389578
BHR,2012,44.629,44.81860742502884,0.4101871894052625,44.01464053379452,45.622574316263155,1.607933782468629,-0.6825328194577196
BHR,2013,45.513,45.3110482596667,0.4101871894052625,44.50708136843238,46.115015150901016,1.607933782468629,0.7425364971657373
BHR,2014,44.877,44.81955050276006,0.4101871894052625,44.01558361152574,45.623517393994376,1.607933782468629,-0.4820999810165816
BHR,2015,42.725,43.20988114706179,0.4101871894052625,42.405914255827476,44.01384803829611,1.607933782468629,-2.2519212786355425
BHR,2016,43.364,43.395448573425114,0.4101871894052625,42.591481682190796,44.19941546465943,1.607933782468629,0.17226101968855545
BHR,2017,44.151,44.08231212292782,0.41018718940526255,43.2783452316935,44.886279014162135,1.6079337824686293,0.8227032607843086
BHR,2018,45.346,45.12385840105674,0.4101871894052671,44.31989150982241,45.92782529229106,1.607933782468647,1.3655155880360113
BHR,2019,45.819,45.74655673783036,0.4101871894058359,44.94258984659492,46.5505236290658,1.6079337824708766,0.7560202632773638
BHR,2020,46.642,46.60832383008271,0.410187189477548,45.80435693870672,47.4122907214587,1.6079337827519882,0.9796946989331161
BHR,2021,49.197,48.34080789103378,0.41018719851898505,47.53684098193657,49.144774800130996,1.6079338181944214,2.75805403618444
BHR,2022,44.726,45.43027619862595,0.41018833845771496,44.62630705524882,46.23424534200307,1.6079382867542427,-3.8993586461456786
BHR,2023,43.88,44.36738132044387,0.41033203605122565,43.563130529783464,45.17163211110427,1.6085015813208046,-1.6541910747223696
BHR,2024,46.27,45.84570283083867,0.42806309889600896,45.006699157002494,46.68470650467484,1.6780073476723552,2.047148114909234
BHS,2000,57.429,57.61327506652292,0.8602986800642601,55.927089653596965,59.29946047944887,3.3723708258519,0.0
BHS,2001,59.057,58.69266398916474,0.7846856827465205,57.15468005098156,60.230647927347924,3.0759678763663603,1.6280000000000001
BHS,2002,59.189,59.006165510054245,0.7793303266843493,57.478678069752924,60.53365295035557,3.054974880602649,0.5397755213158106
BHS,2003,58.728,58.702221338964655,0.7789599275967249,57.175459880875074,60.228982797054236,3.053522916179162,-0.31963954878137457
BHS,2004,57.441,57.897137210957254,0.778934356390618,56.370425872431646,59.42384854948286,3.0534226770512225,-1.3709605060020564
BHS,2005,58.938,58.601106435468985,0.7789325912601343,57.07439855659912,60.12781431433885,3.0534157577397263,1.1368121659844803
BHS,2006,58.331,58.32070051878954,0.7789324694176989,56.793992878730855,59.84740815884823,3.0534152801173797,-0.3083249194649085
BHS,2007,57.554,57.650796443535164,0.7789324610072329,56.12408881996099,59.17750406710934,3.053415247148353,-0.8580063996309093
BHS,2008,56.641,56.707061922681305,0.7789324604266803,55.180354300245014,58.233769545117596,3.053415244872587,-1.1384245752447626
BHS,2009,54.446,54.99728696531004,0.7789324603866062,53.47057934295229,56.52399458766779,3.0534152447154965,-2.494099024942514
BHS,2010,53.87,54.234325731673174,0.77893246038384,52.70761810932085,55.7610333540255,3.0534152447046528,-1.2312762501205157
BHS,2011,54.641,54.5339049057903,0.7789324603836492,53.00719728343835,56.06061252814225,3.0534152447039045,0.44750599435280947
BHS,2012,54.201,54.610784436773166,0.778932460383636,53.08407681442124,56.137492059125094,3.053415244703853,-0.32242646063352964
BHS,2013,57.973,56.99582047507841,0.7789324603836352,55.46911285272648,58.52252809743034,3.05341524470385,3.687288687435533
BHS,2014,56.898,56.934074535131266,0.7789324603836351,55.40736691277934,58.460782157483195,3.0534152447038494,-0.10623625801981973
BHS,2015,56.955,56.99396593167666,0.7789324603836351,55.467258309324734,58.52067355402859,3.0534152447038494,0.02908847921130331
BHS,2016,58.064,57.33592786526779,0.7789324603836352,55.80922024291586,58.86263548761972,3.05341524470385,1.1166424349591324
BHS,2017,52.881,54.14659777767727,0.7789324603836411,52.619890155325336,55.67330540002921,3.053415244703873,-4.889623810760739
BHS,2018,54.071,54.006783572182016,0.7789324603840494,52.48007594982928,55.533491194534754,3.0534152447054734,-0.09465402666435097
BHS,2019,52.928,53.353174337659645,0.778932460412436,51.82646671525127,54.87988196006802,3.0534152448167493,-1.167868513652678
BHS,2020,54.515,54.22142188484794,0.7789324623854242,52.69471425857251,55.74812951112337,3.053415252550863,1.2801651499698963
BHS,2021,54.183,54.5351523428408,0.7789325995165016,53.00844444778846,56.06186023789314,3.0534157901046863,0.004338617929043664
BHS,2022,57.778,57.12722975437436,0.7789421306517306,55.60050317829697,58.653956330451756,3.0534531521547836,3.5961398878949424
BHS,2023,59.021,59.28462157759459,0.7796042996716012,57.75659715023826,60.81264600495093,3.0560488547126763,2.1878161589170944
BHS,2024,67.927,65.43610161377019,0.8243256235797903,63.8204233915538,67.05177983598658,3.231356444432778,9.480806354625656
BIH,2000,30.13,30.59950929896422,1.1468202482842806,28.351741612327032,32.84727698560141,4.49553537327438,0.0
BIH,2001,30.765,30.979495489306615,0.9521057448934118,29.113368229315526,32.8456227492977,3.7322545199821744,0.6350000000000016
BIH,2002,32.698,31.71651884786822,0.8710188947987568,30.009321814062655,33.42371588167378,3.4143940676111266,2.238114109120076
BIH,2003,32.751,32.33487675007963,0.8357942557074818,30.696720008892967,33.97303349126629,3.2763134823733284,1.377160389381178
BIH,2004,33.453,33.25118601783398,0.8203396792745002,31.64332024645596,34.859051789212,3.215731542756041,1.5741353486678804
BIH,2005,37.64,34.98410124041894,0.813543035081222,33.389556891659744,36.57864558917813,3.1890886975183905,5.210879027554036
BIH,2006,40.077,36.64574105156474,0.8105521556376133,35.05705882651502,38.234423276614464,3.1773644500994442,5.864602354326244
BIH,2007,39.384,37.61307089844207,0.8092357693447642,36.02696879052633,39.1991730063578,3.1722042158314756,3.1833203206521077
BIH,2008,39.251,38.34985879149416,0.8086563464597339,36.76489235243308,39.934825230555234,3.169932878122157,1.9755230132531665
BIH,2009,40.386,39.24321627284918,0.8084013003228095,37.65874972421648,40.827682821481886,3.1689330972654135,2.44473108839383
BIH,2010,41.734,40.290664639434986,0.8082890348179113,38.70641813119188,41.87491114767809,3.168493016486212,2.969465846549845
BIH,2011,43.309,41.44318191150703,0.8082396178796083,39.859032260463,43.02733156255106,3.1682993020880645,3.54484816245607
BIH,2012,44.764,42.50697602459954,0.8082178655304024,40.92286900815995,44.09108304103913,3.1682140328791775,3.806723443371041
BIH,2013,44.336,43.09488851582292,0.8082082905735807,41.5108002662987,44.678976765347144,3.1681764990484362,2.097544276594661
BIH,2014,44.039,43.42443502391819,0.8082040758729279,41.84035503520725,45.00851501262913,3.1681599774218774,1.0946224332676522
BIH,2015,44.439,43.668943193527305,0.8082022207369677,42.084866840882846,45.253019546171764,3.168152705288913,1.126235616514606
BIH,2016,43.002,43.6189227470532,0.8082014050945636,42.03484799306786,45.20299750103854,3.168149507970689,-0.6897881674186905
BIH,2017,44.589,43.96766709532986,0.8082010557553825,42.38359302604931,45.551741164610405,3.1681481385610994,1.129352822481188
BIH,2018,44.867,44.247819016399234,0.8082010005713661,42.66374505527936,45.83189297751911,3.168147922239755,1.0272813764851065
BIH,2019,44.269,44.38440470007631,0.8082019792538735,42.80032882073872,45.9684805794139,3.168151758675184,0.08356114058216235
BIH,2020,45.345,44.758480158922474,0.8082126135808345,43.17438343630404,46.34257688154091,3.1681934452368714,1.1314395649581215
BIH,2021,45.72,45.11789002585442,0.808321090802136,43.533580687882235,46.70219936382661,3.168618675944373,1.125666157545318
BIH,2022,46.345,45.43477725419036,0.8094239733094798,43.848306266503776,47.02124824187694,3.1729419753731607,1.3718357422685656
BIH,2023,45.527,45.43463921541724,0.8205598042006421,43.82634199918398,47.0429364316505,3.216594432466517,0.09215970203472779
BIH,2024,45.17,45.366288706697105,0.9262706612159777,43.550798210713786,47.181779202680424,3.6309809919666325,-0.2958556190013013
BLR,2000,39.944,39.64392357182492,0.807379601077528,38.061459553712965,41.22638758993688,3.16492803622391,0.0
BLR,2001,37.608,38.38494665710615,0.7278209193978934,36.95841765508628,39.81147565912602,2.853058004039742,-2.3360000000000056
BLR,2002,39.381,39.063111549437515,0.7206240413232295,37.650688428443985,40.475534670431045,2.8248462419870597,1.1226892216547029
BLR,2003,39.278,39.13450108053016,0.7199902379431533,37.723320214161575,40.54568194689874,2.822361732737161,0.22791688093087714
BLR,2004,38.53,38.717245711633716,0.7199345717849475,37.30617395093522,40.12831747233221,2.822143521396994,-0.6804949738215953
BLR,2005,38.796,38.638218919162924,0.719929683870515,37.22715673877671,40.049281099549134,2.8221243607724187,0.06436385972084935
BLR,2006,37.805,37.87647049060458,0.7199292546833095,36.4654091514253,39.287531829783866,2.822122678358573,-0.9719277614183284
BLR,2007,36.409,36.6873429329584,0.7199292169982562,35.27628166764182,38.098404198274984,2.8221225306331643,-1.6840016628669474
BLR,2008,34.781,35.475537410181765,0.719929213689297,34.064476151350746,36.886598669012784,2.822122517662044,-2.1270035652513926
BLR,2009,35.967,35.82845405578807,0.7199292133987516,34.41739279752652,37.239515314049626,2.8221225165231063,0.5557260445373515
BLR,2010,35.868,35.97193538160568,0.7199292133732403,34.56087412339413,37.382996639817236,2.8221225164231023,0.06567280955233201
BLR,2011,36.987,36.64958874064054,0.719929213371,35.238527482433376,38.0606499988477,2.82212251641432,1.1384601749703478
BLR,2012,36.522,36.649244954467626,0.7199292133708035,35.238183696260855,38.0603062126744,2.8221225164135495,-0.12765134150509994
BLR,2013,37.18,37.140310323113546,0.7199292133707862,35.7292490649068,38.55137158132029,2.822122516413482,0.6201743388493952
BLR,2014,38.408,37.931559293780204,0.7199292133707847,36.52049803557347,39.34262055198694,2.8221225164134762,1.4117701360520556
BLR,2015,37.172,37.61246419467448,0.7199292133707849,36.201402936467744,39.023525452881216,2.8221225164134767,-0.8176641003594938
BLR,2016,38.234,38.70077880870824,0.7199292133707901,37.28971755050149,40.11184006691499,2.822122516413497,0.8197096736270524
BLR,2017,44.251,42.59811393482394,0.7199292133710194,41.187052676616744,44.00917519303114,2.8221225164143964,6.259896470894148
BLR,2018,44.155,43.707699917675576,0.7199292133806834,42.296638659449435,45.11876117590172,2.822122516452279,1.7589332890205043
BLR,2019,44.302,44.11357752334538,0.7199292137879468,42.702516264321,45.524638782369756,2.8221225180487517,0.6682073276516007
BLR,2020,44.512,44.16619255938649,0.7199292309509984,42.75513126672253,45.57725385205045,2.8221225853279135,0.40800327717741425
BLR,2021,43.022,42.93106245645579,0.7199299542424203,41.51999974614065,44.342125166770934,2.8221254206302877,-1.3691004189310902
BLR,2022,39.295,40.203713998216045,0.7199604348018791,38.79259154600436,41.61483645042773,2.822244904423366,-4.132692003836674
BLR,2023,36.881,38.46895886502453,0.7212437870406532,37.05532104242485,39.882596687624215,2.8272756451993604,-3.6385998007840072
BLR,2024,42.662,41.26846286511024,0.7733938126652956,39.75261099228626,42.78431473793422,3.0317037456479587,4.702809661345157
BLZ,2000,41.915,41.951315796365016,0.6877941954884885,40.60323917320758,43.299392419522455,2.696153246314875,0.0
BLZ,2001,42.523,42.29824296968144,0.6469937428075476,41.030135233778644,43.566350705584235,2.5362154718055865,0.6080000000000041
BLZ,2002,40.688,41.07448507169257,0.6454989846378937,39.8093070618023,42.33966308158284,2.5303560197805433,-1.7223620900312966
BLZ,2003,41.886,41.736882377669986,0.6454452747588879,40.47180963914256,43.00195511619741,2.5301454770548406,0.8718994835449578
BLZ,2004,41.972,41.913409383510384,0.6454433462778534,40.64834042480579,43.17847834221498,2.5301379174091854,0.25120703429912083
BLZ,2005,41.806,41.792822451066,0.6454432770365905,40.52775362807429,43.05789127405772,2.530137645983435,-0.11840011133277528
BLZ,2006,41.397,41.40209192845723,0.6454432745505158,40.13702311033822,42.66716074657624,2.5301376362380217,-0.4314350314733062
BLZ,2007,40.329,40.561018003022504,0.6454432744612544,39.29594918507844,41.826086820966566,2.530137635888117,-1.1497504202179556
BLZ,2008,40.715,40.71635168970273,0.6454432744580494,39.45128287176496,41.98142050764051,2.5301376358755534,0.16813966585400664
BLZ,2009,41.198,41.08073955735099,0.6454432744579345,39.815670739413434,42.34580837528854,2.530137635875103,0.5148599264185449
BLZ,2010,40.967,40.86457222759603,0.6454432744579304,39.59950340965848,42.129641045533575,2.530137635875087,-0.13344182246786573
BLZ,2011,39.181,39.463343786647954,0.64544327445793,38.19827496871041,40.7284126045855,2.5301376358750858,-1.8112852093133185
BLZ,2012,38.788,38.79552502130604,0.6454432744579301,37.530456203368495,40.06059383924359,2.530137635875086,-0.7362111821961577
BLZ,2013,36.968,37.34752539668082,0.6454432744579301,36.082456578743276,38.61259421461837,2.530137635875086,-1.9595008963184526
BLZ,2014,37.447,37.43781788584844,0.6454432744579301,36.17274906791089,38.702886703785985,2.530137635875086,0.10770418436484164
BLZ,2015,37.584,37.56098839471358,0.6454432744579301,36.295919576776036,38.82605721265113,2.530137635875086,0.1574083157380528
BLZ,2016,37.227,37.635759345523056,0.6454432744579301,36.37069052758551,38.9008281634606,2.530137635875086,-0.3271735022987201
BLZ,2017,42.315,41.44035968750642,0.6454432744579303,40.175290869568876,42.70542850544397,2.5301376358750867,5.026005564264629
BLZ,2018,42.635,42.29299029157341,0.6454432744579334,41.027921473635864,43.55805910951096,2.5301376358750987,1.2723521213369153
BLZ,2019,40.734,41.18574609443482,0.645443274458376,39.920677276496406,42.45081491237323,2.5301376358768337,-1.6599084957529158
BLZ,2020,43.06,42.69126636095962,0.6454432745218192,41.42619754289685,43.95633517902238,2.530137636125531,2.011472418018151
BLZ,2021,42.766,42.82742509273922,0.6454432836145981,41.562356256854606,44.09249392862383,2.5301376717692245,0.08714363380943979
BLZ,2022,43.797,43.68253185501816,0.6454445868047727,42.417460464880804,44.94760324515552,2.530142780274709,1.0475124020374125
BLZ,2023,45.653,44.60436996930846,0.6456313348824667,43.33893255293882,45.869807385678094,2.5308748327392694,2.054487774327214
BLZ,2024,35.525,37.37033757959583,0.6718597377293449,36.05349249364631,38.68718266554534,2.633690171899032,-9.738705606047702
BOL,2000,43.672,43.64733682423333,0.6638704346480225,42.346150772323206,44.94852287614345,2.6023721038202483,0.0
BOL,2001,44.543,43.61202741600064,0.5664206643862202,42.50184291380365,44.72221191819764,2.220369004393983,0.8710000000000022
BOL,2002,41.527,42.34041099490086,0.5423837429389583,41.2773388587405,43.403483131061215,2.1261442723207167,-2.659283901832822
BOL,2003,40.473,41.246975135567816,0.5365432103702659,40.19535044324209,42.29859982789354,2.103249384651442,-2.3090234233524214
BOL,2004,40.325,40.35925547087884,0.5351333084574872,39.31039418630217,41.40811675545552,2.09772256915335,-1.2707823540169727
BOL,2005,37.525,38.85277494549156,0.534793562231675,37.80457956351748,39.90097032746564,2.0963907639481656,-3.422261158580426
BOL,2006,37.054,37.95257960507167,0.5347117290468104,36.90454461613992,39.000614594003416,2.096069977863497,-2.1495731753076086
BOL,2007,37.302,37.55164363284206,0.5346920203470745,36.50364727296179,38.599639992722324,2.095992719760532,-0.8067604072560002
BOL,2008,36.817,37.176143743212904,0.5346872738269658,36.12815668651205,38.22413079991376,2.095974113401706,-0.8809024224488979
BOL,2009,37.122,36.98833016548101,0.5346861307117996,35.940345349285884,38.036314981676135,2.0959696323902546,-0.12729628177864782
BOL,2010,36.056,36.484753213156885,0.5346858554132013,35.43676893654701,37.53273748976676,2.095968553219749,-1.1284700494678788
BOL,2011,36.139,36.163723234454324,0.5346857891125406,35.11573908779374,37.211707381114906,2.095968293321159,-0.47079209854916115
BOL,2012,35.44,35.6340184888443,0.5346857731452372,34.586034373479634,36.68200260420896,2.09596823072933,-0.9300393874980699
BOL,2013,34.005,34.960335146164745,0.5346857692998509,33.912351038337036,36.008319253992454,2.0959682156554154,-1.8914132404321151
BOL,2014,35.041,35.02999339524833,0.5346857683743673,33.982009289234576,36.07797750126209,2.09596821202752,0.10779623363060864
BOL,2015,34.993,35.13755377290619,0.5346857681592162,34.08956966731412,36.18553787849825,2.0959682111841276,0.004900586911460891
BOL,2016,35.956,35.51486178496616,0.5346857682058392,34.46687767928271,36.562845890649605,2.09596821136689,0.9654049441745727
BOL,2017,35.999,35.59863882993357,0.5346857694698544,34.55065472177266,36.64662293809448,2.095968216321829,0.5167687626304414
BOL,2018,34.639,35.22184386814677,0.5346857857180414,34.17385972813941,36.26982800815413,2.095968280014722,-1.106397717630962
BOL,2019,35.251,35.32424230613001,0.5346859925417865,34.27625776074811,36.37222685151191,2.095969090763803,0.069039576124581
BOL,2020,35.523,35.59927496280488,0.5346886247163135,34.551285258360906,36.64726466724885,2.095979408887949,0.3058809064042478
BOL,2021,36.52,36.180504957409916,0.5347221223346174,35.132449597634064,37.22856031718577,2.0961107195517,1.1471098781666171
BOL,2022,37.398,36.75418635483453,0.5351482514457316,35.705295782000896,37.803076927668165,2.097781145667268,1.4409397600508598
BOL,2023,37.566,36.916761927706965,0.5405421029074843,35.857299406008295,37.976224449405635,2.118925043397338,0.875135644291781
BOL,2024,35.597,36.35251869471463,0.6050018210149901,35.16671512552525,37.538322263904014,2.3716071383787614,-1.539530549002869
BRA,2000,55.519,55.82598066053059,0.3822878032095385,55.076696566239896,56.57526475482128,1.4985681885813908,0.0
BRA,2001,55.679,56.13533577950248,0.3332127603119693,55.48223876929102,56.788432789713944,1.3061940204229197,0.1600000000000037
BRA,2002,57.601,56.922482291761824,0.3222328803119387,56.29090584635043,57.55405873717322,1.2631528908227996,1.9848015425558856
BRA,2003,57.493,57.26693777083653,0.3198763404798728,56.639980143495976,57.89389539817708,1.2539152546811012,0.7776151117484744
BRA,2004,57.312,57.4865459063858,0.31937602505551155,56.860568897277,58.1125229154946,1.2519540182176052,0.17448651884460276
BRA,2005,58.492,57.920585257478834,0.3192700585923721,57.29481594263778,58.546354572319885,1.2515386296820987,1.260167814573144
BRA,2006,58.055,57.9345397785934,0.3192476265073395,57.30881443063901,58.56026512654778,1.2514506959087708,0.14259651635909165
BRA,2007,57.798,57.84095434455211,0.3192428783678276,57.215238302951164,58.466670386153055,1.2514320832018841,-0.1914000661014441
BRA,2008,57.598,57.76401356419276,0.3192418733650378,57.13829949239729,58.38972763598823,1.251428143590948,-0.28805562784378225
BRA,2009,57.824,57.821145125290926,0.31924166064474135,57.19543147042723,58.44685878015462,1.251427309727386,0.09347563000832793
BRA,2010,57.715,57.88964011709734,0.31924161562015013,57.26392655048185,58.51535368371284,1.2514271332309885,-0.06599502444529293
BRA,2011,58.198,58.135774640062486,0.31924160609047825,57.51006109212515,58.761488187999824,1.2514270958746747,0.45263790791205594
BRA,2012,58.448,58.38487778087622,0.3192416040754992,57.75916423688824,59.010591324864194,1.2514270879759568,0.4582435041590358
BRA,2013,58.571,58.636850530478824,0.3192416036642517,58.011136987296894,59.262564073660755,1.2514270863638666,0.33382245502231456
BRA,2014,59.135,59.01119415820943,0.319241603688837,58.38548061497931,59.63690770143955,1.2514270864602408,0.7175805072413155
BRA,2015,59.482,59.363185821649154,0.31924160451143124,58.73747227680675,59.98889936649156,1.2514270896848105,0.6771347070270295
BRA,2016,59.957,59.69194878780732,0.3192416106707166,59.066235230892715,60.317662344721924,1.251427113829209,0.7865269519014859
BRA,2017,59.86,59.85709293209888,0.3192416557996044,59.23137928673165,60.48280657746611,1.2514272907344492,0.2648546522299853
BRA,2018,60.181,60.06000772831966,0.3192419862525266,59.434293435264706,60.685722021374616,1.2514285861099042,0.44285073612963544
BRA,2019,59.887,60.20117449187783,0.3192444059171302,59.57545545628025,60.826893527475406,1.2514380711951505,-0.09025923978035877
BRA,2020,61.1,60.66630699385375,0.3192621228563557,60.04055323305529,61.29206075465221,1.2515075215969143,1.1714747531630607
BRA,2021,60.99,60.845883284035025,0.31939182156530327,60.219875313767034,61.47189125430302,1.2520159405359887,0.4289562155267461
BRA,2022,60.73,60.93669507656467,0.32033991375808857,60.30882884559881,61.564561307530525,1.2557324619317072,-0.06265164236553744
BRA,2023,62.136,61.240138634836846,0.3271984302823864,60.59882971148337,61.881447558190324,1.2826178467069547,1.3771760821352004
BRA,2024,60.188,60.792714778291774,0.37360171365536554,60.06045541952726,61.52497413705629,1.4645187175290328,-1.3144075070013557
BRB,2000,53.302,53.57207463456532,0.7390904617419519,52.123457329551094,55.02069193957954,2.8972346100284514,0.0
BRB,2001,56.747,56.157381921429796,0.6944778915577263,54.79620525397665,57.51855858888294,2.722353334906287,3.4450000000000003
BRB,2002,56.989,56.773331178588975,0.6928020186558931,55.41543922202342,58.13122313515453,2.715783913131101,0.8878017298991878
BRB,2003,56.119,56.27216465633814,0.6927402775767916,54.91439371228763,57.629935600388656,2.715541888101023,-0.6998063086913007
BRB,2004,56.544,56.48050609794354,0.6927380047023036,55.122739608727024,57.838272587160056,2.71553297843303,0.2907362978890973
BRB,2005,56.296,56.395497236208605,0.6927379210333295,55.03773091098328,57.75326356143393,2.7155326504506516,-0.19221813628865903
BRB,2006,57.282,57.08572176402413,0.6927379179533134,55.72795544483564,58.44348808321262,2.7155326383769887,0.9491201959522613
BRB,2007,56.867,56.92946230488341,0.6927379178399321,55.57169598591714,58.28722862384968,2.715532637932534,-0.23289768156067936
BRB,2008,57.237,57.125422079403506,0.6927379178357583,55.76765576044542,58.48318839836159,2.715532637916173,0.3253152403504487
BRB,2009,56.569,56.583520391188024,0.6927379178356047,55.22575407223024,57.94128671014581,2.71553263791557,-0.605583606548656
BRB,2010,55.092,55.46282946312459,0.6927379178355989,54.10506314416682,56.820595782082364,2.7155326379155476,-1.5931898981842494
BRB,2011,56.243,56.181004770950764,0.6927379178355988,54.82323845199299,57.538771089908536,2.715532637915547,0.84532367379758
BRB,2012,57.637,57.28541194444853,0.6927379178355988,55.92764562549076,58.643178263406305,2.715532637915547,1.5561874676414078
BRB,2013,56.578,56.70107603071306,0.6927379178355988,55.34330971175529,58.05884234967083,2.715532637915547,-0.7604231206631269
BRB,2014,56.344,56.449511295021885,0.6927379178355988,55.09174497606411,57.80727761397966,2.715532637915547,-0.3798980791609381
BRB,2015,56.908,56.80910415887527,0.6927379178355988,55.4513378399175,58.166870477833044,2.715532637915547,0.4911111062770246
BRB,2016,57.34,56.75763685356405,0.6927379178355988,55.39987053460628,58.11540317252182,2.715532637915547,0.5262267076229037
BRB,2017,50.027,51.451232641833144,0.6927379178355988,50.09346632287537,52.808998960790916,2.715532637915547,-7.212035860747619
BRB,2018,51.974,51.897661005982464,0.6927379178356019,50.539894687024685,53.25542732494024,2.7155326379155595,0.5632675090609283
BRB,2019,52.472,52.24743857595312,0.6927379178360553,50.88967225699445,53.605204894911786,2.715532637917337,0.6060709481243691
BRB,2020,50.562,51.05390276575639,0.6927379179015863,49.69613644666928,52.4116690848435,2.7155326381742184,-1.7937165983466201
BRB,2021,52.675,52.68256125062034,0.6927379273740748,51.32479491296715,54.04032758827353,2.715532675306373,1.768849751083792
BRB,2022,57.475,56.506844590863984,0.692739296617895,55.14907556949291,57.86461361223506,2.7155380427421485,5.1393791877111425
BRB,2023,57.413,56.70424433611709,0.6929371919114016,55.346087439970745,58.06240123226344,2.716313792292694,0.9240635890618947
BRB,2024,49.329,50.846014754833874,0.7209717051527372,49.43291021273451,52.259119296933235,2.8262090841987297,-7.906705150588898
BRN,2002,41.031,40.69410830369325,1.378195292724045,37.99284552995412,43.39537107743238,5.402525547478256,0.0
BRN,2005,39.509,40.34473625767925,1.1627221012983362,38.06580093913451,42.62367157622399,4.5578706370894775,-1.5219999999999985
BRN,2006,40.915,40.617806819418576,1.0943693087411939,38.47284297428583,42.76277066455132,4.28992769026548,0.730960686692022
BRN,2010,40.852,40.79287218373336,1.0726709605592766,38.690437101037176,42.89530726642954,4.204870165392364,0.321853164320963
BRN,2011,41.086,41.04129065354844,1.0658137994878527,38.95229560655225,43.130285700544626,4.177990093992382,0.4111985895141004
BRN,2012,40.934,41.4364282677431,1.0636510881070256,39.351672135053335,43.52118440043287,4.16951226537954,0.07742668233211702
BRN,2013,42.021,42.61012250574043,1.0629694493317683,40.526702385050164,44.69354262643069,4.166840241380531,1.130378756282738
BRN,2014,48.8,45.24491634325023,1.0627546597333293,43.16191721017291,47.327915476327554,4.16599826615465,7.41312195612614
BRN,2015,48.16,46.54923968125715,1.0626869828249783,44.466373194920195,48.6321061675941,4.165732972673915,3.520321033156229
BRN,2016,47.639,47.336254420902996,1.0626656608154623,45.25342972570469,49.4190791161013,4.165649390396612,1.4548941564496758
BRN,2017,49.404,48.44396594401521,1.0626589578695673,46.36115438659086,50.52677750143956,4.165623114848704,2.581639448216407
BRN,2018,50.31,49.498189750543766,1.062656996393354,47.415382037612794,51.58099746347474,4.165615425861948,2.3551057273933154
BRN,2019,51.332,50.5978432661751,1.0626578765792496,48.515033828079765,52.68065270427043,4.165618876190658,2.3439548879099377
BRN,2020,53.392,51.851398139786085,1.06267307233337,49.76855891801268,53.93423736155949,4.16567844354681,3.3756974233014176
BRN,2021,53.035,52.614965993905905,1.0628264007182748,50.531826248498085,54.698105739313725,4.166279490815637,1.5378309087000943
BRN,2022,54.671,53.57026220940631,1.0643526259774276,51.48413106249055,55.65639335632207,4.172262293831516,2.4992082613884747
BRN,2023,53.953,54.22147604481605,1.079432742844507,52.105787868840814,56.33716422079129,4.231376351950467,0.6848442862178032
BRN,2024,58.265,55.62883024150765,1.2194637973338227,53.23868119873336,58.01897928428194,4.780298085548585,4.696413704403099
BTN,2009,40.003,40.10908725294179,0.9081992599664004,38.329016703407646,41.889157802475935,3.5601410990682893,0.0
BTN,2010,40.319,40.27005584711256,0.7662194083711324,38.76826580670514,41.77184588751998,3.003580080814839,0.3160000000000025
BTN,2011,40.159,40.47457296603586,0.7276838455187277,39.048312628819154,41.90083330325256,2.8525206744334124,-0.025995005913991065
BTN,2012,41.048,41.304146458267674,0.7172358209589693,39.89836424918809,42.709928667347256,2.8115644181591595,0.8761402588098903
BTN,2013,45.485,43.30793325346364,0.7144147199347556,41.90768040239152,44.708186104535756,2.8005057021442417,4.886120454637599
BTN,2014,45.046,44.314515571456816,0.7136540802932433,42.91575357408206,45.71327756883157,2.797523994749514,2.0888974671416705
BTN,2015,46.344,45.32682851179398,0.7134490772987295,43.92846832028847,46.72518870329949,2.79672038301102,2.381380661501346
BTN,2016,46.964,45.95647423051993,0.7133938324035708,44.558222319008934,47.35472614203093,2.7965038230219976,1.8558904491116834
BTN,2017,45.409,45.82925615185201,0.7133789457520786,44.43103341817793,47.22747888552608,2.796445467348148,-0.5916572668007376
BTN,2018,46.291,46.155007440089996,0.7133749414522512,44.756792554843585,47.55322232533641,2.796429770492825,0.5748719180666839
BTN,2019,46.813,46.62271861516939,0.7133739715460046,45.22450563093922,48.02093159939956,2.796425968460338,0.8204186993752387
BTN,2020,47.781,47.301148217829414,0.7133753528658249,45.902932526212396,48.69936390944643,2.7964313832340335,1.3938846647202965
BTN,2021,48.147,48.00296093792563,0.713400448430245,46.60469605900235,49.40122581684891,2.79652975784656,1.0895752437128152
BTN,2022,50.117,49.21688302262616,0.7137792117970975,47.81787576750385,50.61589027774848,2.798014510244622,2.5356062455499213
BTN,2023,52.087,50.41516101106912,0.719456157850477,49.00502694168218,51.82529508045605,2.8202681387738697,3.2862512958816907
BTN,2024,50.656,50.513288864502414,0.8000482821623472,48.945194231464214,52.081383497540614,3.1361892660764012,0.27491652936746647
BWA,2000,46.405,46.40322338221125,0.3736074200903441,45.670952838834175,47.13549392558833,1.4645410867541488,0.0
BWA,2001,46.267,46.384445908795705,0.35185361430547196,45.69481282475698,47.07407899283443,1.37926616807745,-0.13799999999999812
BWA,2002,47.675,47.49549217792793,0.35108631635189064,46.80736299787822,48.183621357977636,1.3762583600994114,1.3828799577531186
BWA,2003,48.599,48.43276603222536,0.35105975151780144,47.74468891925047,49.12084314520025,1.3761542259497817,1.1810283409806033
BWA,2004,49.223,49.07892215539245,0.3510588324396696,48.39084684381069,49.7669974669742,1.3761506231635048,0.8436678711180647
BWA,2005,49.313,49.234262709827185,0.35105880064257533,48.54618746056774,49.92233795908663,1.3761504985188953,0.2469236648365012
BWA,2006,48.767,48.837513148804895,0.3510587995425009,48.149437901701596,49.525588395908194,1.3761504942066036,-0.5000717374617167
BWA,2007,48.54,48.56541384121396,0.351058799504442,47.877338594185254,49.25348908824267,1.3761504940574127,-0.32001427928850745
BWA,2008,48.089,48.15293910353287,0.3510587995031253,47.464863856506746,48.841014350559,1.376150494052251,-0.5105232550664311
BWA,2009,47.661,47.77783364911408,0.3510587995030798,47.089758402088044,48.465908896140114,1.3761504940520728,-0.5229582812282558
BWA,2010,48.12,48.01439614502859,0.3510587995030781,47.32632089800256,48.702471392054626,1.3761504940520661,0.3617287806250502
BWA,2011,47.406,47.550984428093095,0.3510587995030781,46.86290918106706,48.23905967511913,1.3761504940520661,-0.6467177695861821
BWA,2012,47.849,47.84959795748282,0.3510587995030781,47.16152271045679,48.537673204508856,1.3761504940520661,0.3227092840917436
BWA,2013,48.711,48.58268721976072,0.3510587995030781,47.89461197273469,49.270762466786756,1.3761504940520661,0.9220245310075157
BWA,2014,49.292,49.104916404223566,0.3510587995030781,48.41684115719753,49.7929916512496,1.3761504940520661,0.7524982889535252
BWA,2015,48.41,48.535138785269574,0.3510587995030781,47.84706353824354,49.22321403229561,1.3761504940520661,-0.7420339094503703
BWA,2016,48.471,48.37937385624853,0.3510587995030781,47.69129860922249,49.06744910327456,1.3761504940520661,-0.07701969637095374
BWA,2017,46.81,47.098129224519035,0.3510587995030781,46.410053977493,47.78620447154507,1.3761504940520661,-1.675325807718913
BWA,2018,46.784,46.81413818159055,0.35105879950307867,46.126062934564516,47.502213428616585,1.3761504940520684,-0.33761373672945183
BWA,2019,46.363,46.4192076266518,0.3510587995031687,45.731132379625585,47.10728287367801,1.3761504940524214,-0.4837967871017881
BWA,2020,45.821,46.010722660285786,0.35105879951860514,45.32264741322932,46.698797907342254,1.376150494112932,-0.6319871081504829
BWA,2021,46.881,46.883475130630664,0.351058802164701,46.19539987838785,47.571550382873475,1.3761505044856277,0.9424492146970778
BWA,2022,49.498,49.03322313220569,0.3510592557546084,48.34514699092666,49.721299273484725,1.3761522825580648,2.7922973183582442
BWA,2023,50.243,49.693431808836614,0.3511370008706795,49.00520328713008,50.38166033054315,1.3764570434130636,1.2643725288682646
BWA,2024,44.951,45.89157879493889,0.36421880435634707,45.17770993840045,46.60544765147733,1.4277377130768805,-5.056824342510929
CAF,2000,18.435,17.930202930207656,0.8233517021668019,16.316433593960724,19.54397226645459,3.2275386724938633,0.0
CAF,2001,13.313,15.24251124195408,0.757051589006455,13.758690127501428,16.726332356406733,2.9676422289053033,-5.121999999999998
CAF,2002,21.442,19.85390015982468,0.7528827915387762,18.37824988840868,21.32955043124068,2.9513005428320027,6.913870849780155
CAF,2003,20.96,20.623116037568206,0.7526272984193871,19.147966532666207,22.098265542470205,2.9502990098039974,1.2237830754251284
CAF,2004,20.127,20.3991042984636,0.7526116669445823,18.92398543125222,21.874223165674984,2.9502377344227626,-0.5303615348509254
CAF,2005,21.859,21.321009856974147,0.7526107106874449,19.845892864026755,22.79612684992154,2.950233985894784,1.60082416481945
CAF,2006,20.531,20.391763223850944,0.7526106521886919,18.91664634556111,21.86688010214078,2.9502337565796726,-0.9320601160125079
CAF,2007,17.297,17.972860631189793,0.7526106486100492,16.497743759914098,19.447977502465488,2.9502337425513927,-3.464531235029508
CAF,2008,16.335,16.788557043889618,0.7526106483911268,15.31344017304301,18.263673914736227,2.950233741693217,-1.8189004046486659
CAF,2009,16.618,16.812623944728966,0.7526106483777343,15.337507073908606,18.287740815549324,2.9502337416407185,-0.1668780325958359
CAF,2010,18.164,17.815784366240074,0.7526106483769149,16.34066749542132,19.290901237058826,2.9502337416375064,1.5047251941860047
CAF,2011,18.091,17.97249559314397,0.752610648376865,16.497378722325315,19.447612463962628,2.9502337416373106,0.29917145497121567
CAF,2012,18.098,17.681333527546183,0.7526106483768619,16.206216656727534,19.156450398364832,2.9502337416372986,0.08099562133521232
CAF,2013,14.347,15.086686184808212,0.7526106483768616,13.611569313989563,16.56180305562686,2.9502337416372977,-3.7309669345903753
CAF,2014,13.484,13.888819307127816,0.7526106483768616,12.413702436309167,15.363936177946465,2.9502337416372977,-1.7857993243296715
CAF,2015,13.415,13.647616815806332,0.7526106483768616,12.172499944987683,15.122733686624981,2.9502337416372977,-0.5106909714748618
CAF,2016,14.122,14.343029578767371,0.7526106483768621,12.867912707948722,15.81814644958602,2.9502337416372995,0.5806881640389019
CAF,2017,17.735,16.728479183815274,0.7526106483768876,15.253362312996575,18.203596054633973,2.9502337416373994,3.756624603170108
CAF,2018,15.842,16.222314051554925,0.7526106483783356,14.747197180733387,17.697430922376462,2.9502337416430753,-0.9638546319652104
CAF,2019,17.676,17.150701593801408,0.7526106484606906,15.675584722818455,18.625818464784363,2.9502337419659073,1.5956048550622768
CAF,2020,16.25,16.296036723951854,0.7526106531447864,14.820919843788072,17.771153604115636,2.9502337603275626,-1.0313508090630457
CAF,2021,14.575,14.928482299217784,0.7526109195615006,13.453364896877243,16.403599701558324,2.9502348046810822,-1.9300893230724192
CAF,2022,14.178,14.117990440325908,0.7526260723579786,12.642843338504271,15.593137542147545,2.950294203643276,-0.8743789621972837
CAF,2023,11.741,12.31069390129836,0.7534874146001461,10.833858568682073,13.787529233914645,2.953670665232573,-2.653264665345345
CAF,2024,11.53,11.744500347673712,0.8009547281616476,10.174629080476883,13.314371614870542,3.1397425343936587,-0.8672456551808843
CAN,2000,74.23,74.25638196723277,0.28371416750204353,73.70030219892877,74.81246173553677,1.1121595366080106,0.0
CAN,2001,74.391,74.44045218509099,0.2631442980529859,73.92468936090714,74.95621500927484,1.0315256483677047,0.16100000000000136
CAN,2002,75.416,75.13642657422778,0.26208883909628566,74.62273244959907,75.6501206988565,1.0273882492574398,1.0598589789617279
CAN,2003,74.669,74.7804581893433,0.2620358955555549,74.26686783405442,75.29404854463219,1.0271807105777753,-0.510166938282282
CAN,2004,74.749,74.75779946371394,0.26203324309298437,74.24421430725168,75.27138462017619,1.0271703129244987,-0.03417755789251942
CAN,2005,74.711,74.76738008496622,0.2620331102132928,74.25379518894816,75.28096498098428,1.0271697920361078,-0.04564967899798944
CAN,2006,75.226,75.1520324629609,0.2620331035564759,74.63844757999021,75.6656173459316,1.0271697659413856,0.5047825716218313
CAN,2007,75.49,75.47712016527869,0.26203310322299234,74.96353528296163,75.99070504759575,1.02716976463413,0.37698175345319385
CAN,2008,76.211,76.07287383769311,0.26203310320628587,75.55928895540879,76.58645871997743,1.0271697645686406,0.8053770413947063
CAN,2009,76.492,76.42396921146376,0.262033103205449,75.91038432918107,76.93755409374644,1.02716976456536,0.46126159454901483
CAN,2010,76.806,76.71735800493305,0.262033103205407,76.20377312265045,77.23094288721565,1.0271697645651954,0.41724077576840557
CAN,2011,76.738,76.75690364541477,0.2620331032054049,76.24331876313217,77.27048852769737,1.0271697645651872,0.02538792104449783
CAN,2012,77.077,76.96176789225507,0.26203310320540485,76.44818300997247,77.47535277453767,1.027169764565187,0.34468239084883123
CAN,2013,76.54,76.6444279752348,0.26203310320540485,76.1308430929522,77.1580128575174,1.027169764565187,-0.459852286326182
CAN,2014,76.737,76.65694874455214,0.26203310320540485,76.14336386226955,77.17053362683473,1.027169764565187,0.09407465928161685
CAN,2015,76.066,76.16536844094858,0.26203310320540485,75.65178355866598,76.67895332323118,1.027169764565187,-0.6499439638609061
CAN,2016,75.681,75.78120716602085,0.26203310320540485,75.26762228373826,76.29479204830344,1.027169764565187,-0.5304721568586075
CAN,2017,75.605,75.62685095195496,0.26203310320540524,75.11326606967236,76.14043583423756,1.0271697645651885,-0.19473166473190417
CAN,2018,75.346,75.44574810642611,0.262033103205437,74.93216322414345,75.95933298870877,1.027169764565313,-0.30258535020301736
CAN,2019,75.695,75.71257837338445,0.26203310320820594,75.19899349109636,76.22616325567253,1.0271697645761673,0.2812745559996017
CAN,2020,76.609,76.38363136151314,0.2620331034493687,75.87004647875237,76.8972162442739,1.0271697655215253,0.9769556063381941
CAN,2021,76.221,76.32777097286605,0.26203312445377325,75.81418604893665,76.84135589679545,1.0271698478587912,-0.1693352425570822
CAN,2022,77.044,76.90163263046257,0.26203495385514564,76.38804412090649,77.41522114001866,1.027177019112171,0.78509894339102
CAN,2023,77.667,77.17956906040763,0.26219423914333445,76.66566835168669,77.69346976912857,1.027801417441871,0.7987228976542156
CAN,2024,73.777,74.60765669639846,0.275714601938374,74.06725607659925,75.14805731619768,1.0808012395984261,-3.711227753291382
CHE,2000,71.364,71.41263461051064,0.4605193063981027,70.51001676997035,72.31525245105092,1.8052356810805625,0.0
CHE,2001,71.624,71.59523935504636,0.41683719765020133,70.77823844765196,72.41224026244076,1.6340018147887891,0.2599999999999909
CHE,2002,72.025,71.79718937760114,0.4130282147445106,70.9876540767019,72.60672467850038,1.6190706017984817,0.47215697047157335
CHE,2003,70.976,71.35284668030268,0.41270570525836336,70.54394349799628,72.16174986260907,1.6178063646127843,-0.912489230652298
CHE,2004,72.002,71.89816580057693,0.4126784744602872,71.08931599063477,72.7070156105191,1.6176996198843259,0.7609966160389376
CHE,2005,72.483,72.46996517013379,0.41267617580130417,71.66111986556324,73.27881047470434,1.6176906091411123,0.7020904349188442
CHE,2006,73.861,73.40113522002414,0.41267598176635484,72.59229029576208,74.2099801442862,1.617689848524111,1.5819830530203234
CHE,2007,73.252,73.39996788032933,0.4126759653874584,72.59112298816991,74.20881277248874,1.6176897843188367,-0.14937459756392002
CHE,2008,74.128,73.90990500965526,0.4126759640048816,73.10106012020569,74.71874989910484,1.6176897788991358,0.8326010679219706
CHE,2009,73.962,74.02600088505145,0.41267596388817546,73.21715599583062,74.83484577427227,1.6176897784416477,0.07590189279073911
CHE,2010,74.71,74.44564497267312,0.412675963878324,73.63680008347161,75.25448986187463,1.61768977840303,0.7700523516837734
CHE,2011,74.097,74.24753025163588,0.4126759638774925,73.43868536243599,75.05637514083577,1.6176897783997706,-0.3892708589707752
CHE,2012,74.483,74.43007193427783,0.4126759638774222,73.62122704507809,75.23891682347758,1.617689778399495,0.2729021895513881
CHE,2013,74.555,74.55861948864128,0.41267596387741634,73.74977459944155,75.36746437784102,1.617689778399472,0.15128833970909739
CHE,2014,74.894,74.79061925285357,0.41267596387741584,73.98177436365384,75.59946414205331,1.6176897783994701,0.3829549469815561
CHE,2015,74.826,74.82905658888222,0.4126759638774163,74.02021169968249,75.63790147808196,1.6176897783994717,0.04326280071063593
CHE,2016,75.138,74.90525805550004,0.4126759638774331,74.09641316630027,75.71410294469982,1.6176897783995376,0.32456946910230045
CHE,2017,73.861,74.23013527369876,0.4126759638780152,73.42129038449785,75.03898016289968,1.6176897784018196,-1.1827003743074016
CHE,2018,74.26,74.35456751475452,0.41267596389811595,73.54572262551422,75.16341240399483,1.6176897784806146,0.05538110413728248
CHE,2019,75.029,74.8941973524608,0.4126759645922762,74.08535246185993,75.70304224306166,1.6176897812017226,0.7850902915638613
CHE,2020,75.501,75.34915918834051,0.4126759885644065,74.54031425075428,76.15800412592674,1.6176898751724735,0.7000982275816909
CHE,2021,75.339,75.60061445360135,0.41267681641711323,74.79176789342381,76.4094610137789,1.617693120355084,0.04140483962216024
CHE,2022,77.573,76.93505740333096,0.4127054044640338,76.12615481058145,77.74395999608046,1.6178051854990125,2.246029661597646
CHE,2023,77.836,77.00632062365969,0.41369145195141865,76.19548537783491,77.81715586948447,1.621670491649561,0.9155560058650138
CHE,2024,72.901,74.25751893296318,0.4464092506567814,73.38255680167589,75.13248106425047,1.749924262574583,-4.668996580477923
CHL,2000,61.571,61.60278611213865,0.4300497098350188,60.75988868086201,62.44568354341529,1.6857948625532735,0.0
CHL,2001,61.597,61.84402646003633,0.3994704330742754,61.06106441121075,62.62698850886191,1.5659240976511595,0.026000000000003354
CHL,2002,64.734,64.1014161565404,0.39796453274103616,63.321405672367966,64.88142664071283,1.5600209683448618,3.142525808291758
CHL,2003,64.73,64.60410940354478,0.3978919737372557,63.82424113501976,65.3839776720698,1.5597365370500424,0.6843588488031997
CHL,2004,64.839,64.82257866324211,0.3978884815970313,64.04271723931193,65.6024400871723,1.5597228478603626,0.2591205609332974
CHL,2005,65.241,65.18706024775578,0.39788831353557136,64.40719915322606,65.9669213422855,1.5597221890594397,0.4588444398911662
CHL,2006,65.815,65.60831331554972,0.39788830544752873,64.82845223687256,66.38817439422688,1.5597221573543125,0.6746590958628929
CHL,2007,64.863,65.07918622357481,0.3978883050582876,64.29932514566056,65.85904730148906,1.5597221558284873,-0.8039964948852827
CHL,2008,65.552,65.43813364131049,0.39788830503955513,64.65827256343296,66.21799471918801,1.559722155755056,0.5126230698089245
CHL,2009,65.506,65.42542422691743,0.39788830503865363,64.64556314904166,66.2052853047932,1.5597221557515222,0.06645681294197914
CHL,2010,64.635,64.83035266158313,0.39788830503861017,64.05049158370745,65.61021373945881,1.5597221557513519,-0.8564210201958815
CHL,2011,64.792,64.89775309352765,0.3978883050386081,64.11789201565199,65.67761417140332,1.5597221557513439,-0.030877573487771315
CHL,2012,66.006,65.79021733136963,0.39788830503860806,65.01035625349397,66.5700784092453,1.5597221557513437,1.2072262246660586
CHL,2013,66.314,66.23251118716874,0.39788830503860806,65.45265010929307,67.0123722650444,1.5597221557513437,0.5728355521320339
CHL,2014,66.723,66.63084194852232,0.39788830503860806,65.85098087064665,67.41070302639798,1.5597221557513437,0.534665941171653
CHL,2015,66.976,66.85747083457645,0.39788830503860806,66.07760975670078,67.63733191245211,1.5597221557513437,0.3702924733105135
CHL,2016,66.601,66.52118349987862,0.39788830503860806,65.74132242200295,67.30104457775428,1.5597221557513437,-0.2937669969258252
CHL,2017,64.942,65.22042271975454,0.3978883050386082,64.44056164187887,66.0002837976302,1.5597221557513443,-1.7234452077327518
CHL,2018,64.111,64.32183452388162,0.3978883050386275,63.54197344600591,65.10169560175733,1.5597221557514198,-1.209081219437934
CHL,2019,63.435,63.8312556156043,0.39788830504056133,63.051394537724796,64.6111166934838,1.5597221557590004,-0.9412424920697049
CHL,2020,66.043,65.54235262862606,0.39788830523459146,64.76249155036626,66.32221370688586,1.5597221565195984,2.401514695105
CHL,2021,65.783,65.77845883261199,0.39788832470236113,64.99859771619536,66.55831994902861,1.5597222328332556,0.2668328812251133
CHL,2022,66.373,66.26531740578962,0.3978902779719826,65.48545246096452,67.04518235061471,1.559729889650172,0.648536529427858
CHL,2023,67.138,66.57720656994412,0.39808620812949785,65.79695760201031,67.35745553787794,1.5604979358676316,0.907272861821184
CHL,2024,62.297,63.31533261487894,0.4172771982856451,62.497469306239076,64.1331959235188,1.6357266172797287,-4.641966791156904
CHN,2000,55.807,55.664673440749226,1.3692286144079855,52.98098535650958,58.348361524988874,5.367376168479303,0.0
CHN,2001,54.894,55.28874640923239,1.207204621384133,52.92262535131949,57.65486746714529,4.732242115825801,-0.9130000000000038
CHN,2002,55.663,55.62591413744255,1.184973389039811,53.30336629492452,57.94846197996058,4.645095685036059,0.467437096704316
CHN,2003,56.255,56.12195768443035,1.182009166568015,53.80521971795704,58.43869565090366,4.633475932946618,0.7601526838711479
CHN,2004,56.891,56.66771881457968,1.181615763089543,54.35175191892417,58.983685710235186,4.631933791311009,0.9123786673676051
CHN,2005,57.411,57.082729179751745,1.1815635847468713,54.76686455364788,59.39859380585561,4.631729252207736,0.8521904374085096
CHN,2006,57.09,57.01437145198518,1.1815566647528422,54.69852038906961,59.33022251490075,4.631702125831141,-0.010666076146577552
CHN,2007,56.379,56.71134292549998,1.1815557470199518,54.39549366134087,59.02719218965908,4.631698528318211,-0.714884257049178
CHN,2008,57.022,56.98575238773203,1.1815556253099613,54.6699033621245,59.301601413339554,4.631698051215048,0.3826602801065633
CHN,2009,57.673,57.37869701433299,1.1815556091687516,55.06284802036224,59.694546008303746,4.631697987941506,0.7903536258063184
CHN,2010,57.28,57.35400350046552,1.1815556070281004,55.03815451069044,59.669852490240594,4.631697979550153,-0.10517642521959658
CHN,2011,57.605,57.49006392998349,1.1815556067442068,55.17421494076485,59.805912919202136,4.63169797843729,0.286697835081263
CHN,2012,57.347,57.44993660269984,1.1815556067065567,55.13408761355499,59.7657855918447,4.6316979782897025,-0.15359306898589153
CHN,2013,57.642,57.6290666746794,1.1815556067015636,55.31321768554434,59.94491566381446,4.631697978270129,0.23906591540722388
CHN,2014,57.948,57.91157190416306,1.181555606700904,55.59572291502929,60.22742089329683,4.631697978267544,0.39306078486590224
CHN,2015,58.357,58.31826340955661,1.181555606700878,56.00241442042289,60.63411239869033,4.631697978267441,0.5521411933910514
CHN,2016,58.434,58.93694177895627,1.1815556067022923,56.62109278981978,61.25279076809276,4.631697978272986,0.27807360587839014
CHN,2017,62.198,61.23962321595169,1.1815556067352984,58.9237742267505,63.555472205152874,4.63169797840237,3.8652662400538915
CHN,2018,63.596,62.95170875949837,1.1815556074993054,60.63585976879973,65.26755775019701,4.631697981397277,2.805616439183602
CHN,2019,64.923,64.39012950072808,1.181555625183347,62.07428047536872,66.70597852608743,4.63169805071872,2.3487231043271137
CHN,2020,66.378,65.61906925746088,1.1815560345057503,63.30321942982961,67.93491908509215,4.631699655262541,2.310335971033936
CHN,2021,66.76,65.9331999312151,1.1815655088194963,63.61733153392889,68.24906832850131,4.631736794572426,1.2233565045442418
CHN,2022,62.829,64.48007722223431,1.181784784157089,62.16377904528642,66.79637539918221,4.632596353895789,-3.485489491840376
CHN,2023,63.945,65.93500927602727,1.186848904840171,63.608785422540535,68.26123312951401,4.6524477069734695,-0.15331290178030343
CHN,2024,78.636,73.30630167939897,1.2985579944803491,70.76112801021749,75.85147534858045,5.090347338362968,14.635167944073658
CIV,2000,25.703,25.941455740455194,1.3978543135696493,23.20166128585868,28.681250195051707,5.479588909193025,0.0
CIV,2001,27.596,26.29294334038425,1.1815934758433222,23.97702012773134,28.608866553037164,4.631846425305823,1.8930000000000007
CIV,2002,23.785,25.120676493844808,1.1234025153570608,22.91880756374497,27.322545423944646,4.403737860199678,-3.011111603363336
CIV,2003,24.645,24.732076444909005,1.1078009930516772,22.56078649852772,26.90336639129029,4.342579892762575,-0.6223305741771803
CIV,2004,23.8,24.100376159191395,1.103637502340342,21.937246654604323,26.263505663778467,4.326259009174141,-1.162256625446787
CIV,2005,22.936,23.276314630135246,1.102528134472472,21.1153594865692,25.437269773701292,4.3219102871320905,-1.4618382476691174
CIV,2006,20.754,22.128189781605798,1.102232670586384,19.967813747256486,24.28856581595511,4.320752068698625,-2.9357153935348457
CIV,2007,20.96,21.73800429568076,1.1021539873645694,19.577782480446203,23.898226110915317,4.320443630469112,-1.308588424257863
CIV,2008,22.544,22.023658082484154,1.1021330343649025,19.863477335128945,24.183838829839363,4.320361494710418,0.9087628876280434
CIV,2009,22.473,21.880791029674572,1.1021274547190167,19.7206212184253,24.040960840923844,4.320339622498546,0.3979463151983076
CIV,2010,19.107,20.80541508653733,1.1021259688993637,18.645248187494577,22.965581985580084,4.320333798085505,-3.16064646857642
CIV,2011,20.542,20.99280471445565,1.1021255732364894,18.832638590912133,23.15297083799917,4.3203322470870384,-0.19600382124219706
CIV,2012,22.107,21.96478888007117,1.102125467874387,19.80462296303737,24.124954797104966,4.320331834067597,1.4638551066804162
CIV,2013,24.476,23.669334426773457,1.102125439817264,21.50916856473162,25.829500288815293,4.320331724083674,3.1244010976540864
CIV,2014,26.911,25.90884209147372,1.1021254323462348,23.7486762440751,28.06900793887234,4.3203316947972406,4.047301756134424
CIV,2015,31.036,28.92879864041436,1.1021254303621206,26.768632796904605,31.088964483924116,4.320331687019513,6.213551254638698
CIV,2016,34.711,31.984387060266133,1.1021254299104215,29.824221217641707,34.14455290289056,4.320331685248852,6.881412841288206
CIV,2017,36.955,34.27616611382014,1.1021254308853101,32.11600026928493,36.436331958355346,4.320331689070415,5.795053112960378
CIV,2018,36.61,35.142404914792294,1.1021254467915287,32.982239039080895,37.302570790503694,4.320331751422793,2.6454529603630803
CIV,2019,35.308,34.85762126149399,1.1021256745686567,32.69745493933942,37.017787583648555,4.3203326443091346,0.06314756348945849
CIV,2020,32.161,33.69624193841303,1.1021289289306573,31.536069237708944,35.85641463911712,4.320345401408177,-3.1144136173534775
CIV,2021,33.14,33.496357732301355,1.1021754226320204,31.336093903942597,35.65662156066011,4.32052765671752,-0.6281478968801224
CIV,2022,33.979,33.58589826026006,1.1028394590153197,31.424332920590032,35.747463599930086,4.323130679340053,0.5148534043850148
CIV,2023,33.645,33.23169854768741,1.1122831841482692,31.0516235067568,35.41177358861802,4.3601500818612156,-0.06831738114359354
CIV,2024,30.177,31.984803425801154,1.239371403855865,29.555635474243658,34.41397137735865,4.85833590311499,-3.5032541919331877
CMR,2000,23.548,23.83510041042713,0.5250199226596576,22.8060613620142,24.86413945884006,2.0580780968258576,0.0
CMR,2001,24.516,24.347506490459107,0.46321538756089026,23.439604330839764,25.25540865007845,1.8158043192386897,0.968
CMR,2002,24.912,24.7571065007036,0.45371616643106366,23.867822814498716,25.646390186908484,1.7785673724097695,0.728792320705054
CMR,2003,24.962,25.073299010999875,0.45230966670370826,24.18677206426061,25.95982595773914,1.7730538934785363,0.32519090720557386
CMR,2004,26.253,25.697658877087093,0.45210276587332404,24.81153745597538,26.583780298198807,1.7722428422234302,1.4153792649868784
CMR,2005,25.721,25.66325090407776,0.45207235996757356,24.777189078541316,26.549312729614204,1.7721236510728884,0.010368131767524602
CMR,2006,25.585,25.52060043521506,0.45206789219881127,24.634547366505387,26.40665350392473,1.77210613741934,-0.13202588030573992
CMR,2007,24.945,25.215509500473978,0.45206723572988766,24.329457718443397,26.10156128250456,1.7721035640611595,-0.690607746997081
CMR,2008,25.411,25.230859522088778,0.4520671392723221,24.344807929115028,26.11691111506253,1.7721031859475027,0.20127683410819586
CMR,2009,24.845,24.95765447566209,0.4520671250994386,24.07160291046719,25.84370604085699,1.7721031303897992,-0.4888466704588055
CMR,2010,24.372,24.759410191917837,0.45206712301696206,23.873358630804592,25.645461753031082,1.7721031222264911,-0.6603844709850968
CMR,2011,24.834,25.115607761015298,0.4520671227109759,24.229556200501786,26.00165932152881,1.7721031210270255,0.20886173693321908
CMR,2012,26.652,26.07504475815157,0.4520671226660179,25.188993197726177,26.961096318576963,1.77210312085079,1.898060782433891
CMR,2013,26.799,26.474580163084813,0.4520671226594357,25.58852860267232,27.360631723497306,1.772103120824988,0.8745637636726613
CMR,2014,26.617,26.503276993359975,0.4520671226587851,25.617225432948757,27.389328553771193,1.7721031208224376,0.15323736931721754
CMR,2015,25.918,26.357414683658213,0.45206712266291255,25.471363123238906,27.24346624407752,1.772103120838617,-0.6402611238822473
CMR,2016,26.872,26.87203303925615,0.4520671227198667,25.98598147872521,27.758084599787086,1.7721031210618774,0.70857540803296
CMR,2017,28.045,27.592651809465316,0.45206712348008227,26.706600247444356,28.478703371486276,1.7721031240419225,1.4446107911408745
CMR,2018,27.627,27.861644722051278,0.45206713362368073,26.975593140148863,28.747696303953692,1.7721031638048284,0.13574752697340742
CMR,2019,29.001,28.62214996308064,0.452067268969721,27.73609811589999,29.508201810261294,1.7721036943613062,1.426034678001347
CMR,2020,29.51,29.06722977742914,0.4520690748883412,28.181174390647993,29.95328516421029,1.7721107735622974,1.05562694004794
CMR,2021,28.755,28.966084061459732,0.4520931705739628,28.079981447134763,29.8521866757847,1.7722052286499341,-0.35035757932667266
CMR,2022,29.336,29.169780302522447,0.45241455655537904,28.283047771673903,30.05651283337099,1.7734650616970857,0.4467010979716406
CMR,2023,28.043,29.18306969164764,0.4566811685398926,28.28797460130945,30.078164781985826,1.790190180676379,-1.1217707458541462
CMR,2024,32.679,31.066756773562034,0.5102077766212272,30.066749531384428,32.066764015739636,2.0000144843552103,4.206003366887991
COD,2000,14.371,14.511179858737899,0.669724366475654,13.198520100445617,15.823839617030181,2.6253195165845638,0.0
COD,2001,14.632,14.944299879082712,0.6019225596435861,13.764531662181282,16.12406809598414,2.3595364338028575,0.26099999999999923
COD,2002,16.91,16.50323406455554,0.59504089059686,15.336953918985692,17.669514210125385,2.3325602911396914,2.35413167418084
COD,2003,18.216,17.84443491017926,0.594364200396549,16.679481077402023,19.009388742956496,2.329907665554472,2.037886399165661
COD,2004,19.44,18.943934228059202,0.5942978950835038,17.779110353695536,20.10875810242287,2.329647748727335,1.8613725270350656
COD,2005,19.097,19.301584810036797,0.5942914004579921,18.13677366513913,20.466395954934463,2.329622289795329,0.23950593896628902
COD,2006,20.901,20.458230514771973,0.5942907643293854,19.293420616686376,21.62304041285757,2.329619796171191,1.8789563073258648
COD,2007,21.648,21.059335042882655,0.594290702022754,19.894525266918055,22.224144818847254,2.329619551929196,1.3350456073704322
COD,2008,20.193,20.352440709261398,0.5942906959200336,19.18763094525813,21.517250473264664,2.3296195280065315,-1.0371786101563423
COD,2009,19.482,19.669067174754346,0.5942906953222932,18.50425741192265,20.83387693758604,2.3296195256633894,-1.0355997210185848
COD,2010,18.743,19.102047407635855,0.5942906952637466,17.937237644918913,20.266857170352797,2.3296195254338863,-1.0631055870292592
COD,2011,19.229,19.211006625957847,0.5942906952580121,18.046196863252142,20.37581638866355,2.3296195254114074,0.15328606280722212
COD,2012,19.387,19.33505260935813,0.5942906952574505,18.170242846653526,20.499862372062733,2.329619525409206,0.20597304246933845
COD,2013,19.427,19.386834674520127,0.5942906952573954,18.22202491181563,20.551644437224624,2.32961952540899,0.10446217831555771
COD,2014,18.914,19.355916311627993,0.5942906952573904,18.191106548923507,20.52072607433248,2.32961952540897,-0.48030708307707215
COD,2015,21.127,20.562450265595068,0.5942906952573989,19.397640502890567,21.72726002829957,2.3296195254090035,2.062681101641413
COD,2016,19.997,20.897582959784792,0.5942906952576349,19.732773197079826,22.062392722489758,2.3296195254099286,-0.4844547607388492
COD,2017,26.047,23.996557273586863,0.594290695263868,22.831747510869683,25.161367036304043,2.329619525434363,5.8983830272243765
COD,2018,22.631,23.150567999865967,0.5942906954283941,21.985758236826314,24.31537776290562,2.3296195260793047,-1.5700175650354105
COD,2019,23.47,23.26728665544464,0.5942906997711697,22.102476883893146,24.432096426996132,2.329619543102985,0.3476407860825077
COD,2020,23.005,22.87870048980558,0.5942908144015662,21.71389049357851,24.043510486032652,2.3296199924541394,-0.35620089661461307
COD,2021,21.711,21.894855090153825,0.5942938401380884,20.730039163483173,23.059671016824478,2.3296318533413065,-1.4054781111084687
COD,2022,20.271,20.83557353943904,0.5943737008694255,19.670601085734965,22.000545993143113,2.329944907408148,-1.8798642634529514
COD,2023,20.513,20.73727663043253,0.596477811324313,19.568180120236875,21.906373140628183,2.338193020391307,-0.3463301227531126
COD,2024,21.488,21.21678179704063,0.6495574871134556,19.943649122298254,22.489914471783003,2.546265349484746,0.8666110872504262
COG,2000,24.003,24.11391755130025,0.43366801902190105,23.263928234017325,24.963906868583177,1.699978634565852,0.0
COG,2001,24.892,24.6781320032195,0.39511267020258145,23.90371116962244,25.452552836816558,1.5488416671941192,0.8889999999999993
COG,2002,24.559,24.759482922815476,0.39226198148629865,23.99064943910233,25.52831640652862,1.5376669674262906,-0.10622596220840919
COG,2003,26.245,25.86223614546921,0.39205651780311285,25.09380537057511,26.63066692036331,1.5368615497882023,1.6576129182771062
COG,2004,26.395,26.257728114902793,0.39204173942388326,25.489326305631984,27.026129924173603,1.5368036185416223,0.5944111074750289
COG,2005,26.859,26.399705029302254,0.3920406766185242,25.631305303129945,27.168104755474562,1.536799452344615,0.62340062438685
COG,2006,23.709,24.52548152302756,0.3920406001863874,23.75708194666224,25.293881099392877,1.5367991527306386,-2.9828225793626544
COG,2007,24.717,24.631837313455932,0.39204059468973945,23.863437747864044,25.40023687904782,1.5367991311837785,0.20809514410760954
COG,2008,24.417,24.44347839890757,0.3920405942944458,23.675078834090456,25.21187796372468,1.5367991296342276,-0.24419502794020786
COG,2009,24.401,24.193206543462228,0.3920405942660181,23.424806978700833,24.961606108223624,1.536799129522791,-0.08148589518898319
COG,2010,22.171,22.719802000559234,0.3920405942639737,21.951402435801846,23.488201565316622,1.536799129514777,-2.251852110745787
COG,2011,22.188,22.366420374577395,0.3920405942638267,21.598020809820294,23.134819939334495,1.5367991295142007,-0.5868802371210258
COG,2012,22.554,22.501389954144017,0.3920405942638161,21.732990389386938,23.269789518901096,1.536799129514159,0.2086160514432116
COG,2013,22.443,22.522784846147047,0.3920405942638154,21.75438528138997,23.291184410904126,1.5367991295141563,-0.0550553356004464
COG,2014,22.952,22.93995681329309,0.39204059426381527,22.17155724853601,23.70835637805017,1.5367991295141559,0.4942357848197041
COG,2015,23.98,23.713060045880237,0.39204059426381527,22.944660481123158,24.481459610637316,1.5367991295141559,1.1605394423137838
COG,2016,23.696,23.99717598894065,0.3920405942638156,23.22877642418357,24.76557555369773,1.5367991295141572,0.02722240677803356
COG,2017,26.746,25.976357606638977,0.3920405942638327,25.207958041881867,26.74475717139609,1.536799129514224,3.0573002455985936
COG,2018,26.32,26.298666647928986,0.3920405942647705,25.530267083170035,27.067066212687937,1.5367991295179004,0.3938776413675811
COG,2019,27.045,26.839490014767946,0.392040594316349,26.071090449907903,27.60788957962799,1.536799129720088,0.8306263518955284
COG,2020,27.306,26.95009836904699,0.39204059715301,26.181698798627092,27.71849793946689,1.5367991408397992,0.4837494585231745
COG,2021,25.141,25.49896538064665,0.3920407531607196,24.730565504451636,26.26736525684166,1.536799752390021,-2.0352726807294133
COG,2022,23.833,24.293819430792695,0.39204933301559663,23.525402738082125,25.062236123503265,1.5368333854211387,-1.8538000297545487
COG,2023,24.004,24.0608226597342,0.392520910207634,23.291481675727237,24.830163643741162,1.5386819680139254,-0.32613442379445345
COG,2024,23.781,23.86425610235485,0.41763709202124993,23.045687401993202,24.6828248027165,1.6371374007232997,-0.31045962145337924
COL,2000,44.053,44.50310263682904,0.8693234127991516,42.7992287477427,46.20697652591538,3.4077477781726744,0.0
COL,2001,45.31,44.80590287495664,0.7457452574966629,43.34424217026318,46.267563579650094,2.923321409386918,1.257000000000005
COL,2002,44.423,44.86382340609094,0.7054263934155173,43.48118767499653,46.24645913718535,2.7652714621888275,-0.3303003114598937
COL,2003,45.368,45.20930927702973,0.6925737114950915,43.85186480249935,46.566753751560114,2.7148889490607586,0.7714506076807908
COL,2004,45.237,45.57000141258116,0.688521870272746,44.22049854684658,46.91950427831575,2.6990057314691644,0.29272102059762517
COL,2005,46.626,46.25599237583689,0.6872495745303038,44.908983209757494,47.603001541916285,2.694018332158791,1.5519093549869467
COL,2006,47.426,46.94729452169787,0.6868505852510097,45.60106737460589,48.29352166878985,2.692454294183958,1.667205761382121
COL,2007,47.674,47.57969969206502,0.6867255144839881,46.2337176836764,48.92568170045364,2.6919640167772334,1.180813796867838
COL,2008,48.908,48.36921107627857,0.686686313749011,47.0233059013305,49.71511625122663,2.691810349896123,1.894935782923973
COL,2009,49.405,49.09663594167446,0.6866740276232123,47.75075484753296,50.44251703581595,2.691762188282992,1.55778226496205
COL,2010,50.359,49.882239689800976,0.6866701770100851,48.53636614286121,51.22811323674074,2.691747093879534,1.8260781412222968
COL,2011,51.289,50.64251040022294,0.6866689702032147,49.29663921862464,51.98838158182124,2.6917423631966018,1.9522880817173345
COL,2012,51.747,51.26471685134678,0.6866685920672018,49.91884641089507,52.610587291798495,2.691740880903431,1.5509480057091025
COL,2013,52.367,51.80264397399714,0.6866684740679773,50.45677376482391,53.14851418317038,2.691740418346471,1.4882671247554455
COL,2014,52.186,52.17728661580366,0.6866684400214943,50.83141647336153,53.52315675824579,2.6917402848842578,0.6521768037570723
COL,2015,52.901,52.67397718428102,0.6866684461709741,51.32810702978591,54.01984733877613,2.6917403089902185,1.080108279089501
COL,2016,53.668,53.20029621210176,0.6866685444695838,51.854425864941376,54.54616655926215,2.6917406943207687,1.3716772704468383
COL,2017,54.072,53.61867432383099,0.6866691274433478,52.272802834042025,54.96454581361995,2.6917429795779233,1.1719064159276869
COL,2018,54.165,53.90122756022982,0.6866724738184061,52.55534951154574,55.2471056089139,2.691756097368152,0.7490686528127242
COL,2019,53.741,54.118050393158974,0.686691648741674,52.772134761625296,55.46396602469265,2.691831263067362,-0.004648714100852658
COL,2020,55.123,54.63990061279035,0.6868015031294652,53.293769666656594,55.986031558924104,2.6922618922675037,1.379397509254531
COL,2021,55.406,55.04284601686647,0.6874305834833193,53.69548207323916,56.39020996049378,2.694727887254612,1.0552284431074455
COL,2022,55.972,55.36003407514711,0.6910239039536084,54.00562722339804,56.71444092689619,2.7088137034981448,1.156748795981521
COL,2023,57.305,55.40967184160404,0.7112621989619355,54.015597931638645,56.80374575156943,2.788147819930787,1.9805829598321907
COL,2024,51.919,54.31351138027664,0.817617560904241,52.71098096090432,55.91604179964895,3.2050608387446244,-4.277209759818739
COM,2009,25.492,25.51964410686211,0.5893360323632765,24.36454548343009,26.67474273029413,2.310197246864044,0.0
COM,2010,25.587,25.614443004765764,0.5283500018769964,24.578877001086852,26.650009008444677,2.071132007357826,0.09499999999999886
COM,2011,26.134,25.861300002608292,0.5220984088730768,24.83798712121706,26.884612883999523,2.046625762782461,0.5748597290039044
COM,2012,24.611,25.434938680170877,0.5214759598038993,24.412845798955235,26.45703156138652,2.044185762431285,-1.3431733366714695
COM,2013,28.099,27.281858108367615,0.521414191524877,26.259886292978855,28.303829923756375,2.043943630777518,3.065244287019354
COM,2014,28.02,27.96436180802301,0.5214080640572074,26.942402002470885,28.986321613575136,2.043919611104253,0.8863522500613463
COM,2015,29.204,28.993700613597692,0.5214074562273421,27.9717419993921,30.015659227803283,2.043917228411181,1.463159994356765
COM,2016,30.296,30.14742309476272,0.5214073959323474,29.125464598735316,31.16938159079012,2.0439169920548017,1.5528305235183595
COM,2017,32.889,31.715444429330468,0.5214073899527384,30.6934859450231,32.73740291363784,2.0439169686147345,3.082073053618206
COM,2018,30.358,30.781350943674603,0.5214073894062583,29.759392460438338,31.803309426910868,2.0439169664725325,-1.5602830122640192
COM,2019,30.556,30.46788428248064,0.5214073908186166,29.44592579647615,31.48984276848513,2.043916972008977,-0.2934202902226062
COM,2020,29.358,29.636523482079994,0.5214074370342097,28.614564905492944,30.658482058667044,2.043917153174102,-1.2904144422058543
COM,2021,29.052,29.047529680555215,0.5214088891809048,28.025568257760643,30.069491103349787,2.0439228455891465,-0.7124236007918547
COM,2022,27.575,27.993640167304886,0.5214545095673006,26.971589328552977,29.015691006056795,2.0441016775038183,-1.701381993609445
COM,2023,27.332,27.45382911387576,0.5228857489059443,26.428973046020108,28.47868518173141,2.0497121357113017,-0.7788602426887472
COM,2024,26.567,26.885201993409638,0.5660113673754997,25.77581971335366,27.994584273465616,2.2187645601119588,-1.0103066038288162
CPV,2000,38.183,38.369673115642755,1.148392079899412,36.11882463903991,40.6205215922456,4.501696953205695,0.0
CPV,2001,39.643,39.00235511867922,1.0343944817181923,36.97494193451156,41.029768302846875,4.054826368335314,1.4600000000000009
CPV,2002,37.269,38.02341563792584,1.0234414079802971,36.01747047828445,40.02936079756722,4.011890319282765,-1.9576426548201482
CPV,2003,39.143,38.745604850103206,1.0224205060326053,36.7416606582793,40.74954904192711,4.0078883836478125,1.2809330943285673
CPV,2004,38.684,38.71313908385638,1.0223256560825635,36.70938079793456,40.71689736977821,4.007516571843649,-0.06884116069046797
CPV,2005,38.351,38.749758378276276,1.0223168464258605,36.74601735928159,40.753499397270964,4.007482037989373,-0.3539787780671162
CPV,2006,40.632,40.055111756793394,1.0223160282085486,38.05137234150464,42.05885117208215,4.007478830577511,2.1731228714528896
CPV,2007,40.253,40.43829215119105,1.022315952214915,38.434552884849815,42.442031417532284,4.007478532682467,0.283274915749935
CPV,2008,41.688,41.657221780399524,1.02231594515685,39.653482527892095,43.660961032906954,4.007478505014852,1.5213301143717928
CPV,2009,44.404,43.59971299936822,1.022315944501318,41.59597374814564,45.603452250590806,4.007478502445166,3.1796365606343784
CPV,2010,44.258,44.338956882826984,1.0223159444404337,42.33521763172374,46.34269613393023,4.0074785022065,0.8230176709197607
CPV,2011,46.384,45.82783899652404,1.0223159444347791,43.824099745431866,47.83157824761621,4.007478502184334,2.3768206996767702
CPV,2012,46.658,46.58261868814476,1.022315944434254,44.57887943705362,48.5863579392359,4.007478502182275,0.998353622019664
CPV,2013,48.171,47.60971300001396,1.0223159444342051,45.60597374892292,49.613452251105,4.007478502182084,1.8172556227597383
CPV,2014,47.382,47.576213319623484,1.0223159444342007,45.57247406853245,49.57995257071452,4.0074785021820665,-0.23517795836909272
CPV,2015,48.54,48.126127682099245,1.0223159444342047,46.122388431008204,50.129866933190286,4.0074785021820825,1.0863277842592325
CPV,2016,48.18,47.754528571371054,1.022315944434338,45.75078932027975,49.75826782246236,4.007478502182605,-0.028933603052941237
CPV,2017,44.876,45.80561643061105,1.022315944438348,43.80187717951189,47.809355681710215,4.007478502198325,-3.312817728729975
CPV,2018,45.121,45.44665768801656,1.0223159445591088,43.442918436680706,47.45039693935241,4.007478502671707,-0.7646056135955632
CPV,2019,45.924,45.862381362138436,1.0223159481956563,43.85864210367495,47.86612062060192,4.007478516926972,0.5699808051985045
CPV,2020,46.395,46.365382934960735,1.0223160577053878,44.36164346185817,48.3691224080633,4.00747894620512,0.6447058503338639
CPV,2021,46.714,47.114190427639784,1.0223193554382402,45.11044449098083,49.117936364298735,4.0074918733179015,0.5154788584563903
CPV,2022,50.921,49.61506393144888,1.0224186572468656,47.61112336324502,51.61900449965274,4.007881136407713,4.364095980462203
CPV,2023,51.951,49.72300996674304,1.0254044926365682,47.71321716117537,51.73280277231071,4.019585611135347,2.3599904072397067
CPV,2024,39.323,42.95228709464352,1.1115679024758085,40.77361400579094,45.13096018349611,4.357346177705169,-11.9087755336137
CRI,2000,52.278,52.22808513820316,0.6837954584404126,50.887846039659955,53.56832423674637,2.6804781970864173,0.0
CRI,2001,51.943,52.060346516172984,0.6135564399117023,50.85777589394605,53.26291713839992,2.4051412444538727,-0.33500000000000085
CRI,2002,52.337,52.145212419602004,0.6064077527447822,50.95665322422223,53.33377161498178,2.3771183907595463,0.296079705204086
CRI,2003,51.257,51.69824256009456,0.6057014744716878,50.51106767013005,52.88541745005907,2.374349779929016,-0.9877300780970302
CRI,2004,52.473,52.29075775776473,0.605631930003177,51.103719174958506,53.477796340570954,2.374077165612454,0.9063185690638136
CRI,2005,53.113,52.75063523581908,0.6056250845334328,51.56361007013356,53.93766040150461,2.3740503313710564,0.9243250578739008
CRI,2006,52.262,52.42458607485306,0.6056244107357414,51.237562229811004,53.611609919895116,2.374047690084106,-0.5610091414906861
CRI,2007,52.283,52.364119992839534,0.6056243444142376,51.177096277787626,53.55114370789144,2.3740474301038113,-0.15500783929346795
CRI,2008,52.333,52.51048404133683,0.6056243378862538,51.32346033907977,53.69750774359389,2.3740474045141147,0.0013686885624650813
CRI,2009,53.55,53.31199803973124,0.6056243372437085,52.12497433873357,54.499021740728914,2.374047401995337,1.2174294048852374
CRI,2010,54.186,53.96049371238965,0.605624337180463,52.77347001151594,55.14751741326336,2.374047401747415,1.0179496641456822
CRI,2011,54.695,54.38333896407276,0.6056243371742379,53.196315263211254,55.57036266493427,2.3740474017230127,0.8283659780081862
CRI,2012,54.227,54.15009299651273,0.6056243371736252,52.963069295652424,55.33711669737304,2.3740474017206106,-0.20811297410138963
CRI,2013,52.979,53.509474320016615,0.6056243371735649,52.32245061915643,54.6964980208768,2.3740474017203743,-1.313292229915639
CRI,2014,54.104,54.04309712689797,0.6056243371735589,52.856073426037796,55.23012082775814,2.374047401720351,0.7129748555207769
CRI,2015,55.002,54.77644264779593,0.6056243371735609,53.58941894693575,55.96346634865611,2.3740474017203588,1.1216848442139096
CRI,2016,55.43,55.34567701782875,0.6056243371736355,54.158653316968426,56.53270071868907,2.374047401720651,0.7799112878838059
CRI,2017,56.334,56.06812098048606,0.605624337175901,54.881097279621294,57.25514468135082,2.374047401729532,1.1486851155831204
CRI,2018,56.513,56.493865231634516,0.6056243372445566,55.30684153063518,57.68088893263385,2.3740474019986615,0.5393822058245874
CRI,2019,57.372,57.17002370885595,0.6056243393252243,55.983000003778514,58.35704741393339,2.3740474101548794,1.0282228326811094
CRI,2020,57.861,57.713393519434675,0.605624402381699,56.52636969076654,58.900417348102806,2.37404765733626,0.8115890259165752
CRI,2021,58.126,58.19551364222079,0.6056263133609683,57.00848606803329,59.382541216408285,2.3740551483749956,0.519623516414569
CRI,2022,59.927,59.24311324184748,0.605684224422166,58.05597216198004,60.430254321714926,2.3742821597348907,1.9640238491849473
CRI,2023,60.133,58.93809861565229,0.6074366514332307,57.747522778843155,60.12867445246142,2.3811516736182643,0.8221821350858818
CRI,2024,52.359,54.717045511208504,0.6583363469123118,53.42670627126037,56.007384751156636,2.580678479896262,-7.516053059265587
CUB,2000,32.544,32.56241750938307,0.7093352747148907,31.172120370941883,33.95271464782425,2.7805942768823715,0.0
CUB,2001,32.513,32.61831761604314,0.6388062398301667,31.366257385976017,33.87037784611027,2.5041204601342533,-0.030999999999998806
CUB,2002,33.01,32.996688663170644,0.63182281025103,31.758315955078626,34.23506137126266,2.4767454161840377,0.48805474294389484
CUB,2003,33.642,33.54712494442133,0.6311534234579832,32.31006423444368,34.784185654398975,2.474121419955294,0.781862732714913
CUB,2004,33.604,34.139472993237945,0.6310894852679225,32.902537602112815,35.376408384363074,2.4738707822502564,0.20345174436353375
CUB,2005,38.322,36.55806472465325,0.6310833801216568,35.3211412996148,37.7949881496917,2.4738468500768946,4.7808632242957785
CUB,2006,35.077,35.39933792224883,0.6310827971899057,34.16241563975662,36.63626020474105,2.47384456498443,-1.7677159044762902
CUB,2007,33.891,34.49431595201123,0.6310827415305721,33.25739377861131,35.731238125411146,2.4738443467998423,-1.7322259361924282
CUB,2008,34.762,34.76941941301479,0.6310827362161241,33.532497250031184,36.00634157599839,2.4738443259672063,0.3357402461234855
CUB,2009,35.594,35.21877558047487,0.6310827357086916,33.981853418485834,36.455697742463904,2.4738443239780707,0.9357441166562381
CUB,2010,34.604,34.87082089110562,0.6310827356602411,33.63389872921155,36.107743052999695,2.473844323788145,-0.700854005925514
CUB,2011,35.241,35.073971483921646,0.6310827356556149,33.83704932203664,36.31089364580665,2.4738443237700105,0.4204353166421626
CUB,2012,34.658,34.923947533710106,0.6310827356551733,33.68702537182597,36.16086969559424,2.473844323768279,-0.4530850099238606
CUB,2013,35.613,35.433049769933355,0.6310827356551311,34.196127608049295,36.669971931817415,2.473844323768114,0.8149962176388144
CUB,2014,35.708,35.72362848216166,0.6310827356551276,34.486706320277605,36.96055064404571,2.4738443237681,0.34683475634894023
CUB,2015,36.202,36.22002603379971,0.6310827356551407,34.98310387191564,37.456948195683786,2.4738443237681516,0.6011723334024026
CUB,2016,37.306,37.04380186874652,0.631082735655485,35.80687970686177,38.28072403063127,2.473844323769501,1.2897629334093637
CUB,2017,37.904,37.59492916526578,0.6310827356642389,36.35800700336387,38.83185132716769,2.4738443238038164,0.996538210427623
CUB,2018,37.512,37.590323384325345,0.6310827358868047,36.353401221987205,38.827245546663484,2.4738443246762745,-0.08406856181181155
CUB,2019,38.017,37.80192195878417,0.631082741545492,36.564999785355006,39.038844132213335,2.473844346858329,0.47902271897430637
CUB,2020,36.917,37.53084753471785,0.6310828854163193,36.293925079301864,38.767769990133836,2.4738449108319718,-0.9519814361003966
CUB,2021,39.471,38.82310645555331,0.6310865432885838,37.586176830707686,40.06003608039893,2.4738592496912486,2.259836655655107
CUB,2022,39.065,39.02683242725464,0.6311795367435253,37.78972053523733,40.26394431927195,2.4742237840346193,0.2922920917278944
CUB,2023,38.13,39.237642398101904,0.6335392890241497,37.99590539161457,40.47937940458924,2.483474012974667,-0.8446814118766355
CUB,2024,44.569,42.65999330954318,0.6908330584794651,41.30596051492343,44.01402610416294,2.708065589239503,6.177992484936034
CYP,2000,56.795,56.94194642267344,0.5747265330265584,55.81548241794138,58.068410427405496,2.252928009464109,0.0
CYP,2001,58.189,58.164162296923074,0.5354019471022037,57.114774480602755,59.21355011324339,2.0987756326406384,1.3939999999999984
CYP,2002,61.415,60.712656389614544,0.5335954119128619,59.666809382265335,61.758503396963754,2.0916940146984184,3.5129823239801254
CYP,2003,61.25,61.1181410497417,0.5335141415361856,60.07245333233078,62.16382876715262,2.0913754348218476,0.5787458698014163
CYP,2004,61.033,61.02821558615957,0.5335104891540469,59.98253502741764,62.0738961449015,2.0913611174838636,-0.09431988944695036
CYP,2005,60.774,60.78545052195144,0.5335103250194181,59.73977028491338,61.8311307589895,2.0913604740761187,-0.27899464424864817
CYP,2006,60.097,60.318192748707666,0.5335103176433771,59.27251252612665,61.363872971288686,2.0913604451620382,-0.7361435446773115
CYP,2007,61.081,60.95637273941611,0.5335103173119052,59.910692517484776,62.002052961347445,2.0913604438626683,0.8279463107658529
CYP,2008,61.591,61.45492769245293,0.5335103172970093,60.40924747055079,62.500607914355065,2.0913604438042763,0.6855147863061433
CYP,2009,61.482,61.54553887100231,0.53351031729634,60.49985864910148,62.59121909290313,2.0913604438016526,0.036320994478749924
CYP,2010,62.375,62.243476170978234,0.5335103172963099,61.19779594907747,63.289156392879,2.091360443801535,0.9006996195320696
CYP,2011,63.14,62.82556463551856,0.5335103172963085,61.77988441361779,63.87124485741933,2.091360443801529,0.9559376238895183
CYP,2012,61.396,61.73035652333996,0.5335103172963085,60.68467630143919,62.776036745240724,2.091360443801529,-1.5413525751161288
CYP,2013,61.9,61.80489436137297,0.5335103172963085,60.759214139472206,62.85057458327374,2.091360443801529,0.17725155702678563
CYP,2014,61.028,61.241257750821234,0.5335103172963085,60.19557752892047,62.286937972722,2.091360443801529,-0.834424774702363
CYP,2015,61.672,61.59757784061972,0.5335103172963085,60.551897618718954,62.64325806252049,2.091360443801529,0.46711185622683615
CYP,2016,61.932,61.83858888107654,0.5335103172963085,60.79290865917577,62.884269102977306,2.091360443801529,0.3590221667517923
CYP,2017,61.745,61.669071143715186,0.5335103172963086,60.62339092181442,62.71475136561595,2.0913604438015296,-0.11089156389466837
CYP,2018,60.389,60.69487197934283,0.5335103172963184,59.64919175744205,61.74055220124361,2.091360443801568,-1.379507694752256
CYP,2019,60.689,60.826475030627805,0.5335103172974558,59.78079480872479,61.87215525253082,2.0913604438060265,0.007560749820065382
CYP,2020,62.392,62.18904738885349,0.5335103174300649,61.14336716669056,63.23472761101642,2.0913604443258547,1.7046027891809459
CYP,2021,64.018,63.74095168243198,0.5335103328895546,62.69527142996845,64.78663193489551,2.0913605049270543,1.987355549823313
CYP,2022,65.502,65.15417200700414,0.5335121351444373,64.10848822212104,66.19985579188723,2.091367569766194,1.9052957775024382
CYP,2023,66.565,65.70352111381601,0.5337221992176123,64.6574256033495,66.74961662428252,2.0921910209330403,1.4669000801977177
CYP,2024,58.711,60.31003376504476,0.5576692923350728,59.21700195206802,61.4030655780215,2.1860636259534854,-7.543034601855595
CZE,2000,63.868,63.655479515255514,0.6105259230931993,62.45884870599284,64.85211032451818,2.393261618525341,0.0
CZE,2001,63.521,63.44464153076765,0.5359074265342977,62.39426297476042,64.49502008677487,2.100757112014447,-0.3470000000000013
CZE,2002,62.797,63.13885929794721,0.5204890978710618,62.11870066611993,64.15901792977449,2.040317263654562,-0.8562267272725492
CZE,2003,62.545,63.09777043655335,0.5174525158428182,62.083563505501424,64.11197736760528,2.028413862103847,-0.6196965994746719
CZE,2004,63.674,63.55189877219144,0.5168610407260141,62.53885113236846,64.56494641201444,2.0260952796459755,0.8572320208603372
CZE,2005,64.144,63.96586123200284,0.5167460871713923,62.95303890114691,64.97868356285876,2.0256446617118575,0.8474474076024734
CZE,2006,64.119,64.28265443317558,0.5167237555914069,63.269875872216424,65.29543299413474,2.025557121918315,0.3484284451440729
CZE,2007,64.757,64.79728880685421,0.5167194176892016,63.78451874818337,65.81005886552505,2.02554011734167,0.7915583998857514
CZE,2008,65.731,65.42864978075278,0.5167185750669514,64.41588137362156,66.441418187884,2.0255368142624492,1.3228635744512616
CZE,2009,66.24,65.88402524524834,0.5167184113910868,64.87125715892181,66.89679333157487,2.02553617265306,1.0920290403377635
CZE,2010,66.056,66.08734315079268,0.5167183795979012,65.07457512678079,67.10011117480457,2.0255360480237727,0.2972932773930381
CZE,2011,66.375,66.3507739938331,0.5167183734232743,65.33800598192349,67.36354200574272,2.0255360238192353,0.4500269976144011
CZE,2012,66.749,66.63326111825967,0.5167183722311912,65.62049310868653,67.6460291278328,2.0255360191462697,0.5723418169176
CZE,2013,66.458,66.85473806221522,0.5167183720499178,65.84197005299738,67.86750607143306,2.0255360184356777,-0.038749985257936714
CZE,2014,67.714,67.47070145844114,0.5167183723605079,66.45793344861454,68.48346946826774,2.025536019653191,1.2389215967119895
CZE,2015,68.262,67.96186202590424,0.5167183747989277,66.94909401129834,68.97463004051014,2.0255360292117963,1.0940338252125201
CZE,2016,68.384,68.25720381953626,0.5167183916267712,67.24443577194779,69.26997186712472,2.0255360951769434,0.604176980459016
CZE,2017,68.526,68.48350502065136,0.5167185073637717,67.47073674621838,69.49627329508435,2.025536548865985,0.4082808273293921
CZE,2018,68.738,68.70650181401922,0.5167193032922289,67.69373197956645,69.71927164847199,2.0255396689055374,0.39194289752920497
CZE,2019,68.655,68.93565747787244,0.5167247768841428,67.92287691517951,69.94843804056536,2.0255611253858397,0.0897422301673032
CZE,2020,69.742,69.45516895272846,0.5167624173752874,68.4423146146729,70.46802329078402,2.0257086761111265,1.1265523763206744
CZE,2021,69.47,69.79535240677065,0.5170211979779609,68.78199085873385,70.80871395480744,2.0267230960736065,0.22450898412164122
CZE,2022,71.337,70.4837422691082,0.5187973439976041,69.4668994748729,71.50058506334351,2.033685588470608,1.965948553103658
CZE,2023,72.196,70.50515966188891,0.5308510195689493,69.46469166353377,71.54562766024405,2.080935996710281,1.7254587101798933
CZE,2024,67.073,68.9957129973763,0.6072987999683396,67.80540734943835,70.18601864531425,2.380611295875891,-4.362533137257884
DEU,2000,80.536,80.86440397272771,0.4437300281887096,79.99469311747784,81.73411482797759,1.7394217104997416,0.0
DEU,2001,81.924,81.70659842418233,0.38742409042626663,80.94724720694686,82.46594964141781,1.5187024344709652,1.3880000000000052
DEU,2002,83.366,82.66219632682841,0.37864076484997466,81.92006042772246,83.40433222593435,1.4842717982119007,1.924634759947594
DEU,2003,82.819,82.78825581514221,0.37730375551013395,82.04874045434235,83.52777117594206,1.4790307215997252,0.18990631783026402
DEU,2004,82.837,82.95324895233726,0.3771012187837893,82.21413056352104,83.69236734115348,1.478236777632454,0.09170379597046008
DEU,2005,83.532,83.53744405196312,0.3770705609620083,82.79838575247759,84.27650235144866,1.4781165989710725,0.7306631194525295
DEU,2006,85.409,84.65166745969981,0.3770659208520213,83.91261825482985,85.39071666456977,1.4780984097399235,2.1612381809751184
DEU,2007,85.28,84.9726883080556,0.37706521857638775,84.23364047964587,85.71173613646532,1.4780956568194399,0.7117909270113643
DEU,2008,84.762,84.85575384966528,0.377065112288013,84.11670622958077,85.59480146974978,1.4780952401690108,-0.2410885691244431
DEU,2009,84.732,84.85560733690735,0.3770650962014317,84.11655974835254,85.59465492546217,1.4780951771096122,-0.12379193957595191
DEU,2010,85.289,85.14581757647225,0.3770650937667526,84.40676999268942,85.88486516025509,1.4780951675656702,0.5088405703472034
DEU,2011,85.451,85.35650761825235,0.3770650933982677,84.61746003519174,86.09555520131296,1.4780951661212094,0.35995692944810287
DEU,2012,85.602,85.53169084514171,0.3770650933424981,84.79264326219041,86.27073842809301,1.4780951659025925,0.2910359423013773
DEU,2013,85.758,85.69675982761174,0.3770650933340575,84.95771224467698,86.4358074105465,1.4780951658695054,0.2692232473172851
DEU,2014,86.033,85.8640716060205,0.37706509333278077,85.12502402308826,86.60311918895275,1.4780951658645005,0.3797373395742909
DEU,2015,85.738,85.78253671159779,0.3770650933326045,85.04348912866588,86.52158429452969,1.4780951658638097,-0.14726878034917945
DEU,2016,86.011,85.73347063116233,0.3770650933329772,84.99442304822969,86.47251821409498,1.4780951658652706,0.21570724980085743
DEU,2017,84.539,84.98874379258572,0.37706509334241495,84.24969620963459,85.72779137553685,1.4780951659022665,-1.3880822711392966
DEU,2018,84.335,84.64152357459749,0.37706509356419654,83.90247599121166,85.38057115798331,1.4780951667716504,-0.7440129655973351
DEU,2019,84.743,84.7072074839975,0.37706509877353867,83.96815989040135,85.44625507759363,1.4780951871922716,0.118552712653468
DEU,2020,84.7,84.74693669897616,0.3770652211333899,84.00788886555472,85.4859845323976,1.4780956668428884,0.00312118695751451
DEU,2021,84.353,84.93214924800328,0.3770680951769026,84.19309578145655,85.67120271455002,1.4781069330934582,-0.3457857481792388
DEU,2022,87.693,86.64240390792709,0.3771355959796189,85.90321813980704,87.38158967604714,1.478371536240106,3.2054771469832986
DEU,2023,88.022,87.39803920639416,0.378717631548769,86.65575264855858,88.14032576422974,1.4845731156711743,1.5760436776605502
DEU,2024,87.323,87.356403897994,0.4141428914571501,86.54468383073798,88.16812396525002,1.6234401345120284,-0.08586341726282853
DJI,2000,30.303,30.156999487442345,0.6561162577889954,28.871011622175914,31.442987352708776,2.571975730532862,0.0
DJI,2001,29.163,29.448124641509878,0.595742058018609,28.280470207793403,30.615779075226353,2.335308867432947,-1.1400000000000006
DJI,2002,29.791,29.36416721147694,0.5909879938534034,28.205830743524267,30.52250367942961,2.3166729359053413,0.3290452029685902
DJI,2003,26.42,27.285924414945807,0.5906231592346403,26.128303022845913,28.4435458070457,2.3152427841997896,-3.280319435461589
DJI,2004,26.826,27.029450152885726,0.590595223533569,25.87188351475993,28.187016791011523,2.3151332762515904,-0.501350429975215
DJI,2005,27.762,27.43027946221985,0.5905930848411888,26.27271701593112,28.58784190850858,2.31512489257746,0.7972852856890533
DJI,2006,26.099,26.742232950945834,0.5905929211100283,25.58467082557018,27.89979507632149,2.315124250751311,-1.4424006417209618
DJI,2007,28.802,28.253896578502317,0.590592908575329,27.096334477694672,29.411458679309963,2.3151242016152898,2.303904235392622
DJI,2008,28.912,28.807205164184083,0.5905929076157151,27.64964306525728,29.964767263110886,2.3151241978536032,0.7474640387003078
DJI,2009,30.017,29.438898559591404,0.5905929075422505,28.281336460808593,30.596460658374216,2.3151241975656216,1.311814780831142
DJI,2010,27.735,28.106798507013043,0.5905929075366263,26.949236408241255,29.26436060578483,2.3151241975435752,-1.9190358003294143
DJI,2011,26.585,27.121197590338994,0.5905929075361956,25.963635491568052,28.278759689109936,2.315124197541887,-1.680975335560639
DJI,2012,27.471,27.561382443592002,0.5905929075361628,26.403820344821124,28.71894454236288,2.315124197541758,0.4208932819704927
DJI,2013,28.835,28.84209980972562,0.5905929075361602,27.684537710954746,29.999661908496495,2.3151241975417483,1.480456374389778
DJI,2014,32.288,31.42240473888403,0.59059290753616,30.264842640113155,32.5799668376549,2.3151241975417474,3.8626254066981183
DJI,2015,33.359,32.680276304348986,0.5905929075361601,31.52271420557811,33.83783840311986,2.315124197541748,2.13974442942866
DJI,2016,32.271,32.14356078813053,0.5905929075361608,30.985998689359654,33.3011228869014,2.31512419754175,-0.49595710208209454
DJI,2017,29.764,30.504792379473066,0.5905929075362015,29.34723028070211,31.662354478244023,2.31512419754191,-2.644225677946057
DJI,2018,30.534,30.561542460753373,0.5905929075383045,29.403980361978295,31.71910455952845,2.3151241975501535,0.03837288996325228
DJI,2019,30.322,30.79782267980859,0.5905929076470785,29.640260580820318,31.955384778796862,2.3151241979765476,-0.20138265866573946
DJI,2020,34.545,33.39903862082638,0.5905929132731785,32.241476510810955,34.55660073084181,2.3151242200308597,4.167279713414789
DJI,2021,33.658,33.44286105747108,0.5905932042711836,32.28529837709956,34.6004237378426,2.3151253607430395,0.26603880408902825
DJI,2022,32.268,32.56653282406482,0.5906082553292628,31.408940643619466,33.72412500451018,2.31518436089071,-1.3163900948331744
DJI,2023,32.352,32.1597441452211,0.591386217038826,31.000627159824997,33.318861130617194,2.318233970792198,-0.28023013693442067
DJI,2024,29.747,30.489227273801976,0.6303167804654713,29.253806384089653,31.7246481635143,2.4708417794246476,-2.6825364852329017
DMA,2007,26.033,27.51678278852916,1.5340892320950543,24.509967893622854,30.523597683435465,6.0136297898126125,0.0
DMA,2009,45.321,41.97208208479634,1.4365333423837447,39.156476733724205,44.78768743586848,5.631210702144279,19.287999999999997
DMA,2010,47.549,46.41551276902013,1.4325864064395124,43.60764341239869,49.22338212564158,5.615738713242888,5.972278890332589
DMA,2011,47.212,47.030910587517326,1.4324298073297028,44.22334816515111,49.83847300988354,5.615124844732435,0.8509183624963796
DMA,2012,46.837,46.8988696806412,1.4324235992444936,44.09131942612199,49.706419935160405,5.615100509038415,-0.2055866729303375
DMA,2013,47.198,47.135640491186344,1.4324233531444424,44.32809071902324,49.94319026334945,5.615099544326214,0.3200672423821942
DMA,2014,47.077,47.15109592541811,1.4324233433885911,44.34354617237647,49.95864567845975,5.615099506083277,-0.057273814627428976
DMA,2015,48.03,47.86007189472129,1.4324233430018514,45.05252214243766,50.667621647004914,5.615099504567257,0.9415966401404887
DMA,2016,48.284,48.0584972388569,1.4324233429865205,45.25094748660332,50.86604699111048,5.61509950450716,0.44147424848674177
DMA,2017,46.029,46.5023633857235,1.4324233429859126,43.69481363347111,49.30991313797589,5.615099504504777,-2.167101371818127
DMA,2018,47.155,46.97606612316927,1.4324233429858935,44.16851637091692,49.78361587542162,5.615099504504702,0.694524691151301
DMA,2019,46.408,46.51633882255089,1.4324233429866164,43.70878907029712,49.32388857480466,5.615099504507536,-0.6087183951269495
DMA,2020,46.327,46.37092458567706,1.432423343096323,43.563374833208265,49.178474338145854,5.615099504937586,-0.20219735650344006
DMA,2021,46.233,46.412389170385595,1.4324233597175133,43.60483938533927,49.21993895543192,5.615099570092652,-0.13425799991651388
DMA,2022,48.542,48.13876453474454,1.432425877923423,45.33120981401463,50.94631925547445,5.6151094414598175,2.2822688960780866
DMA,2023,49.645,48.717434272271944,1.4328073498046359,45.90913186665486,51.52573667788903,5.616604811234173,1.5574054512710944
DMA,2024,39.845,41.734466169751734,1.489474312607593,38.81509651704085,44.65383582246262,5.838739305421765,-9.48991667541322
DNK,2000,72.355,72.40130768230178,0.4107564011358829,71.59622513607545,73.20639022852811,1.610165092452661,0.0
DNK,2001,72.599,72.63352041595215,0.37271165717258403,71.90300556789389,73.36403526401041,1.4610296961165294,0.24399999999999977
DNK,2002,73.404,73.25240993774311,0.3697033532150936,72.52779136544153,73.97702851004469,1.4492371446031669,0.869121390858183
DNK,2003,74.017,73.81792538152004,0.369471393873439,73.0937614495281,74.54208931351198,1.448327863983881,0.8530813501265868
DNK,2004,74.152,74.05762230625513,0.36945354758254756,73.33349335299333,74.78175125951692,1.4482579065235863,0.3715287996895853
DNK,2005,74.124,74.11307124441431,0.3694521747740986,73.38894498185708,74.83719750697155,1.4482525251144664,0.0750409967541259
DNK,2006,74.1,74.176332519203,0.3694520691735407,73.45220646362286,74.90045857478314,1.4482521111602795,-0.0031874307260721935
DNK,2007,74.677,74.65924029629062,0.36945206105043615,73.93511425663176,75.38336633594948,1.4482520793177096,0.5761159667687821
DNK,2008,75.83,75.56827699752195,0.36945206042558315,74.84415095908781,76.29240303595608,1.4482520768682858,1.3127856611178288
DNK,2009,76.579,76.22354624834912,0.36945206037751765,75.49942021000919,76.94767228668906,1.4482520766798692,1.113100873719148
DNK,2010,75.737,75.92441634495808,0.3694520603738203,75.20029030662539,76.64854238329076,1.4482520766653755,-0.5332816669362757
DNK,2011,76.275,76.17730489246657,0.3694520603735359,75.45317885413444,76.9014309307987,1.4482520766642606,0.3900944227366807
DNK,2012,76.285,76.24449418929082,0.36945206037351397,75.52036815095873,76.9686202276229,1.4482520766641747,0.11819262007225007
DNK,2013,76.126,76.1950496582107,0.36945206037351225,75.47092361987862,76.9191756965428,1.448252076664168,-0.12621929744824456
DNK,2014,76.454,76.41294022700316,0.36945206037351214,75.68881418867107,77.13706626533525,1.4482520766641676,0.29299309987871425
DNK,2015,76.809,76.67025180227299,0.3694520603735122,75.9461257639409,77.39437784060507,1.4482520766641678,0.4362615851223808
DNK,2016,76.831,76.55663579249763,0.36945206037351247,75.83250975416554,77.28076183082972,1.4482520766641689,0.1429970745035405
DNK,2017,74.406,75.05441359939911,0.36945206037352907,74.330287561067,75.77853963773123,1.448252076664234,-2.3853397863402535
DNK,2018,74.907,74.97018322559848,0.3694520603744372,74.24605718726458,75.69430926393237,1.4482520766677938,-0.16057357348596213
DNK,2019,75.009,75.08954079980275,0.3694520604241714,74.36541476137137,75.81366683823413,1.4482520768627518,0.05746494741468666
DNK,2020,75.886,75.7070523782089,0.3694520631479829,74.98292633443886,76.43117842197894,1.448252087540093,0.8929378931374998
DNK,2021,76.096,76.14682122296041,0.3694522123239048,75.42269488680556,76.87094755911527,1.4482526723097067,0.45765616883889493
DNK,2022,77.889,77.28452287585272,0.36946038220257427,76.56038052673567,78.00866522496976,1.4482846982340911,1.9199308585638306
DNK,2023,77.184,76.82378543659875,0.3699075492910957,76.09876663998821,77.5488042332093,1.4500375932210952,-0.17250751141629905
DNK,2024,73.053,74.21200191160038,0.39362270380165565,73.44050141214913,74.98350241105163,1.5430009989024902,-4.1788449281877575
DOM,2000,38.857,38.76580687542741,0.5066205596135912,37.77283057858477,39.75878317227005,1.9859525936852775,0.0
DOM,2001,38.27,38.38273618137875,0.4600397699124027,37.48105823235044,39.284414130407065,1.8033558980566184,-0.5869999999999962
DOM,2002,38.126,38.15643342277662,0.4562679906038326,37.26214816119311,39.050718684360135,1.7885705231670237,-0.2996640075634289
DOM,2003,37.532,37.870650634249195,0.4559710099016518,36.976947454841955,38.764353813656435,1.787406358814475,-0.6776212893200508
DOM,2004,39.039,38.67150836339905,0.45594768401204216,37.777850902735445,39.56516582406265,1.7873149213272053,1.3171752616992194
DOM,2005,38.664,38.68015129650208,0.45594585227459644,37.78649742604387,39.57380516696029,1.787307740916418,-0.005902409937760922
DOM,2006,38.665,38.75817364805631,0.45594570843397403,37.86452005952572,39.6518272365869,1.7873071770611781,-0.0006540070906737583
DOM,2007,39.409,39.25863501388394,0.45594569713863276,38.36498144749222,40.15228858027566,1.7873071327834404,0.7438167300472429
DOM,2008,39.615,39.571170594967775,0.455945696251646,38.67751703031455,40.464824159621,1.7873071293064522,0.41443700161388364
DOM,2009,40.076,39.96031549772161,0.4559456961819937,39.0666619332049,40.85396906223832,1.7873071290334153,0.5771361441359204
DOM,2010,40.353,40.20811913960164,0.4559456961765242,39.31446557509565,41.10177270410763,1.7873071290119749,0.4387287216661946
DOM,2011,40.107,40.09005433664526,0.45594569617609465,39.196400772140116,40.9837079011504,1.787307129010291,-0.12305667711282098
DOM,2012,39.711,39.81326850429512,0.4559456961760609,38.91961493979004,40.706922068800196,1.7873071290101588,-0.43048371633918237
DOM,2013,39.538,39.71443409687067,0.45594569617605835,38.820780532365596,40.60808766137574,1.7873071290101488,-0.2936328556172114
DOM,2014,40.581,40.22113884360626,0.4559456961760582,39.32748527910119,41.114792408111335,1.787307129010148,0.9607163536466246
DOM,2015,39.423,39.73330977078818,0.4559456961760582,38.83965620628311,40.626963335293254,1.787307129010148,-0.8887820185067383
DOM,2016,39.892,40.06294711273754,0.45594569617606284,39.16929354823246,40.95660067724262,1.7873071290101663,0.2199399105140003
DOM,2017,41.941,41.3146609272399,0.45594569617625025,40.42100736273445,42.20831449174535,1.7873071290109008,2.110632945596933
DOM,2018,40.993,41.12691881777812,0.4559456961838846,40.233265253257706,42.02057238229853,1.7873071290408276,-0.3565451557788464
DOM,2019,41.328,41.30993168199726,0.4559456964948164,40.416278116867424,42.2035852471271,1.7873071302596804,0.23508667304805186
DOM,2020,41.433,41.567233930137085,0.45594570915849864,40.673580340186426,42.460887520087745,1.7873071799013147,0.17087746669839277
DOM,2021,42.615,42.547369457998784,0.4559462249267347,41.65371485714238,43.441024058855184,1.7873092017128,1.2298843588876238
DOM,2022,44.657,44.03822811072319,0.4559672307245864,43.144532338503,44.93192388294338,1.7873915444403787,2.386645933540173
DOM,2023,45.254,44.30747756767621,0.45682193754000255,43.412106570097805,45.20284856525461,1.79074199515681,1.265800940389866
DOM,2024,39.652,41.122428422727324,0.49036828774039554,40.16130657875615,42.0835502666985,1.9222436879423506,-5.247289296002364
DZA,2000,42.042,41.96439606969736,0.417616146466881,41.14586842262227,42.782923716772444,1.6370552941501735,0.0
DZA,2001,40.866,41.28527550560658,0.39124637408290674,40.518432612404084,42.05211839880907,1.5336857864049944,-1.176000000000002
DZA,2002,43.704,43.21219891997232,0.3901771994437861,42.447451609062504,43.97694623088214,1.5294946218196415,2.6095672730534716
DZA,2003,43.565,43.49251510555567,0.39013472119143305,42.72785105202046,44.257179159090875,1.5293281070704174,0.3803985687677027
DZA,2004,43.879,43.52604711695714,0.3901330349896271,42.761386368377465,44.29070786553681,1.529321497159338,0.38978538108066374
DZA,2005,39.933,40.72910683888629,0.39013296805705266,39.96444622149446,41.493767456278114,1.5293212347836465,-3.8683415803541976
DZA,2006,41.046,40.98717957903365,0.3901329654002157,40.22251896684923,41.75184019121807,1.5293212243688454,0.34229447930339063
DZA,2007,41.067,41.082441200447384,0.39013296529475455,40.31778058846967,41.8471018124251,1.529321223955438,0.08919673370481007
DZA,2008,41.457,41.41987139699084,0.3901329652905684,40.65521078502133,42.18453200896035,1.5293212239390281,0.4077710313136933
DZA,2009,41.978,41.868054381074494,0.39013296529040226,41.1033937691053,42.632714993043685,1.5293212239383769,0.6022418960424645
DZA,2010,42.148,41.97007424025236,0.39013296529039565,41.20541362828318,42.734734852221536,1.529321223938351,0.28998712452244035
DZA,2011,40.418,40.74936781095448,0.3901329652903953,39.984707198985305,41.51402842292366,1.5293212239383496,-1.6722246750871577
DZA,2012,40.684,40.731116981912336,0.3901329652903953,39.96645636994316,41.49577759388151,1.5293212239383496,-0.06716418475319585
DZA,2013,41.025,41.07386435916353,0.3901329652903954,40.30920374719435,41.838524971132706,1.5293212239383498,0.3276186038327964
DZA,2014,42.52,42.23347699769916,0.3901329652903953,41.46881638572998,42.99813760966833,1.5293212239383496,1.5602727989737701
DZA,2015,42.569,42.48073189929301,0.3901329652903954,41.716071287323835,43.24539251126219,1.5293212239383498,0.35985955302960804
DZA,2016,42.239,42.31236539217349,0.3901329652903953,41.54770478020431,43.07702600414267,1.5293212239383496,-0.2583037044023442
DZA,2017,42.657,42.53489063221704,0.39013296529039543,41.770230020247865,43.29955124418622,1.52932122393835,0.3665370929050269
DZA,2018,41.876,42.03621960111647,0.3901329652904,41.27155898914729,42.800880213085655,1.529321223938368,-0.7079733107286259
DZA,2019,42.148,42.23095457030872,0.39013296529097874,41.4662939583384,42.99561518227904,1.5293212239406366,0.1309475718126123
DZA,2020,43.555,43.33881954553217,0.3901329653630509,42.57415893342059,44.103480157643745,1.5293212242231595,1.433089222135223
DZA,2021,44.365,44.043299148458516,0.3901329743390318,43.278638518754015,44.80795977816302,1.5293212594090047,1.0955202470603354
DZA,2022,42.692,42.992409773548026,0.3901340922196737,42.22774695279747,43.757072594298585,1.529325641501121,-1.4547350052118802
DZA,2023,42.779,43.09986963251695,0.39027328973683423,42.334933984632755,43.86480528040114,1.5298712957683902,-0.2028328252560172
DZA,2024,46.728,45.9492758159278,0.4072373771838307,45.15109055664749,46.74746107520811,1.5963705185606163,3.9085887838073603
ECU,2000,41.754,41.43105336870003,0.7881575119572837,39.88626464526375,42.975842092136304,3.089577446872552,0.0
ECU,2001,40.656,41.09066115935578,0.671254758598882,39.77500183250197,42.406320486209594,2.631318653707617,-1.097999999999999
ECU,2002,41.617,41.03114042742116,0.6379113533062455,39.780834174940914,42.2814466799014,2.500612504960482,0.49094524462483946
ECU,2003,39.887,40.375977206287885,0.6285339153129594,39.144050732274486,41.607903680301284,2.4638529480268008,-1.483953663289462
ECU,2004,39.343,39.808679801652616,0.6259164183570908,38.581883621672716,41.035475981632516,2.4535923599597957,-1.31598030458305
ECU,2005,38.486,39.35114404806027,0.6251875837189735,38.12577638397108,40.57651171214946,2.4507353281783764,-1.548449824577112
ECU,2006,39.444,39.451391692552775,0.6249847851316935,38.22642151369465,40.6763618714109,2.4499403577162386,0.14217268364814828
ECU,2007,39.7,39.618938517962555,0.6249283675445111,38.394078917575314,40.843798118349795,2.4497192007744832,0.33096304549064826
ECU,2008,40.546,39.80916692426802,0.624912673314976,38.58433808457067,41.03399576396537,2.449657679394706,1.0205429336894838
ECU,2009,39.036,39.40502604870475,0.6249083075657687,38.18020576587584,40.629846331533656,2.449640565657813,-0.971755561485864
ECU,2010,38.752,39.11299734081654,0.6249070931267834,37.88817943828805,40.337815243345034,2.4496358050569906,-0.7965218676769084
ECU,2011,38.651,38.99271211128621,0.6249067553015657,37.76789487089514,40.21752935167728,2.4496344807821373,-0.5211022833316363
ECU,2012,38.875,39.12880340818652,0.6249066613276728,37.90398635198428,40.35362046438876,2.4496341124044774,-0.05084058462649921
ECU,2013,39.439,39.590752432415805,0.624906635188794,38.36593542744577,40.81556943738584,2.4496340099400724,0.5371855695869883
ECU,2014,41.212,40.47618252154028,0.6249066279378677,39.25136553078206,41.7009995122985,2.4496339815164414,2.0563233840487882
ECU,2015,41.617,41.18589358969931,0.6249066261071575,39.96107660252928,42.41071057686934,2.4496339743400575,1.489549825428675
ECU,2016,41.49,41.90737238362794,0.6249066273141545,40.68255539409219,43.13218937316368,2.4496339790714856,0.6586210885380055
ECU,2017,45.152,43.46371481072071,0.6249066434599138,42.23889778953928,44.68853183190214,2.4496340423628618,4.009371137754151
ECU,2018,45.251,44.331376017621736,0.624906793591943,43.10655870218153,45.55619333306194,2.4496346308804164,2.2136298514484665
ECU,2019,44.67,44.83586666739716,0.6249081769856293,43.61104664050533,46.060686694289,2.449640053783667,0.5865167012139096
ECU,2020,46.341,45.80297124548291,0.6249209206815529,44.578126240947064,47.02781625001875,2.4496900090716873,1.9803417103094674
ECU,2021,47.775,46.83364943749464,0.6250383025801937,45.608574364437466,48.05872451055182,2.450150146114359,2.4784754435877545
ECU,2022,48.603,47.57819996016338,0.6261185818475191,46.35100753974224,48.80539238058452,2.454384840842275,2.1352020474523172
ECU,2023,48.654,47.78446337935908,0.6359837405849453,46.53793524781259,49.03099151090557,2.493056263092986,1.1771521655895114
ECU,2024,46.436,47.278368740839674,0.7205356592237019,45.86611884876122,48.69061863291813,2.8244997841569113,-1.5971442537772447
EGY,2000,40.399,40.287467909722544,0.5069497633591425,39.29384637353863,41.28108944590646,1.9872430723678387,0.0
EGY,2001,39.372,39.823279408174,0.45769642016847956,38.92619442464378,40.72036439170422,1.7941699670604399,-1.027000000000001
EGY,2002,40.962,40.71281010838296,0.4533334286830945,39.824276588164096,41.601343628601825,1.7770670404377304,1.3067217372154971
EGY,2003,41.689,41.427198581704786,0.4529573279233452,40.53940221897503,42.314994944434545,1.7755927254595132,1.108157981949283
EGY,2004,41.928,41.76856617793417,0.45292499362268707,40.880833190433705,42.65629916543463,1.7754659750009332,0.5637411360193525
EGY,2005,41.921,41.80021259333498,0.4529222144098963,40.91248505309159,42.68794013357838,1.7754550804867935,0.15826767490904814
EGY,2006,41.295,41.39668212485153,0.4529219755344876,40.508955052803934,42.28440919689913,1.7754541440951914,-0.5796002926577728
EGY,2007,40.675,41.02649430901397,0.4529219550030036,40.13876727720808,41.91422134081986,1.775454063611774,-0.7899232827573641
EGY,2008,41.922,41.676969623577655,0.4529219532383105,40.78924259523057,42.56469665192474,1.7754540566941772,1.015415591074671
EGY,2009,42.049,41.962647171988266,0.4529219530866341,41.07492014393846,42.85037420003807,1.7754540560996055,0.4246927376411378
EGY,2010,42.107,42.16963065694659,0.45292195307359745,41.281903628922336,43.05735768497084,1.775454056048502,0.18250857074832538
EGY,2011,42.947,42.7996407333175,0.45292195307247696,41.91191370529545,43.68736776133956,1.7754540560441097,0.8935066397015632
EGY,2012,44.014,43.42127358280556,0.4529219530723806,42.5335465547837,44.309000610827425,1.775454056043732,1.3289522888492016
EGY,2013,42.067,42.31944585225267,0.4529219530723723,41.43171882423082,43.20717288027452,1.7754540560436995,-1.5573866738448388
EGY,2014,40.563,41.212056474317215,0.45292195307237165,40.324329446295366,42.099783502339065,1.7754540560436969,-1.9605841883096602
EGY,2015,41.595,41.614924806291306,0.4529219530723717,40.727197778269456,42.502651834313156,1.775454056043697,0.4572090664021431
EGY,2016,42.619,42.45014588485254,0.45292195307237576,41.56241885683068,43.337872912874396,1.7754540560437129,1.1580414901301808
EGY,2017,43.686,43.37588586285904,0.45292195307254424,42.48815883483686,44.26361289088123,1.7754540560443735,1.4065068435346575
EGY,2018,44.112,43.93048618175087,0.45292195307949856,43.04275915371505,44.81821320978669,1.7754540560716343,0.8383502507709508
EGY,2019,44.165,44.279121336296676,0.4529219533665504,43.391394307698235,45.16684836489512,1.7754540571968775,0.2987819083699108
EGY,2020,45.72,45.373371426563935,0.45292196521512723,44.485644374742286,46.261098478385584,1.7754541036432987,1.6425948776278503
EGY,2021,46.967,46.105360931220474,0.4529224542859453,45.21763292082002,46.993088941620925,1.7754560208009056,1.728564958477385
EGY,2022,43.367,44.18029750653149,0.4529426410934031,43.29252992998842,45.06806508307456,1.77553515308614,-3.0932309093422035
EGY,2023,42.939,43.672788533128625,0.45377510393018516,42.78338932942546,44.56218773683179,1.7787984074063259,-1.3348527089098994
EGY,2024,46.443,45.53045213037135,0.4868962130467545,44.57613555279971,46.48476870794299,1.9086331551432776,3.112656828232687
ERI,2000,18.189,18.09437296615726,0.5915452677538483,16.934944241359716,19.253801690954802,2.318857449595085,0.0
ERI,2001,17.243,17.57470999865082,0.5379427720318568,16.52034216546838,18.62907783183326,2.1087356663648786,-0.9460000000000015
ERI,2002,18.368,18.1786824952523,0.5339157521686667,17.13220762100171,19.225157369502888,2.0929497485011734,0.8818261602295827
ERI,2003,18.684,18.51416681367495,0.5336204522221023,17.46827072731963,19.56006290003027,2.0917921727106408,0.5536708545818882
ERI,2004,18.22,18.374507455421547,0.5335988413498416,17.328653726375858,19.420361184467236,2.091707458091379,-0.31427087655021424
ERI,2005,19.071,18.857344098916897,0.5335972600401888,17.811493469238126,19.90319472859567,2.09170125935754,0.7659908869388445
ERI,2006,18.838,18.81250168514541,0.5335971443339331,17.7666512822509,19.85835208803992,2.0917008057890176,-0.025798564811491786
ERI,2007,18.695,18.58686848736386,0.5335971358675794,17.541018101063404,19.632718873664313,2.091700772600911,-0.14997855128322257
ERI,2008,17.461,17.553767860235205,0.5335971352480869,16.507917475148954,18.599618245321455,2.091700770172501,-1.2745694316683647
ERI,2009,15.179,15.802960635101096,0.5335971352027581,14.75711025010369,16.848811020098502,2.091700769994812,-2.6267730184512335
ERI,2010,14.968,15.201406964794877,0.5335971351994413,14.155556579803973,16.247257349785784,2.0917007699818098,-0.9215461972667818
ERI,2011,15.216,15.091131165618528,0.5335971351991986,14.045280780628099,16.136981550608958,2.0917007699808585,-0.0012796832839203631
ERI,2012,13.765,14.221199327640504,0.5335971351991808,13.175348942650109,15.267049712630898,2.091700769980789,-1.45134615632365
ERI,2013,14.944,14.66311576726092,0.5335971351991795,13.617265382270528,15.70896615225131,2.0917007699807835,0.7864086016981009
ERI,2014,13.987,14.189577405938467,0.5335971351991795,13.143727020948075,15.235427790928858,2.0917007699807835,-0.7442752470304175
ERI,2015,14.07,14.198260336514553,0.5335971351991795,13.152409951524161,15.244110721504944,2.0917007699807835,-0.11832761483540111
ERI,2016,14.513,14.866975334409476,0.5335971351991796,13.821124949419085,15.912825719399867,2.091700769980784,0.4109921956842939
ERI,2017,19.259,18.09860310548862,0.5335971351991879,17.052752720498212,19.14445349047903,2.0917007699808168,4.85717402977356
ERI,2018,19.737,19.164880226699605,0.5335971351997082,18.119029841708176,20.210730611691034,2.091700769982856,1.791873148618631
ERI,2019,18.299,18.557561999516206,0.5335971352325717,17.511711614460367,19.603412384572046,2.091700770111681,-0.9532955193144446
ERI,2020,18.689,18.562384090184732,0.5335971373083221,17.51653370106042,19.608234479309044,2.0917007782486228,0.13213207559621054
ERI,2021,17.911,17.93103663181881,0.5335972684186108,16.885185985718334,18.976887277919285,2.091701292200954,-0.7422580675238422
ERI,2022,16.017,16.675307436008683,0.5336055496520188,15.629440558690726,17.72117431332664,2.0917337546359134,-2.0947819646335795
ERI,2023,16.941,17.312155032595847,0.5341283557332038,16.265263455358767,18.359046609832927,2.093783154474159,0.35735821227081743
ERI,2024,21.941,20.562343912549277,0.5661728735946929,19.45264508030368,21.672042744794876,2.219397664491196,5.096665953631245
ESP,2000,75.103,75.33356696611189,0.44139037659405816,74.46844182798753,76.19869210423624,1.730250276248708,0.0
ESP,2001,75.867,75.89920998177436,0.376964295609266,75.1603599623802,76.63806000116853,1.4777000387883226,0.76400000000001
ESP,2002,77.996,77.08792995486641,0.3639111027373273,76.37466419350125,77.80119571623158,1.426531522730323,2.4228644277677205
ESP,2003,78.055,77.66325690268002,0.36129281470114377,76.95512298586577,78.37139081949427,1.4162678336284835,1.1120641228258847
ESP,2004,78.371,78.07637632683713,0.3607697962626128,77.36926752616242,78.78348512751185,1.414217601349442,0.8100796435270183
ESP,2005,78.357,78.34712348090295,0.3606654169358565,77.64021926370867,79.05402769809723,1.4138084343885575,0.34746124507967124
ESP,2006,79.466,78.93609256951306,0.36064458977840813,78.22922917354738,79.64295596547875,1.4137267919313599,1.2641713178775689
ESP,2007,79.202,79.076974720182,0.3606404342229636,78.37011946910499,79.783829971259,1.4137105021540173,0.3006573523271925
ESP,2008,79.029,79.11456405741193,0.3606396050886637,78.40771043143815,79.8214176833857,1.4137072519475617,-0.0387032071229072
ESP,2009,79.658,79.39137619552615,0.3606394396564706,78.68452289379947,80.09822949725283,1.4137066034533647,0.6117120414956503
ESP,2010,79.478,79.4182005497551,0.3606394066487874,78.71134731272348,80.12505378678672,1.4137064740632466,0.09324006153146058
ESP,2011,79.251,79.34461121494594,0.36063940006296474,78.63775799082254,80.05146443906935,1.4137064482468218,-0.18535143777101837
ESP,2012,79.416,79.38847175383032,0.3606393987489356,78.6816185322824,80.09532497537823,1.4137064430958275,0.08220703333775248
ESP,2013,79.48,79.42573927966534,0.3606393984867553,78.7188860586313,80.13259250069937,1.4137064420680807,0.10072032073512105
ESP,2014,79.384,79.38815231052484,0.3606393984344443,78.68129908959334,80.09500553145635,1.4137064418630216,-0.05101014524304048
ESP,2015,79.295,79.31260853147323,0.3606393984240144,78.60575531056216,80.0194617523843,1.4137064418221363,-0.11178526328994565
ESP,2016,79.257,79.1815577110779,0.3606393984221209,78.47470449017054,79.88841093198526,1.4137064418147138,-0.08793235451651071
ESP,2017,78.322,78.71644718378647,0.3606393984265334,78.00959396287047,79.42330040470247,1.4137064418320109,-0.9742777130906575
ESP,2018,78.431,78.55125765717165,0.3606393985497882,77.84440443601406,79.25811087832923,1.4137064423151697,-0.3261913547172952
ESP,2019,78.176,78.44809236859724,0.360639401700564,77.74123914126415,79.15494559593034,1.413706454666211,-0.4007034843856303
ESP,2020,78.625,78.82557192540118,0.3606394821908695,78.11871854030707,79.53242531049528,1.4137067701882085,0.27001336213811555
ESP,2021,80.857,80.12774258863641,0.3606415383947327,79.42088517338273,80.83460000389009,1.4137148305073521,2.352609841816033
ESP,2022,82.398,81.43164430499156,0.3606940623197917,80.72468394284478,82.13860466713835,1.4139207242935834,2.591866144658212
ESP,2023,83.057,82.20756516002612,0.3620332576687992,81.49797997499527,82.91715034505697,1.4191703700616927,1.816737392106063
ESP,2024,81.899,82.05377403410182,0.3947067512084932,81.28014880173318,82.82739926647047,1.5472504647372933,-0.3464979034070552
EST,2000,58.528,58.73004126276184,0.8135700006256674,57.13544406153553,60.324638463988144,3.189194402452616,0.0
EST,2001,59.221,59.11000009564634,0.7119158270826744,57.7146450745643,60.50535511672838,2.7907100421640836,0.6929999999999978
EST,2002,59.477,59.4726657757118,0.6949008628364347,58.11066008455239,60.834671466871214,2.724011382318824,0.5026194622740192
EST,2003,60.04,60.0231834725375,0.6921420132653376,58.666585126537434,61.37978181853756,2.7131966920001234,0.7610219729517311
EST,2004,61.286,60.848754212558106,0.6916975297481127,59.493027054251804,62.20448137086441,2.7114543166126017,1.550397492108388
EST,2005,61.279,61.37892220608414,0.6916259943165587,60.023335257223685,62.7345091549446,2.71117389772091,0.6146291393887395
EST,2006,62.409,62.375352705849444,0.6916144833458598,61.01978831849156,63.73091709320733,2.7111287747157706,1.3765296654671104
EST,2007,64.571,63.86672292564326,0.6916126311340497,62.51116216862052,65.222283682666,2.711121514045475,2.714164646583896
EST,2008,65.867,64.97252594168333,0.6916123330989521,63.616965768809386,66.32808611455728,2.7111203457478923,2.38473842777028
EST,2009,65.152,65.15120531820745,0.6916122851428516,63.795645239327456,66.50676539708743,2.711120157759978,0.24159655203348507
EST,2010,65.542,65.42766297845552,0.6916122774263533,64.07210291469987,66.78322304221116,2.711120127511305,0.4869123010644216
EST,2011,65.889,65.66057967504017,0.6916122761847107,64.30501961371813,67.0161397363622,2.7111201226440658,0.5423165021630183
EST,2012,65.54,65.62928793525512,0.6916122759849216,64.27372787432468,66.98484799618556,2.7111201218608927,-0.13145905320938311
EST,2013,65.673,65.7344301485805,0.6916122759527833,64.37887008771304,67.08999020944796,2.7111201217349103,0.08026745947036318
EST,2014,66.03,66.00372724195789,0.6916122759477525,64.64816718110029,67.35928730281549,2.71112012171519,0.3891979122557956
EST,2015,66.727,66.37719967621705,0.6916122759490538,65.0216396153569,67.73275973707719,2.711120121720291,0.8531200555242293
EST,2016,66.306,66.3553808637574,0.6916122759809777,64.99982080283469,67.71094092468012,2.7111201218454326,-0.0787855475485344
EST,2017,66.331,66.40651297907034,0.6916122764626332,65.05095291720357,67.76207304093711,2.7111201237335223,-0.006603468750782326
EST,2018,66.699,66.61608789858944,0.691612283699955,65.26052782253753,67.97164797464136,2.7111201521038235,0.3653511319676426
EST,2019,66.542,66.79913843753262,0.6916123924426602,65.44357814834501,68.15469872672023,2.711120578375228,-0.010445670665760076
EST,2020,67.855,67.5266794237589,0.6916140263283541,66.17111593215533,68.88224291536248,2.7111269832071483,1.3088098986839896
EST,2021,68.089,68.09239631474797,0.6916385754259442,66.73678470691313,69.44800792258282,2.711223215669701,0.7590066036325567
EST,2022,70.106,68.97787308308817,0.692007327226456,67.62153872172432,70.33420744445202,2.7126687227277073,2.3214624582290213
EST,2023,69.747,68.41150584342219,0.6975244507853733,67.04435791988286,69.77865376696153,2.734295847078663,0.5722147790758783
EST,2024,62.359,65.23049559221624,0.7757108409745535,63.710102343906115,66.75088884052637,3.0407864966202496,-7.158465872841383
ETH,2000,31.363,31.424575920429263,0.5733781055359303,30.30075483357884,32.54839700727969,2.2476421737008465,0.0
ETH,2001,31.532,31.592471344849002,0.5129984203640188,30.586994440935527,32.59794824876248,2.0109538078269535,0.16900000000000048
ETH,2002,32.014,31.994757734569532,0.5062423941951397,31.00252264194706,32.986992827192005,1.9844701852449478,0.5333081316576482
ETH,2003,32.535,32.56863621538753,0.5055110451831083,31.577834566828635,33.55943786394642,1.9816032971177846,0.6946573495694146
ETH,2004,34.187,33.54376879916894,0.5054321998132787,32.55312168753491,34.53441591080296,1.9812942232680524,1.8798302792532553
ETH,2005,33.409,33.44595340319643,0.5054237034584426,32.45532294441788,34.436583861974974,1.9812609175570948,-0.1609865799028043
ETH,2006,33.346,33.38666233523503,0.5054227879380269,32.3960336708765,34.37729099959356,1.9812573287170652,-0.11584473681161
ETH,2007,33.476,33.39649483296416,0.5054226892871032,32.405866361961436,34.38712330396688,1.9812569420054444,0.09197298275262966
ETH,2008,32.962,33.21250100389239,0.5054226786570843,32.22187255372451,34.203129454060274,1.9812569003357705,-0.4838090593270863
ETH,2009,34.301,33.55458756407953,0.5054226775116588,32.56395911615668,34.545216012002385,1.9812568958457024,1.1801854037046624
ETH,2010,31.43,32.21511770164178,0.5054226773882348,31.22448925396084,33.20574614932272,1.9812568953618803,-2.4835937145458047
ETH,2011,31.856,32.10264938790207,0.5054226773749354,31.112020940247195,33.09327783555694,1.9812568953097467,-0.3892615798084904
ETH,2012,33.099,32.5461624058745,0.5054226773735023,31.555533958222433,33.53679085352656,1.9812568953041292,1.1152214472133366
ETH,2013,31.224,31.849365327516068,0.505422677373348,30.858736879864306,32.839993775167834,1.9812568953035241,-1.508918706712155
ETH,2014,32.536,32.33458624232237,0.5054226773733329,31.34395779467064,33.3252146899741,1.981256895303465,0.8166841028743548
ETH,2015,32.682,32.583335394228385,0.5054226773733673,31.592706946576584,33.573963841880186,1.9812568953035998,0.4140837723623605
ETH,2016,32.63,32.722361966166204,0.5054226773741771,31.73173351851282,33.71299041381959,1.9812568953067742,0.08392665680431577
ETH,2017,32.914,33.169758252145456,0.5054226773923077,32.17912980445654,34.160386699834376,1.9812568953778462,0.311549666607533
ETH,2018,34.965,34.50557553833754,0.5054226777981218,33.51494708985322,35.496203986821854,1.9812568969686373,2.1532689306776405
ETH,2019,35.632,35.428656273693626,0.505422686881389,34.4380278074061,36.41928473998115,1.9812569325750449,1.3738295511263843
ETH,2020,36.778,36.35256855743339,0.5054228901906027,35.36193969265981,37.34319742220698,1.9812577295471625,1.5969716882606235
ETH,2021,37.034,36.721153842508805,0.5054274408054185,35.730516058530185,37.711791626487425,1.9812755679572402,0.7802200662875762
ETH,2022,36.427,36.509483817458175,0.5055292857382457,35.51864641741121,37.50032121750514,1.9816748000939233,-0.3508858698154782
ETH,2023,35.335,36.38748755402912,0.5078035186927674,35.3921926573913,37.382782450666944,1.9905897932756482,-1.2071813869251429
ETH,2024,40.353,38.83587562247573,0.5562794986063173,37.74556780520735,39.926183439744115,2.180615634536764,4.621732044013697
FIN,2000,71.724,71.77233465146216,0.3417250733563055,71.1025535076838,72.44211579524053,1.3395622875567175,0.0
FIN,2001,72.16,72.2298806213326,0.3202527348490387,71.60218526102848,72.85757598163671,1.2553907206082318,0.43599999999999284
FIN,2002,74.354,73.90861005015653,0.3193963303525902,73.28259324266544,74.53462685764761,1.2520336149821536,2.278064230850262
FIN,2003,73.999,73.9577313286412,0.3193628395985696,73.331780163028,74.5836824942544,1.2519023312263928,0.0948684639169528
FIN,2004,73.61,73.71070509935876,0.31936153098094555,73.08475649863611,74.33665370008141,1.2518972014453065,-0.3702482329073291
FIN,2005,74.034,74.01260981311992,0.31936147984967655,73.38666131261456,74.63855831362528,1.251897001010732,0.3508138374209153
FIN,2006,74.681,74.5387093630241,0.31936147785184055,73.9127608664345,75.1646578596137,1.251896993179215,0.7163447055466605
FIN,2007,74.502,74.5311161352921,0.3193614777737798,73.90516763885549,75.1570646317287,1.2518969928732169,-0.03740149358407052
FIN,2008,74.814,74.76943545694796,0.3193614777707297,74.14348696051734,75.39538395337858,1.2518969928612604,0.30460691731283873
FIN,2009,75.03,74.94109046763444,0.3193614777706105,74.31514197120404,75.56703896406484,1.2518969928607933,0.2762110747770379
FIN,2010,74.441,74.56466675971105,0.31936147777060586,73.93871826328066,75.19061525614143,1.251896992860775,-0.5344018778548758
FIN,2011,74.788,74.76249828980124,0.3193614777706057,74.13654979337086,75.38844678623163,1.2518969928607744,0.24136578882557558
FIN,2012,75.021,75.0061445657828,0.31936147777060564,74.38019606935242,75.63209306221319,1.2518969928607742,0.2807103201983949
FIN,2013,75.599,75.451910713193,0.31936147777060564,74.82596221676262,76.07785920962338,1.2518969928607742,0.633487479500829
FIN,2014,75.215,75.21199010359211,0.31936147777060564,74.58604160716173,75.8379386000225,1.2518969928607742,-0.2587797248494894
FIN,2015,74.52,74.61778514416619,0.31936147777060564,73.99183664773581,75.24373364059657,1.2518969928607742,-0.7461525000850315
FIN,2016,73.934,74.07247686980205,0.31936147777060564,73.44652837337166,74.69842536623243,1.2518969928607742,-0.7334905572538162
FIN,2017,73.982,74.00104789301132,0.31936147777060564,73.37509939658094,74.6269963894417,1.2518969928607742,-0.09698769489808967
FIN,2018,73.969,73.99969319971123,0.3193614777706072,73.37374470328083,74.62564169614163,1.2518969928607802,-0.032171374706450706
FIN,2019,74.304,74.26665610373747,0.3193614777708264,73.64070760730665,74.8926046001683,1.2518969928616395,0.32864074504537655
FIN,2020,74.61,74.56964663143174,0.31936147780223884,73.94369813493935,75.19559512792412,1.2518969929847763,0.3709617961710592
FIN,2021,74.908,74.93139732676681,0.3193614823036467,74.30544882145166,75.55734583208196,1.251897010630295,0.37132731851855283
FIN,2022,76.289,75.99333697891356,0.3193621273552473,75.36738720929728,76.61928674852984,1.2518995392325696,1.4543995706315087
FIN,2023,76.299,75.90365504144752,0.3194545498567362,75.27752412372831,76.52978595916673,1.2522618354384059,0.2974884197502661
FIN,2024,71.219,72.21153034701922,0.3324331459766557,71.55996138090498,72.86309931313346,1.3031379322284902,-5.0211960252086385
FJI,2000,34.0,33.85184451479089,1.1006869115639408,31.694498168125566,36.00919086145621,4.314692693330648,0.0
FJI,2001,33.477,33.66762821162271,0.9528555269907772,31.80003137872079,35.53522504452464,3.735193665803847,-0.5230000000000032
FJI,2002,33.484,33.639695930292184,0.9200644036644812,31.836369699109802,35.443022161474566,3.606652462364766,-0.19854651626820896
FJI,2003,33.77,33.77728669587361,0.913017447348282,31.98777249907098,35.56680089267625,3.5790283936052654,0.19726029084451113
FJI,2004,34.284,33.981994785928656,0.9115163904476461,32.19542266065127,35.768566911206044,3.5731442505547726,0.6043425302189434
FJI,2005,34.494,33.93183798166138,0.9111972921887793,32.14589128897138,35.717784674351385,3.5718933853800148,0.4881871829831681
FJI,2006,32.258,33.2210971779305,0.9111294866991259,31.435283384000215,35.00691097186079,3.5716275878605734,-2.0110397180165336
FJI,2007,33.227,33.29737981867088,0.9111150799673812,31.511594261934817,35.08316537540695,3.571571113472134,0.04208709169448355
FJI,2008,33.893,33.48665760655032,0.9111120190076252,31.700878049295373,35.272437163805265,3.5715591145098906,0.6853993950541408
FJI,2009,33.524,33.29603799284081,0.9111113686563869,31.51025971027429,35.08181627540733,3.5715565651330365,-0.053072488190970546
FJI,2010,32.14,32.76385464418756,0.9111112304786948,30.97807663244932,34.549632655925805,3.5715560234764836,-1.4084632484919837
FJI,2011,33.233,32.71038202979868,0.9111112011206233,30.924604075602257,34.4961599839951,3.571555908392843,0.4437822304121184
FJI,2012,30.237,32.039820315850704,0.9111111948832193,30.254042373879596,33.82559825782182,3.57155588394222,-2.7914427717642276
FJI,2013,32.711,33.12797021458164,0.9111111935598587,31.342192275204315,34.91374815395896,3.571555878754646,1.187310788519028
FJI,2014,36.226,35.16088094652996,0.9111111932968238,33.37510300766818,36.946658885391734,3.571555877723549,4.062279709441519
FJI,2015,37.858,36.86300338011989,0.911111193416142,35.077225441024254,38.64878131921553,3.5715558781912766,3.504469519060166
FJI,2016,37.866,38.1708878108083,0.9111111951342138,36.385109868345246,39.95666575327136,3.571555884926118,1.6233521730621092
FJI,2017,41.855,40.39123906573218,0.9111112118533257,38.60546109049966,42.1770170409647,3.5715559504650365,4.737268873862547
FJI,2018,43.491,41.90886154647754,0.9111113734091381,40.12308325459563,43.69463983835945,3.571556583763821,3.819599408854657
FJI,2019,42.006,42.28512635696474,0.9111129342711299,40.49934500579332,44.070907708136154,3.5715627023428294,0.2756083237686795
FJI,2020,44.309,43.14143757907259,0.9111280142728944,41.35562667109772,44.92724848704746,3.571621815949746,2.430039057499684
FJI,2021,42.576,43.04138097107078,0.9112736956037909,41.25528452768735,44.82747741445421,3.57219288676686,-0.6128964148436751
FJI,2022,44.005,43.42692702661073,0.9126799860585715,41.638074253935926,45.21577979928553,3.5777055453496,1.1464911779803941
FJI,2023,44.802,43.322337945436665,0.9261567765388276,41.50707066342056,45.13760522745277,3.630534564032204,1.3254642956016056
FJI,2024,39.182,41.490869623588736,1.0474692902018594,39.43782981479309,43.54390943238438,4.106079617591289,-5.009039733777904
FRA,2000,75.842,76.02241068809832,0.50563963522738,75.03135700305265,77.01346437314399,1.9821073700913294,0.0
FRA,2001,75.742,76.21029312854104,0.42729202933727295,75.37280075103999,77.04778550604209,1.67498475500211,-0.09999999999999432
FRA,2002,77.799,76.93074317722021,0.4029038898652026,76.14105155308441,77.720434801356,1.5793832482715942,2.012920927608903
FRA,2003,77.467,77.29305442270392,0.39532815643521557,76.51821123609089,78.06789760931694,1.549686373226045,0.7186325907464806
FRA,2004,77.965,77.74755179489885,0.3929869628337,76.97729734774481,78.5178062420529,1.540508894308104,0.8896766803574394
FRA,2005,78.941,78.32759235467613,0.3922649657145573,77.55875302187559,79.09643168747667,1.5376786656010646,1.4670800323762165
FRA,2006,79.012,78.75250725140032,0.3920424663190594,77.98410401741496,79.52091048538567,1.536806467970713,0.8839091490632711
FRA,2007,79.625,79.24493005172087,0.3919739133796394,78.47666118149678,80.01319892194496,1.5365377404481864,1.1033512829966412
FRA,2008,80.346,79.7405218383696,0.3919527933997646,78.97229436330606,80.50874931343314,1.536454950127077,1.333309272064085
FRA,2009,80.363,80.02764432866158,0.39194628683571076,79.25942960646358,80.79585905085958,1.536429444395986,0.757007945612358
FRA,2010,80.323,80.20865985695644,0.39194428233100614,79.44044906358768,80.97687065032521,1.5364215867375441,0.38016594195337916
FRA,2011,80.62,80.41498571663938,0.39194366479601517,79.6467761336392,81.18319529963956,1.5364191660003794,0.5080076559499815
FRA,2012,80.483,80.57923102186007,0.3919434745499675,79.81102181174214,81.347440231978,1.5364184202358724,0.1449659587041907
FRA,2013,81.411,80.95636509282313,0.3919434159408896,80.18815599757899,81.72457418806728,1.5364181904882872,1.0084623830298938
FRA,2014,81.576,81.18070226248142,0.3919433978914889,80.4124932026141,81.94891132234874,1.5364181197346365,0.7247404547709948
FRA,2015,81.58,81.19556782703715,0.3919433923947474,80.42735877794345,81.96377687613085,1.5364180981874098,0.40626249115011603
FRA,2016,80.277,80.85632895839592,0.3919433913281244,80.0881199113928,81.62453800539905,1.5364180940062475,-1.0775066313379966
FRA,2017,80.699,80.81634283343352,0.39194339715726617,80.04813377500528,81.58455189186176,1.5364181168564834,-0.1760630935610692
FRA,2018,80.734,80.85822006945193,0.39194345944952635,80.09001088893086,81.626429249973,1.5364183610421434,-0.06272268274572923
FRA,2019,80.72,81.04904870665976,0.3919440729845469,80.28083832361006,81.81725908970947,1.5364207660994238,-0.04881381991087608
FRA,2020,82.578,81.69354106061027,0.3919501010599802,80.9253188625327,82.46176325868784,1.5364443961551222,1.8309062045563707
FRA,2021,81.823,81.97479880475677,0.392009318858138,81.20646053979482,82.74313706971873,1.536676529923901,0.26123266274484536
FRA,2022,83.201,82.60827636845336,0.39259062678389595,81.83879873995693,83.37775399694979,1.5389552569928722,1.5229955021197412
FRA,2023,83.653,83.14743670024471,0.3982565488571148,82.36685386448477,83.92801953600465,1.56116567151989,1.2973288162259848
FRA,2024,84.444,83.60528814771413,0.45014496071657684,82.72300402470964,84.48757227071863,1.764568246008981,1.5110739798327728
FSM,2009,33.945,34.0758168524647,1.441759253869463,31.249968714880552,36.90166499004884,5.651696275168295,0.0
FSM,2010,35.164,34.732101454544704,1.3208736016236573,32.14318919536234,37.32101371372707,5.177824518364736,1.2190000000000012
FSM,2011,33.647,33.91476075271583,1.3126949619072008,31.341878627377714,36.48764287805394,5.145764250676227,-1.2182049171132476
FSM,2012,33.56,33.64227262974148,1.3121559478036058,31.07044697204641,36.21409828743654,5.143651315390135,-0.39851223033121386
FSM,2013,33.505,33.518158360960065,1.3121204916679687,30.946402197290848,36.089914524629286,5.1435123273384376,-0.157182166538135
FSM,2014,33.16,33.348886308365955,1.3121181596716847,30.777134715409453,35.92063790132246,5.143503185913004,-0.38531012259245756
FSM,2015,34.076,33.910414616652545,1.3121180062945217,31.338663324315284,36.482165908989806,5.143502584674525,0.8171842077780482
FSM,2016,34.042,34.18465024441189,1.3121179962067966,31.61289897184657,36.75640151697721,5.143502545130643,0.17557343810062775
FSM,2017,36.104,35.3546916960637,1.3121179955434021,32.78294042479864,37.92644296732877,5.143502542530136,2.1070272173361815
FSM,2018,33.286,34.052066197029944,1.312117995504094,31.48031492584192,36.62381746821797,5.143502542376049,-2.2776359575175817
FSM,2019,35.432,35.18638943116448,1.3121179957277869,32.61463815953802,37.75814070279094,5.143502543252924,1.561881976534977
FSM,2020,36.585,36.15237620700568,1.3121180075848644,33.58062491213935,38.72412750187201,5.143502589732669,1.553557169823911
FSM,2021,34.784,35.93915255299866,1.3121186281393966,33.36740004184544,38.51090506415187,5.143505022306434,-1.4025777936784678
FSM,2022,41.134,40.89824418874141,1.3121511046961292,38.326428023537,43.47006035394582,5.143632330408826,5.990297666574875
FSM,2023,53.032,49.00600365291597,1.3138496576688847,46.430858323884955,51.58114898194699,5.150290658062028,13.434259919620573
FSM,2024,43.937,45.38590481278525,1.3998706317746583,42.64215837450692,48.12965125106358,5.487492876556661,-5.649676209257748
GAB,2000,34.594,34.43959251154067,0.3865206161091781,33.68201210396668,35.19717291911466,1.515160815147978,0.0
GAB,2001,33.88,34.08642317195348,0.3370655683346157,33.42577465801763,34.747071685889324,1.3212970278716936,-0.7139999999999986
GAB,2002,33.977,33.93635688963369,0.3289657425142944,33.29158403430568,34.58112974496171,1.289545710656034,-0.15569795829173216
GAB,2003,33.789,33.586746563255986,0.3276731024724385,32.94450728241001,34.22898584410196,1.284478561691959,-0.2489252858601887
GAB,2004,31.905,32.540320349037614,0.3274679156869159,31.89848323429126,33.182157463783966,1.2836742294927104,-1.9828516596264052
GAB,2005,31.66,32.00459489288498,0.32743537431239894,31.36282155923268,32.646368226537284,1.2835466673046039,-1.0342384850810085
GAB,2006,31.695,31.77058832070662,0.3274302141793591,31.128825100915076,32.412351540498165,1.2835264395830877,-0.3768105669519173
GAB,2007,31.213,31.511358550811266,0.3274293959479578,30.869596934753268,32.153120166869265,1.2835232321159944,-0.6320462108439173
GAB,2008,31.749,31.67386155291883,0.3274292662031946,31.032100191160566,32.31562291467709,1.283522723516523,0.28431647851947517
GAB,2009,31.805,31.806432585150155,0.32742924562992637,31.164671263715498,32.44819390658481,1.2835226428693114,0.16921621039675472
GAB,2010,32.436,32.046019128444534,0.32742924236768045,31.40425781340388,32.68778044348519,1.2835226300813074,0.6983827370283073
GAB,2011,31.576,31.65649434028041,0.32742924185039524,31.014733026253637,32.298255654307184,1.2835226280535492,-0.5819005086575544
GAB,2012,30.565,31.130004020289803,0.32742924176837074,30.488242706423797,31.77176533415581,1.2835226277320133,-1.2427156880168546
GAB,2013,31.538,31.374231894379502,0.3274292417553645,30.732470580538987,32.01599320822002,1.2835226276810288,0.4781444076106389
GAB,2014,31.352,31.466951385929768,0.32742924175330534,30.82519007209329,32.108712699766244,1.283522627672957,0.00439949072178436
GAB,2015,32.115,31.873264058594224,0.32742924175304355,31.23150274475826,32.51502537243019,1.2835226276719307,0.7647518991742857
GAB,2016,32.761,32.09188017811718,0.32742924175430266,31.450118864278746,32.73364149195561,1.2835226276768663,0.9505280250433898
GAB,2017,30.441,31.080079332608896,0.3274292417806231,30.438318018718874,31.72184064649892,1.2835226277800424,-1.941494993961367
GAB,2018,30.151,30.613429416373663,0.32742924230942394,29.971668101447193,31.255190731300132,1.2835226298529419,-1.0631130014602732
GAB,2019,30.833,30.749533403689544,0.3274292529302161,30.10777206794632,31.391294739432766,1.283522671486447,0.25866309415847866
GAB,2020,30.916,30.817543911285558,0.32742946624476926,30.17578215744581,31.459305665125306,1.2835235076794955,0.18600093572934995
GAB,2021,31.009,30.732629434401105,0.3274337505580519,30.090859283307324,31.374399585494885,1.2835403021875635,0.16706650140402246
GAB,2022,29.749,30.002039754256284,0.3275197875151359,29.360100970726617,30.64397853778595,1.2838775670593325,-1.1934732848935177
GAB,2023,28.767,29.22840575908836,0.3292430470225325,28.583089386924197,29.873722131252524,1.2906327443283274,-1.4572470216593594
GAB,2024,28.462,28.814524127509813,0.36212182442377766,28.10476535163921,29.524282903380417,1.4195175517412084,-0.885283040794981
GBR,2000,77.742,77.83410934015059,0.35144139760058274,77.14528420085345,78.52293447944773,1.3776502785942843,0.0
GBR,2001,77.654,78.00936634512685,0.3049458730793871,77.41167243389125,78.60706025636244,1.1953878224711973,-0.08800000000000807
GBR,2002,79.66,78.90105082178569,0.29637509280234436,78.32015563989309,79.48194600367829,1.1617903637851899,1.9734821134922669
GBR,2003,79.006,79.06727547613153,0.2948359836154819,78.48939694824519,79.64515400401787,1.155757055772689,0.16098606356702305
GBR,2004,79.344,79.45483279735159,0.2945613165393586,78.87749261693445,80.03217297776872,1.1546803608342855,0.40569681889124354
GBR,2005,80.823,80.3041250158945,0.2945123572583125,79.72688079566821,80.88136923612079,1.154488440452585,1.6501440037526436
GBR,2006,81.241,80.83936782572201,0.2945036321271533,80.26214070675279,81.41659494469123,1.1544542379384408,1.114509769822817
GBR,2007,81.212,81.04680601916262,0.29450207726259175,80.46958194772793,81.6240300905973,1.1544481428693596,0.4414710840704572
GBR,2008,81.269,81.1105965149519,0.2945018001793531,80.53337298660036,81.68782004330343,1.1544470567030642,0.24336274735071584
GBR,2009,81.027,80.9428389579517,0.29450175080204316,80.36561552637968,81.5200623895237,1.1544468631440092,-0.13926644233066554
GBR,2010,80.172,80.5120648815562,0.29450174200281654,79.93484146723068,81.08928829588172,1.1544468286510408,-0.9137902026282916
GBR,2011,80.176,80.37439825886183,0.2945017404347605,79.7971748476097,80.95162167011397,1.1544468225042612,-0.3817491849638799
GBR,2012,80.475,80.4866363364387,0.29450174015532704,79.90941292573427,81.06385974714314,1.1544468214088819,0.13784764883784817
GBR,2013,80.804,80.69705722991338,0.2945017401055327,80.11983381930654,81.27428064052023,1.1544468212136882,0.38719127756895944
GBR,2014,80.978,80.86733708571266,0.29450174009668817,80.29011367512315,81.44456049630217,1.1544468211790175,0.3374496874497339
GBR,2015,80.945,80.96313041165347,0.2945017400955782,80.38590700106613,81.5403538222408,1.1544468211746666,0.10945167477846951
GBR,2016,80.998,81.15699834124119,0.29450174010289004,80.57977493063953,81.73422175184285,1.154446821203329,0.09920414526865784
GBR,2017,82.066,81.76232660361192,0.2945017402251552,81.18510319277063,82.33955001445322,1.1544468216826083,1.109878233005901
GBR,2018,82.549,82.25909955780267,0.2945017421953594,81.68187614309977,82.83632297250557,1.1544468294058088,0.9515261802736035
GBR,2019,82.895,82.595937245788,0.2945017739308626,82.0187137688835,83.17316072269249,1.1544469538089812,0.747679133274417
GBR,2020,82.895,82.64585172048243,0.29450228511482635,82.06862724165737,83.22307619930749,1.1544489576501193,0.3156267399124033
GBR,2021,81.994,82.29656765988516,0.2945105189654797,81.71932704271282,82.87380827705749,1.1544812343446804,-0.7677607072148049
GBR,2022,82.218,82.23166927893334,0.29464311525524195,81.65416877303306,82.80916978483361,1.1550010118005485,-0.10010401503355126
GBR,2023,82.396,82.14551874119971,0.29677076742265496,81.5638480370513,82.72718944534812,1.1633414082968074,0.13574189420157268
GBR,2024,80.997,81.5633868848367,0.32915272538321444,80.9182475430856,82.20852622658781,1.2902786835022007,-1.3416976497943125
GEO,2000,39.171,40.15846505990855,1.2315226765579552,37.74468061385496,42.57224950596214,4.827568892107184,0.0
GEO,2001,42.355,40.882146287768656,1.043234435277336,38.837406794625075,42.92688578091224,4.089478986287157,3.1839999999999975
GEO,2002,40.605,40.86064170053024,0.9759579980940772,38.947764024265844,42.77351937679463,3.8257553525287826,-0.29462716217560114
GEO,2003,40.672,40.99960046804749,0.9519418315998893,39.13379447811171,42.86540645798327,3.731611979871566,-0.094941195717972
GEO,2004,42.101,41.432197673641376,0.9434143361429445,39.5831055748012,43.28128977248155,3.6981841976803422,1.3740186203804683
GEO,2005,41.008,41.660953711252034,0.9403945961299307,39.81778030283737,43.5041271196667,3.686346816829328,-0.28348053091530545
GEO,2006,43.603,42.45609145319504,0.9393263872532973,40.61501173417858,44.297171172211506,3.6821594380329254,2.4269890475552245
GEO,2007,42.638,42.94043541595106,0.9389486642038615,41.10009603411149,44.78077479779063,3.6806787636791367,0.4764067953925988
GEO,2008,44.676,43.90454755223754,0.9388151184307072,42.06446992011335,45.74462518436172,3.680155264248372,2.3211492946098744
GEO,2009,45.548,44.90671115715909,0.9387679050316485,43.066726063297054,46.74669625102112,3.679970187724062,2.251917729304587
GEO,2010,47.211,46.0558264637962,0.9387512136319397,44.2158740850776,47.8957788425148,3.6799047574372037,3.001882380858703
GEO,2011,47.952,47.093086571956164,0.9387453127429244,45.25314575898003,48.933027384932295,3.6798816259522633,2.5258332257217475
GEO,2012,48.844,48.15216218301193,0.9387432266235789,46.312225458829715,49.99209890719415,3.6798734483644293,2.3938052346040806
GEO,2013,50.821,49.35716896362541,0.9387424891945202,47.517233684804154,51.19710424244667,3.679870557642519,3.400310036733188
GEO,2014,51.041,50.27628921738813,0.9387422289976745,48.43635444855269,52.116223986223574,3.679869537670884,2.2417611097489214
GEO,2015,52.134,51.212327528212725,0.9387421405482631,49.37239293273813,53.05226212368732,3.679869190949191,2.4259101383517603
GEO,2016,51.983,52.07016544668507,0.9387421340709099,50.23023086390609,53.91010002946405,3.6798691655579665,1.291402039308423
GEO,2017,55.777,53.478688829255255,0.9387423055380133,51.63875391040075,55.31862374810976,3.679869837709012,4.561844209631566
GEO,2018,55.139,54.16083255592578,0.9387435839499488,52.32089513138388,56.00076998046768,3.6798748490837996,2.07438981608351
GEO,2019,55.476,54.58128790574823,0.9387525708907587,52.741332866802345,56.42124294469412,3.679910077891774,1.5703945653618518
GEO,2020,55.114,54.64556203830104,0.9388155639874505,52.80548353288563,56.48564054371644,3.680157010830806,0.5717281318986593
GEO,2021,54.365,54.433876069465946,0.9392569426204788,52.592932461929806,56.274819677002085,3.6818872150722766,-0.4090608198387429
GEO,2022,54.739,54.14666560447813,0.942344590977352,52.29967020616252,55.99366100279374,3.69399079663122,0.13077985388120084
GEO,2023,53.058,53.29896634920118,0.9637071112552811,51.41010041114083,55.18783228726153,3.777731876120702,-1.6032406702581667
GEO,2024,49.36,52.12555356758995,1.1018658289482253,49.965896542851425,54.28521059232847,4.319314049477043,-4.651257831690259
GHA,2000,38.314,38.27138886684707,0.8046846911444889,36.69420687220387,39.848570861490266,3.1543639892863964,0.0
GHA,2001,37.949,38.181727707408946,0.7115412533862747,36.78710685077185,39.57634856404604,2.7892417132741967,-0.365000000000002
GHA,2002,38.077,38.503227911445606,0.6983641217797429,37.13443423275731,39.872021590133905,2.7375873573765923,0.006317553121093056
GHA,2003,40.414,39.803169950577654,0.6965633992259954,38.4379056880947,41.16843421306061,2.730528524965902,2.339298128094974
GHA,2004,40.856,40.56534937554057,0.6963186910295263,39.2005647411227,41.930134009958444,2.7295692688357427,1.3024766199618867
GHA,2005,41.659,41.14337763967248,0.6962854623570913,39.77865813345258,42.50809714589238,2.729439012439798,1.2828147246470962
GHA,2006,40.643,41.01210504023393,0.6962809507473592,39.64739437676911,42.37681570369876,2.729421326929648,-0.5433324984065351
GHA,2007,42.063,41.528289587802334,0.6962803381941507,40.163580124941795,42.89299905066287,2.729418925721071,1.2197975173341646
GHA,2008,40.54,41.26776114614389,0.6962802550263407,39.903051846292264,42.632470445995516,2.7294185997032554,-1.0735378275082255
GHA,2009,42.414,42.28297689886368,0.6962802437344517,40.91826762114415,43.64768617658321,2.7294185554390507,1.4784303398828982
GHA,2010,44.206,43.54740996419011,0.6962802422013256,42.18270068947551,44.91211923890471,2.7294185494291963,2.3367616398873423
GHA,2011,44.221,44.1661008591813,0.6962802419931694,42.801391584874686,45.53081013348791,2.729418548613224,0.8760335438554421
GHA,2012,45.521,44.98482082574128,0.6962802419649078,43.62011155149006,46.3495300999925,2.7294185485024385,1.6227946979639754
GHA,2013,45.181,45.17361802445158,0.696280241961074,43.80890875020787,46.538327298695286,2.72941854848741,0.2579560122456783
GHA,2014,45.494,45.44154115730333,0.6962802419606083,44.076831883060535,46.80625043154612,2.729418548485585,0.40804982276215895
GHA,2015,45.968,45.74072422691158,0.6962802419614506,44.37601495266714,47.10543350115602,2.729418548488886,0.6243553376955475
GHA,2016,45.789,45.74922727184238,0.6962802419764601,44.384517997568516,47.11393654611624,2.7294185485477236,0.051058077236284305
GHA,2017,45.716,45.6851735021797,0.696280242223554,44.32046422742154,47.049882776937864,2.7294185495163314,-0.05418647768798479
GHA,2018,45.439,45.52994494964628,0.6962802462887834,44.16523566692026,46.8946542323723,2.729418565452031,-0.2969662533760271
GHA,2019,45.137,45.47347069239354,0.6962803131702598,44.108761278579834,46.83818010620725,2.7294188276274185,-0.4114240428982612
GHA,2020,46.203,46.038461156290744,0.696281413508676,44.67374958581374,47.40317272676775,2.72942314095401,0.9144013533265962
GHA,2021,46.314,46.56531529291147,0.6962995161136724,45.200568241328675,47.93006234449427,2.7294941031655955,0.44793219945076856
GHA,2022,49.113,47.83777883241482,0.6965972740659565,46.472448175245546,49.203109489584094,2.7306613143385494,2.9640509162270092
GHA,2023,48.59,47.278361433766456,0.7014778669357441,45.903464814572395,48.65325805296052,2.7497932383881167,0.5691726994992194
GHA,2024,41.303,43.91078475683886,0.7773872260524289,42.387105793776094,45.43446371990162,3.0473579261255215,-7.077275234379378
GIN,2000,23.836,24.323572719275152,0.7204996010491649,22.91139350121879,25.735751937331514,2.824358436112726,0.0
GIN,2001,26.346,25.36415993350035,0.6308662569882352,24.12766206980341,26.60065779719729,2.4729957273938816,2.5100000000000016
GIN,2002,25.124,25.05162269050316,0.6165797205615355,23.84312643820255,26.260118942803768,2.416992504601219,-0.34408224655245334
GIN,2003,24.09,24.398856123393056,0.6143689549843583,23.194692971623713,25.6030192751624,2.4083263035386846,-1.16669646343464
GIN,2004,23.742,23.925504726516955,0.6140287960943264,22.722008286172077,25.129001166861833,2.406992880689759,-0.8042546112205855
GIN,2005,23.048,23.502059296759583,0.6139765051398071,22.29866534668556,24.705453246833606,2.4067879001480437,-1.0091832220682022
GIN,2006,23.9,23.690017649619566,0.6139684678363947,22.48663945266023,24.8933958465789,2.406756393918667,0.456377717938917
GIN,2007,24.054,23.590101966782616,0.613967232501294,22.38672619108008,24.793477742485152,2.4067515514050726,0.3329191597367007
GIN,2008,22.203,22.51777379214185,0.6139670426306785,21.31439838858572,23.72114919569798,2.4067508071122594,-1.7204807583359525
GIN,2009,19.892,21.36067643025385,0.6139670134476396,20.157301083896478,22.564051776611223,2.406750692714747,-2.985506414848661
GIN,2010,22.881,22.319923383193633,0.6139670089622183,21.116548045627685,23.52329872075958,2.406750675131896,1.8185459952825305
GIN,2011,22.871,22.808439824111588,0.6139670082728108,21.60506448789688,24.011815160326297,2.4067506724294185,0.7029525804041121
GIN,2012,23.542,23.493658460394034,0.6139670081668492,22.29028312438701,24.69703379640106,2.406750672014049,0.9465893222103468
GIN,2013,24.778,24.531846037796534,0.6139670081505643,23.328470701821427,25.73522137377164,2.406750671950212,1.6071059851879745
GIN,2014,26.513,25.76669370830464,0.6139670081480829,24.563318372334397,26.970069044274883,2.406750671940485,2.365058501613351
GIN,2015,26.235,26.34858025827759,0.6139670081480851,25.145204922307343,27.551955594247836,2.4067506719404936,0.6492102957187988
GIN,2016,28.154,27.532592389310587,0.6139670081549079,26.329217053326968,28.735967725294206,2.406750671967239,2.1735199071684406
GIN,2017,28.128,28.274685123416546,0.6139670082772525,27.07130978719313,29.478060459639963,2.4067506724468295,0.8261184717025607
GIN,2018,31.009,29.788267738485697,0.6139670104526133,28.584892397998576,30.991643078972817,2.406750680974244,3.2048759429949527
GIN,2019,30.05,29.903177640870325,0.6139670491289899,28.699802224577503,31.106553057163147,2.4067508325856406,0.2974568567025777
GIN,2020,30.041,29.806019314949992,0.6139677367668515,28.602642550886962,31.009396079013023,2.4067535281260577,0.10761659103967958
GIN,2021,29.104,29.18590057039647,0.6139799623467401,27.98249984419686,30.38930129659608,2.4068014523992214,-0.8948094110000397
GIN,2022,27.958,28.320953435242103,0.6141972837718654,27.117126759049246,29.52478011143496,2.4076533523857124,-1.4968059094613047
GIN,2023,27.803,27.60088901481685,0.6180483461986964,26.389514256267404,28.812263773366297,2.42274951709889,-0.7418158648094497
GIN,2024,24.675,26.015334793101676,0.6829015632294274,24.676847729172,27.353821857031352,2.6769741278593555,-3.4188254941311627
GMB,2000,23.275,24.042003652980338,0.8673913159096305,22.341916673797463,25.74209063216321,3.4001739583657513,0.0
GMB,2001,26.781,25.9714104256294,0.7552268786033636,24.491165743566807,27.451655107691995,2.960489364125185,3.5060000000000002
GMB,2002,28.403,27.49569655538592,0.7370432005133314,26.05109188237979,28.940301228392048,2.889209346012259,2.8595647494023275
GMB,2003,28.806,28.28154000743156,0.7341631324862066,26.842580267758596,29.720499747104522,2.8779194793459295,1.518312824685367
GMB,2004,28.959,28.572932554689253,0.7337092015296454,27.134862519691147,30.011002589687358,2.8761400699962096,0.7538673284641284
GMB,2005,27.84,28.240457395988383,0.7336377148094481,26.802527474961863,29.678387317014902,2.8758598420530364,-0.819982851343596
GMB,2006,28.76,28.527357704940943,0.7336264582620242,27.089449846747375,29.965265563134512,2.8758157163871347,0.5946426808490948
GMB,2007,28.36,28.54002812490996,0.7336246858028024,27.102123740736467,29.977932509083452,2.8758087683469853,-0.1640411716366117
GMB,2008,29.529,28.979125145699793,0.7336244067117484,27.541221308544767,30.41702898285482,2.875807674310054,1.1039066161766549
GMB,2009,28.353,28.55188271025361,0.7336243627661522,27.113978959231954,29.98978646127527,2.8758075020433163,-0.7379568172536501
GMB,2010,27.848,28.192965659604205,0.7336243558464919,26.75506192214508,29.63086939706333,2.8758074749182483,-0.7978300446370099
GMB,2011,28.435,28.301378095937427,0.7336243547569244,26.863474360613854,29.739281831261,2.875807470647144,0.27041153551160235
GMB,2012,28.088,28.200827330080166,0.7336243545853615,26.762923595092857,29.638731065067475,2.875807469974617,-0.23969748131514734
GMB,2013,28.579,28.268496343421923,0.7336243545583473,26.830592608487564,29.706400078356282,2.8758074698687213,0.3958851838334496
GMB,2014,27.56,27.682401203005924,0.7336243545540951,26.244497468079896,29.12030493793195,2.875807469852053,-0.8619080427468617
GMB,2015,25.779,26.843385650659993,0.7336243545534622,25.40548191573521,28.281289385584778,2.8758074698495717,-2.1230153795580264
GMB,2016,26.952,27.691316807941593,0.7336243545542137,26.253413073015334,29.129220542867852,2.875807469852518,0.3305622052029733
GMB,2017,33.029,31.016934662765642,0.7336243545741076,29.579030927800392,32.454838397730896,2.8758074699305016,6.208171021122116
GMB,2018,33.523,32.741507994430506,0.7336243550367534,31.30360425855847,34.17941173030254,2.875807471744073,2.9574762211891716
GMB,2019,35.211,34.2393742004812,0.7336243657870002,32.80147044353868,35.67727795742372,2.8758075138850407,2.8615617979665657
GMB,2020,35.428,34.86544727750636,0.7336246155831861,33.42754303096332,36.303351524049404,2.8758084930860894,1.3525018121713899
GMB,2021,34.666,34.766636686974984,0.7336304199044243,33.32872106396231,36.204552309987655,2.8758312460253435,-0.22531116812608332
GMB,2022,34.969,34.80954188796209,0.7337652780665163,33.37136194295172,36.24772183297246,2.8763598900207437,0.21359384428062356
GMB,2023,35.057,34.524151634705575,0.7368919365676369,33.079843439033006,35.968459830378144,2.8886163913451366,0.1727565820251229
GMB,2024,31.278,32.75035002184555,0.8061364580591025,31.17032256404971,34.33037747964139,3.1600549155916817,-3.710448130145764
GNB,2000,15.998,16.007329620197833,0.6890458832944657,14.65679968894068,17.357859551454986,2.7010598625143056,0.0
GNB,2001,15.851,16.041633975939526,0.6182211008911597,14.829920618192853,17.2533473336862,2.423426715493346,-0.14699999999999847
GNB,2002,16.834,16.746939588043634,0.6111577380804245,15.549070421406002,17.944808754681265,2.395738333275264,0.9403654425331407
GNB,2003,17.685,17.742583884461478,0.6104727920651475,16.54605721201379,18.939110556909167,2.393053344895378,1.1414425002863773
GNB,2004,20.697,19.765741480699784,0.6104065799202697,18.569344584056054,20.962138377343514,2.3927937932874572,3.366609817134325
GNB,2005,20.921,20.331451291447717,0.6104001813158824,19.135066936068586,21.527835646826848,2.3927687107582587,1.2704858245370367
GNB,2006,18.784,19.37600677051003,0.6103995629864453,18.1796236270566,20.572389913963463,2.3927662869068653,-1.7420574339473411
GNB,2007,19.978,19.623790878716594,0.6103995032343228,18.42740785237732,20.820173905055867,2.3927660526785455,0.6524620891800339
GNB,2008,18.282,18.880549592596246,0.610399497460192,17.68416657757427,20.07693260761822,2.3927660300439526,-1.4931748067932986
GNB,2009,19.956,19.54030447867872,0.6103994969022102,18.343921464750387,20.736687492607054,2.392766027856664,1.2098297615691962
GNB,2010,19.114,19.345851686336875,0.6103994968482899,18.149468672514228,20.542234700159522,2.3927660276452962,-0.4659107645070435
GNB,2011,20.168,19.773079479499412,0.6103994968430793,18.576696465686975,20.96946249331185,2.392766027624871,0.9091663805292676
GNB,2012,18.933,19.22174655456477,0.6103994968425758,18.02536354075332,20.41812956837622,2.392766027622897,-0.9523753696412349
GNB,2013,18.993,19.185856670015465,0.610399496842527,17.98947365620411,20.382239683826818,2.392766027622706,-0.23605663228781282
GNB,2014,20.049,19.77244040988679,0.6103994968425223,18.57605739607545,20.968823423698133,2.392766027622687,0.9826191316868176
GNB,2015,19.82,19.9143225485677,0.6103994968425225,18.717939534756354,21.110705562379046,2.392766027622688,0.07645824705493354
GNB,2016,19.98,20.494104740986593,0.610399496842545,19.297721727175205,21.69048775479798,2.3927660276227765,0.18376790901496065
GNB,2017,24.561,23.298646349606976,0.6103994968433367,22.102263335794035,24.495029363419917,2.3927660276258798,4.638126328546338
GNB,2018,24.787,24.179732495126792,0.610399496870985,22.983349481259662,25.376115508993923,2.3927660277342615,1.667813915738673
GNB,2019,23.483,23.74371320179766,0.6103994978365737,22.547330186037975,24.940096217557347,2.392766031519369,-0.7855412211231645
GNB,2020,23.908,23.824814874273237,0.6103995315586914,22.6284317924182,25.021197956128272,2.3927661637100703,0.18080564569126167
GNB,2021,24.118,23.692354377085127,0.6104007092654171,22.49596898692491,24.888739767245344,2.392770780320435,0.2662054755596692
GNB,2022,21.355,22.00887330361329,0.6104418379529833,20.81240730122544,23.205339306001136,2.3929320047756946,-2.680247023491905
GNB,2023,21.44,21.12851639784882,0.6118764779481884,19.92923850107037,22.32779429462727,2.398555793556899,-0.7481850368765066
GNB,2024,17.007,18.45734874735106,0.6600264492609286,17.16369690679964,19.751000587902478,2.58730368110284,-4.665581762828804
GNQ,2000,10.673,11.087863999011395,0.5537606631029917,10.00249309932953,12.17323489869326,2.1707417993637272,0.0
GNQ,2001,14.991,13.984138447719307,0.51442123755134,12.97587282211868,14.992404073319934,2.0165312512012528,4.318
GNQ,2002,12.623,13.283793660980127,0.5124636486268337,12.279364909671532,14.288222412288722,2.008857502617188,-1.4462261399809666
GNQ,2003,16.751,16.1267582686708,0.5123684166176241,15.122516172100259,17.131000365241345,2.0084841931410864,3.809704815998142
GNQ,2004,18.711,17.915839896994218,0.5123637893235211,16.911606869920117,18.920072924068318,2.0084660541482027,2.7996878348420466
GNQ,2005,15.888,16.437318511637223,0.5123635644977843,15.433085925221565,17.44155109805288,2.0084651728313143,-2.20588392648059
GNQ,2006,16.996,16.9612248250006,0.5123635535742364,15.956992259995095,17.9654573900061,2.0084651300110066,0.6217703969221127
GNQ,2007,18.29,17.810566695268516,0.5123635530434969,16.806334131303263,18.81479925923377,2.0084651279305077,1.4310530970111621
GNQ,2008,16.065,16.448711322837514,0.5123635530177101,15.444478758922802,17.452943886752227,2.0084651278294237,-1.9095615978269116
GNQ,2009,16.21,16.139777932933043,0.5123635530164571,15.135545369020788,17.1440104968453,2.0084651278245116,-0.27591314484768503
GNQ,2010,14.8,15.051588971661477,0.5123635530163964,14.04735640774934,16.055821535573614,2.0084651278242736,-1.4708178702572567
GNQ,2011,14.179,14.448579368618262,0.5123635530163932,13.44434680470613,15.452811932530393,2.0084651278242616,-0.9452035114159756
GNQ,2012,15.172,14.957080912231433,0.5123635530163932,13.952848348319302,15.961313476143564,2.0084651278242616,0.784654491286414
GNQ,2013,14.504,14.60861421340482,0.5123635530163932,13.604381649492689,15.612846777316951,2.0084651278242616,-0.49504334338901756
GNQ,2014,14.469,14.571201847458193,0.5123635530163932,13.566969283546062,15.575434411370324,2.0084651278242616,-0.14411941816545948
GNQ,2015,15.158,15.156107625263969,0.5123635530163932,14.151875061351838,16.1603401891761,2.0084651278242616,0.6572326259577608
GNQ,2016,16.416,16.343428716450408,0.5123635530163932,15.339196152538277,17.347661280362537,2.0084651278242616,1.402869823423746
GNQ,2017,18.9,18.308670767021752,0.512363553016394,17.30443820310962,19.312903330933885,2.0084651278242647,2.7932261333036124
GNQ,2018,18.644,18.511001890818264,0.5123635530164586,17.506769326906007,19.51523445473052,2.008465127824518,0.35969398829615074
GNQ,2019,17.981,18.06495603706826,0.5123635530220563,17.06072347314503,19.06918860099149,2.0084651278464607,-0.5837148237732244
GNQ,2020,17.579,17.693683617896017,0.5123635535066392,16.689451053023003,18.69791618276903,2.0084651297460256,-0.5306647377351688
GNQ,2021,17.99,17.674686728037248,0.5123635954565732,16.670454080942363,18.678919375132132,2.008465294189767,0.2940287727410471
GNQ,2022,14.96,15.594452069580477,0.5123672270135828,14.590212304633855,16.5986918345271,2.0084795298932447,-2.9651890111565535
GNQ,2023,15.351,15.43545334757544,0.5126815103052474,14.430597587377154,16.440309107773725,2.00971152039657,-0.26259872821025887
GNQ,2024,15.726,15.656099824324734,0.5391948392492406,14.599277939396222,16.712921709253244,2.113643769857023,0.31711694629176
GRC,2000,65.329,65.15337961208381,0.5558906971562101,64.06383384565764,66.24292537850998,2.1790915328523437,0.0
GRC,2001,64.911,64.81351677006137,0.47633706575870904,63.8798961211743,65.74713741894844,1.8672412977741395,-0.41799999999999216
GRC,2002,63.705,64.0603341883814,0.4595493496633604,63.159617463041215,64.96105091372159,1.8014334506803729,-1.3686172840950803
GRC,2003,62.532,63.27430970448866,0.45606295062319974,62.38042632126719,64.16819308771014,1.7877667664429429,-1.776657883916144
GRC,2004,62.815,63.081671296387945,0.45534288625828884,62.1891992393217,63.97414335345419,1.7849441141324922,-0.5190405843842143
GRC,2005,63.129,63.18287490386326,0.45519435260834495,62.2906939727509,64.07505583497561,1.7843618622247122,0.07858728804267656
GRC,2006,63.749,63.47304525912197,0.455163721353152,62.58092436526979,64.36516615297414,1.7842417877043557,0.6556778729779964
GRC,2007,63.475,63.54361503365349,0.45515740478451516,62.65150652027584,64.43572354703113,1.7842170267552995,0.023730490584824793
GRC,2008,63.793,63.80091030083561,0.45515610223934444,62.908804340446494,64.69301626122473,1.78421192077823,0.3287759919886497
GRC,2009,64.534,64.31040444990177,0.4551558336409789,63.41829901596545,65.20250988383809,1.7842108678726372,0.890298107225334
GRC,2010,66.101,64.89600716213808,0.4551557782532278,64.00390183676176,65.7881124875144,1.784210650752653,1.9712875897753719
GRC,2011,63.173,63.891902885422695,0.4551557668317038,62.99979758243256,64.78400818841284,1.7842106059802787,-2.0328308564381388
GRC,2012,62.822,63.23006997579314,0.45515576447646816,62.337964677419265,64.12217527416702,1.784210596747755,-1.2741162417593301
GRC,2013,62.226,62.67746242424411,0.45515576399079516,61.785357126822156,63.56956772166607,1.784210594843917,-1.1745810515732842
GRC,2014,61.974,62.41197096450481,0.45515576389065854,61.51986566727912,63.3040762617305,1.7842105944513815,-0.7853817432351562
GRC,2015,62.703,62.67553991245853,0.4551557638702638,61.78343461527282,63.56764520964425,1.7842105943714341,0.37235514946176806
GRC,2016,63.088,63.134539988837396,0.45515576387063444,62.24243469165095,64.02664528602384,1.784210594372887,0.5540878961581939
GRC,2017,64.737,64.10082227300776,0.4551557639530152,63.208716975659854,64.99292757035568,1.7842105946958196,1.900613430849866
GRC,2018,65.37,64.8361739221301,0.4551557654502586,63.94406862184759,65.72827922241261,1.7842106005650136,1.4960758213163956
GRC,2019,65.275,65.30787783346683,0.4551557923816156,64.41577248039887,66.1999831865348,1.7842107061359331,0.5843737470635375
GRC,2020,66.844,66.27445427779269,0.4551562767463309,65.38234797536988,67.16656058021549,1.784212604845617,1.834366351471985
GRC,2021,67.514,67.1282570442485,0.45516498802746175,66.23613366771467,68.02038042078233,1.78424675306765,1.5029927694377108
GRC,2022,68.686,68.09006166428982,0.4553216332161059,67.19763126318625,68.98249206539339,1.784860802207135,1.854514759635748
GRC,2023,69.684,68.8879813053966,0.4581297753780266,67.99004694565566,69.78591566513752,1.7958687194818643,1.8401422385732644
GRC,2024,69.156,69.01631057070276,0.5059808380943817,68.02458812803776,70.00803301336775,1.983444885329976,0.3076156218404691
GRD,2013,44.588,44.756293571097565,0.4343837396472175,43.90490144138902,45.60768570080611,1.7027842594170925,0.0
GRD,2014,48.215,47.690074208912144,0.42044185141321955,46.86600818014223,48.51414023768206,1.6481320575398206,3.6270000000000024
GRD,2015,45.664,46.02024774123297,0.42023520557042643,45.196586738314934,46.84390874415101,1.6473220058360716,-2.1155047679533254
GRD,2016,48.276,47.895262073802776,0.4202321798779209,47.07160700124205,48.7189171463635,1.6473101451214498,2.356068326553185
GRD,2017,45.854,46.107027467684915,0.42023213558412104,45.283372481940035,46.930682453429796,1.6473099714897543,-2.136933848979538
GRD,2018,45.961,46.00374815638,0.4202321349356959,45.18009317190604,46.82740314085396,1.6473099689479278,-0.15155298029333153
GRD,2019,46.438,46.46002992080296,0.42023213492620465,45.6363749363476,47.28368490525832,1.6473099689107222,0.45866322477928634
GRD,2020,48.096,47.909072175673096,0.4202321349265365,47.08541719121708,48.73272716012911,1.647309968912023,1.713494814034057
GRD,2021,48.358,48.29023021192204,0.42023213510909585,47.46657522710821,49.113885196735865,1.6473099696276556,0.46932003552147705
GRD,2022,48.063,48.084894852427915,0.4202322058971303,47.26123972886954,48.90854997598629,1.6473102471167507,-0.23821579170338936
GRD,2023,48.126,47.95541098932947,0.4202596530176678,47.13170206941484,48.7791199092441,1.6474178398292578,0.034177673843394984
GRD,2024,44.393,44.84416470015017,0.4307704711752411,43.9998545766467,45.68847482365365,1.6886202470069451,-3.728864757513577
GTM,2000,36.42,36.383118168229636,0.5741423750489943,35.25779911313361,37.508437223325664,2.2506381101920576,0.0
GTM,2001,36.65,36.24279118856457,0.5131644782392387,35.23698881121566,37.248593565913474,2.0116047546978155,0.22999999999999687
GTM,2002,33.828,34.55724165887583,0.5067996322796616,33.563914379607695,35.55056893814397,1.9866545585362736,-2.753953290476133
GTM,2003,33.687,33.83564044399523,0.5061526378050087,32.843581273897414,34.82769961409305,1.9841183401956342,-1.0112839076516593
GTM,2004,32.179,32.94797537529368,0.506087077607675,31.956044703182638,33.939906047404726,1.983861344222086,-1.829627200851661
GTM,2005,34.101,33.906339658509154,0.506080436531414,32.914422002907585,34.89825731411072,1.9838353112031428,1.3397329767424608
GTM,2006,35.527,35.0958279935517,0.506079763830019,34.103911656444865,36.08774433065854,1.9838326742136743,1.8523891790668259
GTM,2007,36.224,35.90881794124077,0.5060796956896101,34.91690173768913,36.90073414479241,1.9838324071032716,1.2865532436969218
GTM,2008,36.671,36.39279377968295,0.5060796887874188,35.40087758965961,37.384709969706286,1.9838323800466817,0.8564669491804864
GTM,2009,36.102,36.36393863779029,0.5060796880882706,35.37202244913728,37.3558548264433,1.983832377306021,-0.29641514254696943
GTM,2010,37.443,37.2242477773589,0.5060796880174513,36.232331588844694,38.2161639658731,1.983832377028409,1.2466609481422992
GTM,2011,38.671,38.13803781049177,0.5060796880102778,37.146121621991625,39.12995399899191,1.983832377000289,1.6247705931182992
GTM,2012,38.066,38.056668023334616,0.5060796880095512,37.064751834835896,39.04858421183334,1.9838323769974406,-0.0878897200006179
GTM,2013,37.732,37.86518027719624,0.5060796880094776,36.87326408869766,38.857096465694816,1.983832376997152,-0.3619723660136458
GTM,2014,38.207,37.95745609276265,0.5060796880094701,36.965539904264084,38.94937228126121,1.983832376997123,0.35979627072546805
GTM,2015,36.813,37.26431646502832,0.5060796880094696,36.272400276529766,38.25623265352688,1.9838323769971207,-1.279488849264574
GTM,2016,37.257,37.49067609345472,0.5060796880094796,36.49875990495614,38.482592281953295,1.9838323769971598,0.03678138101039963
GTM,2017,39.361,38.7502538135164,0.5060796880098565,37.758337625017084,39.74217000201572,1.9838323769986375,2.1157062866067093
GTM,2018,39.305,39.07165166747783,0.5060796880240348,38.079735478950724,40.06356785600494,1.9838323770542163,0.6173587343999216
GTM,2019,38.547,38.882426094422705,0.5060796885573565,37.89050990485028,39.87434228399513,1.9838323791448376,-0.5615153089548244
GTM,2020,40.182,39.6868607736712,0.5060797086183497,38.69494454477923,40.678777002563166,1.9838324577839308,1.456288408425344
GTM,2021,39.492,39.524391271414046,0.5060804632157784,38.53247356351112,40.516308979316975,1.983835415805851,-0.2265119790841581
GTM,2022,39.495,39.32060665508199,0.5061088467219077,38.32863331550705,40.31257999465693,1.983946679149878,-0.06909120685988768
GTM,2023,38.512,38.312549910110754,0.5071753439814021,37.31848623590721,39.3066135843143,1.988127348407096,-1.0049894263697396
GTM,2024,34.16,35.64689547651373,0.5457803938636596,34.577165904540955,36.7166250484865,2.1394591439455457,-4.671854609550266
GUY,2000,42.684,42.61240294860026,0.7026799813610028,41.235150185132696,43.98965571206783,2.754505526935131,0.0
GUY,2001,42.289,42.373541271060425,0.6312417816427593,41.136307379040616,43.610775163080234,2.4744677840396165,-0.394999999999996
GUY,2002,42.191,42.243037386749805,0.6240794900237175,41.019841586303315,43.466233187196295,2.446391600892973,-0.2127079475007747
GUY,2003,42.042,42.18189904457993,0.6233827043338339,40.96006894408561,43.403729145074244,2.443660200988629,-0.21479318267957126
GUY,2004,42.895,42.5075201839653,0.6233151438679915,41.285822501984036,43.72921786594656,2.4433953639625265,0.7861708884808891
GUY,2005,41.597,41.87127474418602,0.6233085953477714,40.64958989730439,43.09295959106765,2.443369693763264,-1.0532581964326724
GUY,2006,41.687,41.63220922620449,0.623307960631191,40.410525623367356,42.85389282904162,2.4433672056742686,-0.23790639037194694
GUY,2007,41.064,41.057819410568214,0.623307899111355,39.83613592830996,42.27950289282647,2.4433669645165117,-0.6970667776779038
GUY,2008,39.506,40.06290733211174,0.6233078931485532,38.84122386154058,41.28459080268291,2.443366941142328,-1.7750160985860362
GUY,2009,40.111,40.082056441401384,0.6233078925706095,38.86037297196299,41.30373991083978,2.443366938876789,0.05238854263733117
GUY,2010,40.224,40.025741616811736,0.6233078925145924,38.80405814748313,41.24742508614034,2.4433669386572023,0.129309998010271
GUY,2011,38.906,39.32144476779835,0.6233078925091629,38.09976129848039,40.543128237116306,2.4433669386359185,-1.2777422316966067
GUY,2012,39.314,39.400113418237545,0.6233078925086366,38.178429948920616,40.621796887554474,2.4433669386338557,0.010203607540418602
GUY,2013,39.87,39.79812910888815,0.6233078925085856,38.57644563957132,41.01981257820498,2.443366938633656,0.5591766644077154
GUY,2014,40.477,40.25376382283514,0.6233078925085808,39.032080353518325,41.475447292151955,2.4433669386336367,0.7810871157985346
GUY,2015,40.227,40.34263763400948,0.6233078925085833,39.120954164692655,41.5643211033263,2.4433669386336465,-0.006826041156784868
GUY,2016,40.437,40.848626142605774,0.6233078925086724,39.626942673288774,42.070309611922774,2.4433669386339956,0.2078748651491651
GUY,2017,43.804,42.97195395369962,0.6233078925113261,41.75027048437742,44.19363742302182,2.4433669386443984,3.4317171779944786
GUY,2018,44.476,44.02546269450818,0.623307892590369,42.80377922503106,45.2471461639853,2.4433669389542465,1.7403881924617934
GUY,2019,44.242,44.43240887944647,0.623307894944657,43.21072540535494,45.654092353538,2.4433669481830553,0.3078308382314745
GUY,2020,46.253,45.70836295073278,0.6233079650669672,44.48667933920152,46.93004656226403,2.4433672230625114,2.106836228856814
GUY,2021,46.199,46.20439625725777,0.6233100536518337,44.98270855210018,47.42608396241536,2.443375410315188,0.6019162173372337
GUY,2022,47.472,47.063766007690546,0.6233722588090926,45.841956380424726,48.285575634956366,2.4436192545316433,1.46039311723532
GUY,2023,48.64,47.27071551073637,0.6252221979921152,46.04528000267183,48.496151018800916,2.4508710161290916,1.6226606500126906
GUY,2024,41.287,43.41891551422989,0.6780123523640099,42.09001130359643,44.74781972486335,2.657808421266919,-6.847820992253482
HND,2000,37.42,37.16088710242317,0.5002010617139595,36.1804930214638,38.14128118338253,1.9607881619187213,0.0
HND,2001,35.128,35.88513414501125,0.4576122393300097,34.98821415592443,36.78205413409807,1.793839978173638,-2.2920000000000016
HND,2002,37.325,37.02503282592721,0.4546508955568343,36.13391707063582,37.91614858121861,1.7822315105827904,1.6283209380285442
HND,2003,38.404,37.77417820134642,0.4544503438464964,36.88345552740729,38.664900875285554,1.781445347878266,1.5010005987531727
HND,2004,35.823,36.301209785091956,0.45443678864671816,35.41051367934439,37.19190589083952,1.781392211495135,-2.190879093298051
HND,2005,35.408,35.73997283956054,0.4544358725800686,34.849278529303604,36.63066714981747,1.781388620513869,-0.9845354748846589
HND,2006,36.5,36.207226044495336,0.45443581067242506,35.31653185557738,37.09792023341329,1.781388377835906,0.8360592635580844
HND,2007,35.52,35.743666525817936,0.45443580648871856,34.85297234510005,36.63436070653582,1.7813883614357768,-0.7626570823499605
HND,2008,36.21,35.899794219044814,0.45443580620598456,35.00910003888109,36.79048839920854,1.7813883603274594,0.491738785078482
HND,2009,34.225,34.779026812968624,0.4544358061868774,33.88833263284234,35.669720993094906,1.7813883602525593,-1.857167017650191
HND,2010,35.39,35.21680295851666,0.4544358061855862,34.32610877839291,36.10749713864041,1.7813883602474978,0.6822087176024709
HND,2011,35.155,35.24231113061478,0.45443580618549884,34.351616950491206,36.133005310738355,1.7813883602471554,-0.05765223401562025
HND,2012,35.833,35.68677514249757,0.45443580618549295,34.796080962374,36.577469322621134,1.7813883602471323,0.6630126586733951
HND,2013,35.998,35.84737285718391,0.4544358061854926,34.956678677060346,36.73806703730748,1.781388360247131,0.33735753633943233
HND,2014,35.158,35.46065480481325,0.45443580618549256,34.569960624689685,36.35134898493682,1.7813883602471308,-0.7523001453013691
HND,2015,36.187,36.11874904123447,0.4544358061854926,35.228054861110905,37.00944322135804,1.781388360247131,0.8334311855351473
HND,2016,37.009,37.03079139973517,0.4544358061854933,36.140097219611604,37.92148557985874,1.7813883602471337,1.0386597333672611
HND,2017,39.463,38.82405677150497,0.4544358061855277,37.93336259138134,39.7147509516286,1.7813883602472687,2.7240111836421903
HND,2018,39.451,39.24928590855587,0.45443580618728746,38.358591728428785,40.139980088682954,1.781388360254167,0.6961370927563593
HND,2019,38.971,39.121795032491995,0.45443580627713587,38.23110085218881,40.01248921279518,1.7813883606063725,-0.29903139752707375
HND,2020,39.733,39.570774098811775,0.45443581086459783,38.68007990951716,40.46146828810639,1.7813883785892235,0.6842634526028064
HND,2021,39.742,39.66698774836443,0.45443604509028634,38.77629309998746,40.55768239674139,1.7813892967539224,0.18688191726793946
HND,2022,39.519,39.50456154732002,0.4544480039799939,38.61384345951924,40.39527963512081,1.7814361756015762,-0.1744179609916614
HND,2023,39.579,39.13718294036745,0.45505818100067763,38.245268905606125,40.02909697512878,1.7838280695226563,0.014658105457563408
HND,2024,35.346,36.445424976044904,0.4851937525227123,35.49444522110039,37.39640473098942,1.901959509889032,-4.229189461979324
HRV,2000,50.85,50.451253524098,0.9294562213357959,48.62951933027984,52.27298771791616,3.64346838763632,0.0
HRV,2001,49.003,50.176725300922655,0.796696733091789,48.615199704062746,51.738250897782564,3.123051193719813,-1.8470000000000013
HRV,2002,50.959,50.57783063214155,0.7535176771589952,49.10093598490992,52.05472527937318,2.9537892944632613,1.138336470074961
HRV,2003,51.064,50.86418505051869,0.739780750954157,49.41421477864854,52.31415532238884,2.8999405437402954,0.7027696692586147
HRV,2004,51.407,51.12292938853489,0.7354573398705294,49.68143300238866,52.564425774681126,2.882992772292475,0.7287389997417364
HRV,2005,51.467,51.294366064182924,0.73410187413259,49.85552639088305,52.7332057374828,2.8776793465997526,0.4652782036315699
HRV,2006,51.23,51.418291445175655,0.733677446209706,49.98028365060463,52.856299239746676,2.8760155891420474,0.022805965002113737
HRV,2007,51.268,51.70455235341972,0.7335446009580368,50.26680493554197,53.14229977129747,2.875494835755504,0.05075062173737166
HRV,2008,52.023,52.366900821148114,0.7335030258236103,50.92923489053384,53.80456675176239,2.875331861228552,0.7833854006240486
HRV,2009,53.839,53.481267090588254,0.7334900150172733,52.0436266611544,54.91890752002211,2.8752808588677112,2.254210262208872
HRV,2010,56.259,54.76833444215265,0.7334859433787252,53.33070199313035,56.20596689117495,2.8752648980446027,3.681009051956295
HRV,2011,56.437,55.578426950824245,0.7334846692047398,54.14079699918295,57.016056902465536,2.8752599032825796,2.237187514837146
HRV,2012,56.645,56.138324046221406,0.7334842705324843,54.70069487597774,57.575953216465074,2.8752583404873384,1.4595062834303647
HRV,2013,56.843,56.579747078784266,0.7334841461803766,55.142118152270726,58.017376005297805,2.875257853027076,1.0144641659242382
HRV,2014,57.232,57.01327868068701,0.7334841096698996,55.575649825734004,58.45090753564001,2.8752577099060064,0.9565028289655189
HRV,2015,57.775,57.46406246150816,0.7334841123828614,56.026433601237756,58.90169132177857,2.8752577205408167,1.0780786575513162
HRV,2016,57.324,57.88035567729631,0.7334841963701255,56.44272665241086,59.317984702181754,2.875258049770892,0.1520895928327448
HRV,2017,59.994,58.79435097018519,0.7334847115255911,57.356720935595035,60.23198100477535,2.8752600691803174,2.755080667361753
HRV,2018,59.908,59.28106761911459,0.7334877474165389,57.843431634178174,60.718703604051,2.8752719698728324,1.4552238160304114
HRV,2019,59.228,59.54772219658665,0.7335056010015721,58.11005121862357,60.98539317454973,2.875341955926163,0.13406894250848467
HRV,2020,60.456,60.110169224604,0.7336105761521321,58.67229249534582,61.54804595386218,2.8757534585163578,1.3029997086954381
HRV,2021,60.605,60.65603067934996,0.7342275513744319,59.21694467865608,62.095116680043844,2.8781720013877727,0.8779130261231813
HRV,2022,62.83,61.428544246305975,0.7378450751165615,59.982367899077516,62.874720593534434,2.892352694456921,2.716114645917173
HRV,2023,63.277,61.596642060525475,0.7587681628926276,60.109456461255924,63.08382765979503,2.9743711985391004,1.9664257778640746
HRV,2024,58.983,60.76973729400559,0.8717003344362941,59.06120463851045,62.47826994950072,3.417065310990273,-3.1939587989983096
HTI,2000,16.879,16.618899751040697,0.8138861160021901,15.023682963676404,18.21411653840499,3.1904335747285852,0.0
HTI,2001,15.699,16.11204115721032,0.708845425298079,14.722704123626086,17.501378190794554,2.77867406716847,-1.1800000000000015
HTI,2002,16.033,16.071383272826612,0.6904590583013834,14.7180835185559,17.424683027097323,2.706599508541423,-0.09357196995369321
HTI,2003,15.849,16.07341751769224,0.6873302103979938,14.72625030531217,17.420584730072306,2.6943344247601355,-0.22170251274942743
HTI,2004,16.568,16.47717894191637,0.6868010449002995,15.131048893911784,17.823308989920957,2.692260096009174,0.628185714333199
HTI,2005,16.202,16.983456198230332,0.6867116474062408,15.6375013693141,18.329411027146563,2.691909657832464,-0.10797331707963664
HTI,2006,20.783,19.215978136393247,0.6866965473473395,17.870052903592462,20.56190336919403,2.691850465601571,4.5366295272967285
HTI,2007,20.889,20.11681608341342,0.6866939968885005,18.77089584951196,21.462736317314878,2.691840467802922,1.9704248023504114
HTI,2008,20.134,20.230753324668363,0.6866935661083379,18.884833935096022,21.576672714240704,2.6918387791446845,0.054798848772037445
HTI,2009,20.77,20.59204124423082,0.686693493348339,19.246121997268077,21.937960491193564,2.6918384939254887,0.6585211048592754
HTI,2010,20.831,20.872769918597488,0.6866934810589693,19.526850695721908,22.218689141473067,2.6918384457511597,0.3316375913351344
HTI,2011,21.74,21.412139356029122,0.68669347898326,20.066220137221933,22.758058574836312,2.6918384376143796,1.04529571468818
HTI,2012,21.818,21.720292878632353,0.6866934786326672,20.374373660512326,23.06621209675238,2.6918384362400554,0.5075934229016354
HTI,2013,22.261,22.05622208555999,0.6866934785734548,20.71030286755602,23.402141303563962,2.6918384360079424,0.6516096721896538
HTI,2014,22.135,22.247110456099843,0.6866934785635159,20.901191238115352,23.593029674084335,2.6918384359689824,0.14179716603833725
HTI,2015,22.92,22.763217782527267,0.6866934785628481,21.417298564544083,24.10913700051045,2.6918384359663645,0.8432754996433616
HTI,2016,23.292,23.33808686171772,0.6866934785791464,21.992167643702594,24.684006079732846,2.691838436030254,0.7185675827813505
HTI,2017,24.638,24.372210835576045,0.6866934788483029,23.026291617033372,25.718130054118717,2.691838437085347,1.6413153866503407
HTI,2018,27.173,25.61035006057247,0.686693483218356,24.26443083346449,26.956269287680446,2.6918384542159552,3.2095443290772643
HTI,2019,24.381,24.872479313481495,0.6866935541585688,23.5265599473307,26.21839867963229,2.6918387323015898,-1.4729482542415937
HTI,2020,24.899,24.52756202140629,0.6866947057464949,23.18164039814316,25.87348364466942,2.6918432465262603,-0.08734916080369359
HTI,2021,23.047,23.293719842631624,0.6867133994702865,21.947761579669862,24.639678105593386,2.6919165259235234,-1.8878985735155034
HTI,2022,20.746,21.690854222103955,0.6870167878759922,20.34430131786701,23.0374071263409,2.6931058084738893,-3.0768845661204445
HTI,2023,20.94,20.72253618716366,0.69192315525146,19.366366802870797,22.07870557145652,2.712338768585723,-1.0705315167231575
HTI,2024,16.883,18.731153082199604,0.7671929214651511,17.227454956127907,20.2348512082713,3.007396252143392,-4.49696478043008
HUN,2000,59.68,59.70707329628402,0.5094469085975042,58.708557355432916,60.70558923713513,1.9970318817022163,0.0
HUN,2001,59.614,59.787678614368296,0.4472950838966255,58.91098024993091,60.664376978805684,1.7533967288747718,-0.0660000000000025
HUN,2002,60.806,60.40903479624858,0.4386042293448714,59.54937050673263,61.268699085764524,1.719328579031896,1.1699968539010186
HUN,2003,60.507,60.53200909125061,0.43741838342459577,59.6746690597384,61.389349122762816,1.7146800630244154,0.12661505854188704
HUN,2004,60.947,60.84124444370296,0.4372572620135661,59.98422021015637,61.69826867724955,1.714048467093179,0.4865742772177484
HUN,2005,61.234,61.1590142256811,0.43723538338962414,60.30203287423743,62.01599557712476,1.7139627028873266,0.46625038865416
HUN,2006,61.71,61.577651482243304,0.4372324127393238,60.72067595327423,62.43462701121238,1.7139510579381492,0.6477980973369313
HUN,2007,62.063,62.03754161672843,0.4372320093928427,61.18056687831846,62.89451635513841,1.7139494768199433,0.5916991004747416
HUN,2008,63.324,62.870272159115885,0.4372319546276822,62.01329752804563,63.72724679018614,1.7139492621405144,1.4790286916864943
HUN,2009,63.694,63.26492220886962,0.4372319471918365,62.407947592373624,64.12189682536562,1.713949232991999,0.9149912873353685
HUN,2010,62.79,62.86742209850678,0.43723194618222017,62.01044748398963,63.72439671302393,1.713949229034303,-0.5668447326312389
HUN,2011,61.995,62.29900042231847,0.43723194604513754,61.44202580807,63.15597503656694,1.713949228496939,-1.0038705016348501
HUN,2012,61.916,62.01400779403917,0.43723194602652493,61.15703317982719,62.87098240825116,1.7139492284239777,-0.4489054140386912
HUN,2013,61.771,61.722530761309194,0.4372319460239978,60.86555614710216,62.57950537551623,1.7139492284140714,-0.31041231443940376
HUN,2014,60.764,61.01832050639023,0.4372319460236547,60.16134589218387,61.8752951205966,1.7139492284127265,-1.1213804858604206
HUN,2015,60.35,60.33125534666721,0.4372319460236115,59.47428073246093,61.18822996087349,1.713949228412557,-0.8272054008203895
HUN,2016,58.172,58.93211823025314,0.4372319460237002,58.07514361604669,59.78909284445959,1.7139492284129048,-2.4828079964978755
HUN,2017,58.02,58.26295558216551,0.4372319460263918,57.40598096795378,59.11993019637724,1.7139492284234559,-1.0668631408244096
HUN,2018,57.221,57.61361377453202,0.4372319461027186,56.75663916017069,58.47058838889335,1.7139492287226568,-1.1921168923336722
HUN,2019,56.987,57.41185720909069,0.43723194826644257,56.55488259048846,58.26883182769292,1.713949237204455,-0.6732702963292354
HUN,2020,58.441,58.17626759443719,0.4372320096039403,57.31929285561347,59.033242333260915,1.713949477647446,1.2059138899212556
HUN,2021,59.123,58.95300524153949,0.4372337484029605,58.096027094669694,59.80998338840929,1.7139562937396051,1.1263542031656613
HUN,2022,60.809,60.012644999153274,0.43728303720591094,59.155570246229686,60.86971975207686,1.714149505847171,2.1010381122674175
HUN,2023,60.517,59.91679212557112,0.438677978297911,59.05698328810721,60.77660096303503,1.7196176749278111,0.48218887368338414
HUN,2024,56.777,58.089642137258544,0.47652631705293186,57.1556505558348,59.02363371868229,1.8679831628474928,-3.5623234224834093
IDN,2000,42.455,41.258057397525256,1.1242358503116254,39.05455513091447,43.46155966413604,4.4070045332215715,0.0
IDN,2001,39.061,40.40182572680242,0.9441109691506849,38.551368227267076,42.25228322633777,3.700914999070685,-3.3939999999999984
IDN,2002,39.37,40.0829179435355,0.872982736454447,38.37187178008478,41.793964106986216,3.4220923269014323,-1.290605032262519
IDN,2003,39.951,40.0385542890747,0.8443545302782599,38.38361940972931,41.69348916842009,3.3098697586907786,-0.16086844541608514
IDN,2004,39.147,40.020511565703295,0.832817983288979,38.3881883184569,41.65283481294969,3.2646464944927978,-0.9023213377590764
IDN,2005,41.41,40.558344207817136,0.8281728772220783,38.93512536846186,42.18156304717241,3.246437678710547,1.698972016313384
IDN,2006,41.333,40.94572196954715,0.8263036304815622,39.32616685380329,42.565277085291015,3.239110231487724,0.994307377270033
IDN,2007,41.77,41.37481712155581,0.8255516265588884,39.75673593350039,42.99289830961123,3.2361623761108422,1.0661452104668356
IDN,2008,42.543,41.87337639584353,0.8252491279129093,40.255888105134225,43.49086468655283,3.2349765814186044,1.4485343999395397
IDN,2009,42.368,42.316093843389005,0.8251274515761782,40.6988440382997,43.93334364847831,3.2344996101786183,0.743334840590812
IDN,2010,43.901,43.06303145981545,0.8250785097196415,41.44587758076495,44.68018533886595,3.2343077581009947,2.0043609933735453
IDN,2011,44.984,43.83446606912143,0.8250588239968956,42.21735077408752,45.451581364155345,3.2342305900678308,2.3541126961349335
IDN,2012,45.868,44.44616753506437,0.8250509059004423,42.8290677594995,46.063267310629236,3.2341995511297337,2.376969835481276
IDN,2013,44.406,44.598733722199185,0.8250477210650246,42.98164018891174,46.21582725548663,3.234187066574896,0.04548762707901233
IDN,2014,45.142,44.9934130743583,0.8250464402050491,43.37632205155641,46.610504097160195,3.2341820456037924,0.7648486770936458
IDN,2015,45.73,45.592763718852964,0.8250459262467362,43.97567370340936,47.209853734296566,3.234180030887206,1.0730752991244756
IDN,2016,46.888,46.56052350055909,0.825045729074203,44.94343387157365,48.17761312954453,3.234179257970876,1.8385565974227447
IDN,2017,49.834,48.05415947628815,0.8250457236685784,46.43706985789773,49.671249094678565,3.2341792367808275,4.112034013055791
IDN,2018,51.403,49.52909726041718,0.8250462931305864,47.91200652588123,51.14618799495313,3.2341814690718986,4.176900274206432
IDN,2019,53.083,50.90976869451841,0.8250509438082302,49.29266884465428,52.526868544382545,3.2341996997282623,4.3290393817751465
IDN,2020,53.883,51.92914192761483,0.8250870150828291,50.31197137805248,53.546312477177175,3.23434109912469,3.5455278647256847
IDN,2021,54.01,52.45416338957463,0.825366015063417,50.83644600005034,54.071880779098926,3.2354347790485947,2.375615636420079
IDN,2022,51.876,52.36654072733866,0.8275209348214464,50.744599695088624,53.988481759588694,3.24388206450007,-0.6273565067463736
IDN,2023,52.811,52.531593303139566,0.844003521929821,50.877346400157116,54.185840206122016,3.3084938059648983,0.5371230935386819
IDN,2024,52.936,52.64067939014958,0.9620036164494732,50.75515230190861,54.52620647839055,3.7710541764819347,0.4656498102533533
IND,2000,54.977,55.1861286331735,0.7777786700769044,53.66168243982277,56.71057482652424,3.048892386701465,0.0
IND,2001,54.941,55.38050347917385,0.6495687743044116,54.107348681537204,56.6536582768105,2.5463095952732937,-0.03599999999999426
IND,2002,57.054,56.04895690594687,0.6022831052873813,54.86848201958361,57.22943179231014,2.3609497727265345,2.0962804906731307
IND,2003,56.774,56.3860821606808,0.584449078984832,55.240561965870526,57.531602355491074,2.2910403896205414,0.8992136245402094
IND,2004,57.055,56.694674859874475,0.5777110227042362,55.56236125537417,57.82698846437478,2.264627209000606,0.8163743910319639
IND,2005,57.505,56.98666130975785,0.5751664895666946,55.85933499020713,58.11398762930857,2.2546526391014425,0.9457507157021539
IND,2006,57.332,57.11782160676454,0.5742059301385141,55.992377983693046,58.24326522983603,2.250887246142975,0.40548843831781767
IND,2007,57.101,57.19341327742419,0.5738433787394557,56.06868025509486,58.31814629975352,2.249466044658666,0.017696760983156423
IND,2008,57.866,57.419947045678526,0.5737065470861473,56.295482213389676,58.54441187796738,2.2489296645776973,0.7758649206036736
IND,2009,57.74,57.486824739159395,0.5736549063260123,56.36246112276041,58.61118835555838,2.248727232797968,0.3505243616253608
IND,2010,57.174,57.403717221822255,0.5736354171033747,56.27939180429964,58.52804263934487,2.248650835045229,-0.35068222004831284
IND,2011,57.441,57.43509202330727,0.5736280618975251,56.31078102198812,58.55940302462642,2.2486220026382986,0.051573518087124626
IND,2012,57.521,57.49168116117882,0.5736252860568044,56.36737560050748,58.615986721850156,2.248611121342673,0.1116826154795092
IND,2013,57.42,57.57794591270077,0.5736242384609258,56.45364240531735,58.702249420084186,2.2486070147668293,-0.03239066441550875
IND,2014,57.782,57.8810392428246,0.573623843106827,56.756736510335216,59.00534197531398,2.2486054649787617,0.3421015721123837
IND,2015,59.253,58.55991461985646,0.5736236939656267,57.43561217968383,59.684217060029084,2.248604880345257,1.6811621287044076
IND,2016,59.873,59.30574780531679,0.5736236383394543,58.18144547417146,60.43005013646212,2.248604662290661,1.652783207633341
IND,2017,61.392,60.28958062998207,0.5736236240797562,59.165278326785746,61.41388293317839,2.2486046063926444,2.5343494313018127
IND,2018,62.626,61.2874716082436,0.5736236874587971,60.163169180824354,62.411774035662845,2.2486048548384847,2.790919500829773
IND,2019,63.304,62.113029330363254,0.5736244135420251,60.988725479820886,63.23733318090562,2.2486077010847385,2.392537482403391
IND,2020,63.627,62.72522257659965,0.5736318578192174,61.600904135273986,63.84954101792531,2.2486368826513323,1.792800624888315
IND,2021,63.955,63.16343514959589,0.5737078824439783,62.03896770000569,64.28790259918608,2.248934899180395,1.4293660210353352
IND,2022,62.704,63.35342617723651,0.5744836534142941,62.22743821654449,64.47941413792853,2.251975921384033,-0.3729017066187126
IND,2023,65.095,64.27632153885972,0.5823464590483441,63.13492247912497,65.41772059859447,2.282798119469509,2.161916373055682
IND,2024,67.988,65.39484920304857,0.6572766170618239,64.1065870336074,66.68311137248973,2.5765243388823498,4.221123833129212
IRL,2000,67.279,67.39643969272709,0.42756901123292446,66.55840443071055,68.23447495474362,1.6760705240330638,0.0
IRL,2001,68.184,67.95838629318278,0.39009212835090085,67.19380572161502,68.72296686475055,1.5291611431355312,0.9050000000000011
IRL,2002,67.916,67.98230312297099,0.3873505805727676,67.22309598504836,68.74151026089362,1.518414275845249,-0.03834598414037771
IRL,2003,68.427,68.31987515984602,0.387155280828798,67.56105080942157,69.07869951027047,1.5176487008488881,0.5008118116744811
IRL,2004,68.399,68.47862943894664,0.38714139747715137,67.71983229989142,69.23742657800186,1.5175942781104335,0.10548435989076665
IRL,2005,69.221,69.12763048308993,0.38714041069441035,68.36883527812888,69.88642568805098,1.5175904099220885,0.8501217080663395
IRL,2006,70.181,69.93035901041281,0.3871403405579065,69.17156394291932,70.68915407790631,1.5175901349869936,1.1866426713122848
IRL,2007,70.445,70.3261944081978,0.3871403355728929,69.56739935047493,71.08498946592066,1.51759011544574,0.5803596086191618
IRL,2008,70.533,70.54253891383487,0.38714033521857877,69.78374385680647,71.30133397086328,1.5175901140568286,0.2427242130456051
IRL,2009,71.032,70.98975638885508,0.3871403351933955,70.23096133187603,71.74855144583414,1.5175901139581105,0.5637104183486343
IRL,2010,71.896,71.64051287050519,0.3871403351916056,70.88171781352965,72.39930792748073,1.517590113951094,1.0142855300508273
IRL,2011,71.761,71.73039078588691,0.3871403351914784,70.97159572891161,72.48918584286221,1.5175901139505952,0.13540912062177313
IRL,2012,71.948,71.76346371802084,0.38714033519146934,71.00466866104557,72.52225877499612,1.5175901139505599,0.2231001514334281
IRL,2013,70.757,71.01021833747842,0.38714033519146873,70.25142328050315,71.7690133944537,1.5175901139505574,-1.1315213680246217
IRL,2014,70.75,70.71841955112444,0.3871403351914686,69.95962449414917,71.47721460809971,1.517590113950557,-0.30866426418175763
IRL,2015,69.651,70.03255630312205,0.3871403351914687,69.27376124614678,70.79135136009732,1.5175901139505572,-1.1812900749069826
IRL,2016,70.567,70.43384301700239,0.38714033519146945,69.67504796002711,71.19263807397766,1.5175901139505603,0.6010673692056514
IRL,2017,70.612,70.59699864796094,0.3871403351915075,69.83820359098559,71.3557937049363,1.5175901139507093,0.20524491519026355
IRL,2018,70.959,70.83622187460846,0.3871403351933825,70.07742681762943,71.59501693158748,1.5175901139580592,0.4017184154604365
IRL,2019,70.634,70.74177978385384,0.3871403352858667,69.98298472669354,71.50057484101414,1.5175901143205974,-0.2179016334709729
IRL,2020,71.106,71.04105426531348,0.3871403398476659,70.28225919921205,71.7998493314149,1.5175901322028502,0.41390729597993925
IRL,2021,71.209,71.31452008953224,0.3871405648589315,70.55572458240873,72.07331559665575,1.5175910142470115,0.21334792926556645
IRL,2022,72.616,72.2926779695906,0.3871516634064718,71.53386070931391,73.05149522986729,1.5176345205533694,1.4638786837927285
IRL,2023,73.557,72.69592353098083,0.3876987063720721,71.93603406649157,73.4558129954701,1.5197789289785226,1.331270920617797
IRL,2024,68.355,69.64723502366209,0.41378502570149084,68.83621637328717,70.45825367403701,1.622037300749844,-4.847082387267832
IRN,2000,37.833,37.79197482019853,0.9965753873167998,35.838687061057605,39.74526257933946,3.9065755182818553,0.0
IRN,2001,37.036,37.67098618065229,0.8819288890502633,35.94240555811378,39.39956680319081,3.457161245077032,-0.796999999999997
IRN,2002,39.934,39.183464385369525,0.867378261106613,37.48340299360056,40.88352577713849,3.4001227835379226,2.642701606151782
IRN,2003,40.041,39.871405199462586,0.8655824889848219,38.17486352105234,41.567946877872835,3.393083356820502,1.0235053210295249
IRN,2004,40.506,40.65723679884434,0.865361783514786,38.961127703155356,42.35334589453332,3.392218191377961,0.823248193537367
IRN,2005,43.405,42.48997354562472,0.8653346723895305,40.79391758774124,44.1860295035082,3.3921119157669595,3.187478618235943
IRN,2006,43.737,43.33225959747741,0.865331342314854,41.636210166540295,45.028309028414526,3.3920988618742274,1.4490950578428823
IRN,2007,43.958,43.762113781741306,0.8653309332831617,42.06606515250631,45.4581624109763,3.3920972584699935,0.7288636101251669
IRN,2008,44.155,44.01037620122371,0.8653308830420173,42.31432767046135,45.70642473198606,3.3920970615247077,0.45244499229837487
IRN,2009,44.107,44.068502904941504,0.8653308768709251,42.37245438627449,45.764551423608516,3.3920970373340267,0.11056853814268663
IRN,2010,44.141,44.069561236528344,0.8653308761129335,42.37351271934699,45.7656097537097,3.392097034362699,0.07275099140814945
IRN,2011,43.719,43.87805965625672,0.8653308760198296,42.18201113925785,45.57410817325558,3.392097033997732,-0.396502936357507
IRN,2012,43.892,43.96183179921061,0.8653308760083938,42.26578328223415,45.65788031618706,3.3920970339529033,0.0340374867495683
IRN,2013,44.545,44.302640847038326,0.8653308760069891,42.60659233006463,45.99868936401202,3.392097033947397,0.6649291290681845
IRN,2014,44.195,44.26378662025971,0.8653308760068169,42.567738103286345,45.95983513723307,3.392097033946722,-0.11696207154574978
IRN,2015,44.198,44.37964572891441,0.8653308760068075,42.68359721194107,46.07569424588775,3.392097033946685,-0.03799173531314182
IRN,2016,44.8,45.08130904022744,0.8653308760071157,43.38526052325349,46.777357557201384,3.3920970339478935,0.5886850241496049
IRN,2017,48.09,47.11390877465839,0.8653308760154194,45.41786025766817,48.809957291648615,3.392097033980444,3.496316632168387
IRN,2018,48.565,48.152931074362016,0.8653308762372365,46.45688255693703,49.848979591787,3.392097034849967,1.7003552289448933
IRN,2019,49.502,48.919305570295016,0.8653308821624032,47.22325704125671,50.615354099333324,3.3920970580766205,1.5329240509516566
IRN,2020,49.06,48.729853412848165,0.8653310404351632,47.03380457359525,50.42590225210108,3.3920976785058397,0.09524439146235153
IRN,2021,47.246,47.4928245939667,0.865335268199023,45.796767468296615,49.18888171963679,3.39211425134017,-1.780619667099863
IRN,2022,44.801,45.92039484925444,0.8654481923857014,44.224116392178466,47.61667330633042,3.392556914151949,-3.0690543547366786
IRN,2023,44.359,46.10289556317804,0.8684591834053984,44.40071556370346,47.80507556265262,3.4043599989491615,-1.5176124793996024
IRN,2024,54.535,51.15502147030594,0.9453457422348485,49.30214381552564,53.00789912508624,3.705755309560606,9.64412186000699
IRQ,2000,23.581,23.59704117468478,1.2323404983318866,21.181653797954283,26.012428551415276,4.830774753460996,0.0
IRQ,2001,23.508,23.615878719643987,1.0554358641095298,21.54722442598931,25.684533013298665,4.137308587309357,-0.0730000000000004
IRQ,2002,22.866,23.757919862494806,1.010087550579637,21.778148263358716,25.737691461630895,3.959543198272177,-0.6721855992441661
IRQ,2003,25.063,24.9300900522715,0.9987037903051011,22.9726306232735,26.8875494812695,3.9149188579959966,1.8756548427859698
IRQ,2004,25.779,26.606714001680807,0.9958692976157729,24.65481017835389,28.558617825007723,3.9038076466538296,1.6412312653853185
IRQ,2005,34.093,30.110176175678664,0.9951651039612603,28.15965257191459,32.060699779442736,3.9010472075281406,9.129719726947485
IRQ,2006,32.384,31.313086367262457,0.9949902557562338,29.36290546598024,33.26326726854467,3.9003618025644364,2.837058827287631
IRQ,2007,32.264,32.04473966512028,0.9949468478965586,30.094643843243027,33.99483548699754,3.9001916437545097,1.2933370888391913
IRQ,2008,33.019,32.95318166033474,0.9949360718320638,31.003106959543896,34.903256361125585,3.90014940158169,1.3993750633355297
IRQ,2009,35.471,34.30249544902957,0.9949333966818659,32.35242599153312,36.252564906526025,3.900138914992914,3.149225769535086
IRQ,2010,36.15,35.1585369140782,0.9949327325792209,33.20846875822293,37.10860506993347,3.9001363117105456,2.2480838457067946
IRQ,2011,36.177,35.43342910410449,0.9949325677166875,33.483361271379785,37.3834969368292,3.900135665449415,1.147096958417464
IRQ,2012,34.953,35.06578777333899,0.9949325267899685,33.11572002083065,37.01585552584733,3.900135505016676,-0.6524642125010018
IRQ,2013,34.271,34.61210072855051,0.9949325166316263,32.66203299595252,36.562168461148495,3.900135465195975,-1.0070873301518617
IRQ,2014,33.268,34.26873397742225,0.9949325141261361,32.318666249735024,36.21880170510948,3.900135455374454,-1.5047767011010293
IRQ,2015,34.887,34.80509406079764,0.9949325136645935,32.85502633401504,36.75516178758025,3.9001354535652064,0.8692518189103566
IRQ,2016,35.912,35.55560225722808,0.9949325151288987,33.605534527575436,37.505669986880726,3.900135459305283,1.4581007854740378
IRQ,2017,36.98,36.34649900805438,0.9949325310299635,34.396431247235654,38.296566768873106,3.900135521637457,1.7944921188647527
IRQ,2018,37.176,36.90339748343629,0.994932687880173,34.95332941519115,38.853465551681424,3.900136136490278,1.0900975787408314
IRQ,2019,37.779,37.4815316411653,0.9949342315109027,35.53146054740393,39.43160273492666,3.9001421875227384,1.146136186290171
IRQ,2020,38.578,38.06619467575485,0.9949494220520508,36.11609380853283,40.01629554297687,3.9002017344440394,1.370057168949728
IRQ,2021,39.303,38.43123820396632,0.9950988976002066,36.48084436466992,40.38163204326273,3.90078767859281,1.4076247853960027
IRQ,2022,37.885,38.06705021941664,0.9965686688755666,36.113775628420534,40.02032481041275,3.906549181992221,-0.7166573196897872
IRQ,2023,36.143,37.693027843641595,1.010918495677667,35.711627592113366,39.67442809516982,3.9628005030564544,-2.0990712669099594
IRQ,2024,40.341,38.77045690062413,1.1425596830836622,36.531039921780156,41.00987387946811,4.4788339576879554,3.1521472388305583
ISL,2000,64.19,64.31192943169641,0.4875742114484191,63.35628397725751,65.26757488613532,1.911290908877803,0.0
ISL,2001,65.943,65.76333551031178,0.4623013798276191,64.85722480584964,66.66944621477391,1.8122214089242668,1.7530000000000001
ISL,2002,67.616,67.27953027352352,0.4615556112366543,66.37488127549967,68.18417927154736,1.8092979960476847,1.9662794487140758
ISL,2003,67.26,67.25456997458063,0.4615339813758829,66.3499633710839,68.15917657807736,1.809213206993461,-0.02139420765834643
ISL,2004,67.08,67.13306620154377,0.46153335436644277,66.22846082698554,68.037671576102,1.8092107491164557,-0.183642475369183
ISL,2005,67.523,67.42501986826808,0.4615333361908837,66.52041452933395,68.32962520720221,1.8092106778682642,0.41173346861795324
ISL,2006,66.835,67.05164373415631,0.4615333356640163,66.14703839625484,67.95624907205779,1.8092106758029438,-0.6178992094515081
ISL,2007,68.878,68.54413411070968,0.46153333564874366,67.63952877283813,69.44873944858122,1.809210675743075,1.9377979047644374
ISL,2008,68.457,68.49135552748926,0.4615333356483009,67.5867501896186,69.39596086535992,1.8092106757413395,-0.09107499495657123
ISL,2009,68.865,68.74379628660446,0.46153333564828813,67.83919094873382,69.64840162447511,1.8092106757412894,0.3924937812674898
ISL,2010,67.872,68.01552651239501,0.46153333564828763,67.11092117452436,68.92013185026566,1.8092106757412876,-0.9261749134173556
ISL,2011,67.863,67.82586230516162,0.4615333356482877,66.92125696729097,68.73046764303227,1.8092106757412878,-0.16668840611922064
ISL,2012,66.802,66.94841195642597,0.4615333356482877,66.04380661855532,67.85301729429662,1.8092106757412878,-1.0893799838439833
ISL,2013,66.241,66.42525290542605,0.4615333356482877,65.5206475675554,67.3298582432967,1.8092106757412878,-0.7464753252565544
ISL,2014,67.389,67.19076890336756,0.4615333356482877,66.2861635654969,68.0953742412382,1.8092106757412878,1.0209068315911054
ISL,2015,66.826,66.86380458186316,0.4615333356482877,65.95919924399251,67.76840991973381,1.8092106757412878,-0.3891827558297507
ISL,2016,66.477,66.48269509287056,0.4615333356482877,65.57808975499991,67.3873004307412,1.8092106757412878,-0.41526135902280714
ISL,2017,65.312,65.6120927643051,0.4615333356482877,64.70748742643445,66.51669810217575,1.8092106757412878,-1.2357014418967651
ISL,2018,67.022,66.81347473570418,0.4615333356482879,65.90886939783353,67.71808007357482,1.8092106757412887,1.4996123205357037
ISL,2019,67.529,67.44018388553975,0.4615333356483297,66.53557854766903,68.34478922341047,1.8092106757414523,0.7623205374020472
ISL,2020,68.091,67.98894223095047,0.46153333565699584,67.08433689306275,68.89354756883819,1.8092106757754236,0.6917909377088733
ISL,2021,68.113,68.19953993972622,0.4615333374521518,67.29493459832,69.10414528113245,1.809210682812435,0.1397827306210786
ISL,2022,70.003,69.67726348169258,0.4615337093116987,68.77265741144164,70.58186955194351,1.8092121405018589,1.9137990855456195
ISL,2023,70.233,69.6786362619126,0.4616107321388557,68.77387922692044,70.58339329690476,1.8095140699843142,0.5558390213988957
ISL,2024,62.164,63.52169685741686,0.4772978350070135,62.586193100803115,64.45720061403061,1.8710075132274928,-7.974364129309166
ISR,2000,68.466,68.29376686225744,0.4561235566360472,67.3997646912508,69.18776903326409,1.788004342013305,0.0
ISR,2001,67.22,67.55806423699802,0.41384885313008235,66.74692048486305,68.36920798913299,1.6222875042699227,-1.2459999999999951
ISR,2002,67.713,67.5916477411793,0.4103942018830783,66.78727510548846,68.39602037687014,1.6087452713816668,0.16119170457373855
ISR,2003,66.999,67.17481059084761,0.41011957966148876,66.37097621471109,67.97864496698413,1.607668752273036,-0.6688078176303947
ISR,2004,66.929,67.10661570622848,0.41009780274116336,66.30282401285581,67.91040739960116,1.6075833867453604,-0.2582512227517384
ISR,2005,67.992,67.68172117585652,0.4100960762214963,66.87793286646239,68.48550948525066,1.6075766187882654,0.990286584472841
ISR,2006,67.438,67.50932289612578,0.41009593934155936,66.70553485501632,68.31311093723524,1.6075760822189127,-0.2751672320623868
ISR,2007,67.39,67.47557640253683,0.41009592848961585,66.67178838269719,68.27936442237647,1.6075760396792942,-0.12547837122218652
ISR,2008,67.86,67.75104094074347,0.41009592762926583,66.94725292259011,68.55482895889682,1.607576036306722,0.4346692621560493
ISR,2009,67.851,67.82466922774005,0.4100959275610566,67.02088120972037,68.62845724575972,1.6075760360393418,0.11338910809887182
ISR,2010,67.904,67.85534854942503,0.41009592755564894,67.05156053141596,68.6591365674341,1.607576036018144,0.0849267844086512
ISR,2011,67.634,67.71972192351562,0.4100959275552202,66.91593390550739,68.52350994152386,1.607576036016463,-0.24608730519176447
ISR,2012,67.864,67.80980537365656,0.4100959275551862,67.0060173556484,68.61359339166472,1.6075760360163298,0.160709602792096
ISR,2013,67.515,67.76077180916374,0.41009592755518354,66.95698379115558,68.5645598271719,1.6075760360163194,-0.30374926183650075
ISR,2014,68.936,68.63929513874302,0.41009592755518337,67.83550712073486,69.44308315675119,1.6075760360163187,1.3354738206309662
ISR,2015,69.194,69.07416811277083,0.41009592755518337,68.27038009476267,69.877956130779,1.6075760360163187,0.6340271641002744
ISR,2016,69.77,69.39592802337798,0.4100959275551865,68.59214000536981,70.19971604138614,1.607576036016331,0.7545219843295143
ISR,2017,67.953,68.50985639956362,0.41009592755532,67.70606838155518,69.31364441757205,1.6075760360168543,-1.6045504875979475
ISR,2018,69.134,69.08586413692086,0.4100959275609288,68.28207611890144,69.88965215494028,1.6075760360388407,0.729209361961054
ISR,2019,70.033,69.94761577200381,0.41009592779661536,69.14382775352244,70.75140379048518,1.607576036962732,1.1043222790125782
ISR,2020,71.574,71.18420453537274,0.4100959377003814,70.38041649748,71.98799257326549,1.607576075785495,1.8519422052419259
ISR,2021,72.273,71.90597212388761,0.4100963538655079,71.10218327031122,72.709760977464,1.607577707152791,1.2204483165126447
ISR,2022,71.744,71.77774942858787,0.4101138411245471,70.97392629998376,72.58157255719198,1.6076462572082244,-0.18536037764305036
ISR,2023,72.361,71.67664282044205,0.4108479990205746,70.87138074236172,72.48190489852239,1.6105241561606525,0.564808383762454
ISR,2024,67.462,68.79662493601687,0.44059362453029016,67.9330614319375,69.66018844009623,1.7271270081587373,-4.7399678336443
ITA,2000,75.297,75.50951610589699,0.6612510180389598,74.21346411054063,76.80556810125336,2.5921039907127224,0.0
ITA,2001,75.415,75.77725663603698,0.5594149508312575,74.68080333240772,76.87370993966624,2.192906607258529,0.11800000000000921
ITA,2002,77.373,76.60858411510257,0.5305037223424903,75.56879681931129,77.64837141089386,2.079574591582562,2.0086311575804245
ITA,2003,77.954,77.1759104689882,0.5223347684339872,76.15213432285759,78.19968661511882,2.04755229226123,1.590827773762257
ITA,2004,77.466,77.30206483111166,0.5200387336800555,76.28278891309876,78.32134074912457,2.0385518360258175,0.34253893442843264
ITA,2005,77.912,77.34273654283993,0.5193945821855872,76.32472316175618,78.36074992392368,2.0360267621675017,0.6266562982350052
ITA,2006,76.176,76.76242131440034,0.5192139649406172,75.74476194311673,77.78008068568396,2.0353187425672195,-1.404568536846142
ITA,2007,76.194,76.3789431451806,0.5191633285765133,75.36138302117064,77.39650326919056,2.0351202480199317,-0.7254444132403819
ITA,2008,75.135,75.89253079126422,0.5191491332071687,74.87499849017817,76.91006309235027,2.0350646021721013,-1.4430654878494522
ITA,2009,75.781,75.87663825224425,0.5191451537346173,74.8591137509244,76.8941627535641,2.0350490026397,-0.11803625926262384
ITA,2010,76.146,75.95760519609678,0.5191440381492084,74.94008288132433,76.97512751086923,2.0350446295448967,0.3025041936881223
ITA,2011,76.05,75.88864064638022,0.5191437254118855,74.87111894457293,76.90616234818752,2.035043403614591,0.06416548850323522
ITA,2012,74.783,75.5774349063858,0.519143637740788,74.55991337641386,76.59495643635775,2.035043059943889,-1.23302655107247
ITA,2013,76.192,75.9233390238262,0.5191436131636478,74.90581754202545,76.94086050562696,2.0350429636014993,0.7561540310562265
ITA,2014,76.334,76.24507730871481,0.5191436062750544,75.2275558404157,77.26259877701392,2.035042936598213,0.5423580972012445
ITA,2015,77.197,76.72937528390925,0.5191436043585228,75.71185381936654,77.74689674845196,2.0350429290854093,1.1501603580469748
ITA,2016,76.754,77.07468714747246,0.5191436039940848,76.05716568364406,78.09220861130086,2.035042927656812,0.1659712031663929
ITA,2017,79.173,78.07281425160123,0.5191436059407342,77.05529278395738,79.09033571924508,2.0350429352876778,2.5068761668438952
ITA,2018,79.064,78.62767427073436,0.5191436307738376,77.61015275441764,79.64519578705108,2.0350430326334434,1.21830657027877
ITA,2019,79.099,79.13759689892268,0.5191439256469319,78.12007480465469,80.15511899319067,2.035044188535973,0.6800523312763573
ITA,2020,80.888,80.11153425017451,0.5191474213057503,79.09400530441525,81.12906319593378,2.0350578915185413,2.149064824736257
ITA,2021,81.533,80.99442043836771,0.5191888583694817,79.97681027596353,82.0120306007719,2.035220324808368,1.782857505795846
ITA,2022,82.612,81.98477918405862,0.5196798167567829,80.96620674321532,83.00335162490192,2.0371448816865887,2.022963053786185
ITA,2023,84.439,83.0691612325476,0.5254648684258416,82.03925009043294,84.09907237466226,2.0598222842292992,2.8980908615764065
ITA,2024,84.109,83.47128871096814,0.5897350116860665,82.31540808806345,84.62716933387283,2.3117612458093806,1.2044415865845366
JAM,2000,47.57,47.414659796615084,0.6570368209742102,46.12686762750563,48.702451965724535,2.575584338218904,0.0
JAM,2001,45.95,46.32575971795666,0.6088642421133007,45.132385803414586,47.51913363249873,2.386747829084139,-1.6199999999999974
JAM,2002,46.518,46.51166255937429,0.6063521883510861,45.323212270206156,47.70011284854242,2.376900578336257,0.21461381131475576
JAM,2003,46.922,46.863905988206625,0.6062241198865368,45.67570671322901,48.05210526318424,2.376398549955224,0.45234406095239876
JAM,2004,47.535,47.23274397892421,0.6062175989256869,46.04455748502986,48.42093047281856,2.3763729877886925,0.7150590605891836
JAM,2005,45.667,46.050578744218846,0.6062172669141555,44.8623929010671,47.23876458737059,2.3763716863034894,-1.7066533127805954
JAM,2006,45.998,46.037877577274195,0.6062172500100059,44.84969176725458,47.226063387293806,2.3763716200392233,-0.05409267032042209
JAM,2007,46.251,46.270033338071904,0.6062172491493423,45.08184752973919,47.458219146404616,2.3763716166654216,0.2407944189884148
JAM,2008,47.061,46.88554724795779,0.6062172491055224,45.69736143971097,48.07373305620461,2.376371616493648,0.864333346872435
JAM,2009,47.238,47.04979124880307,0.6062172491032911,45.861605440560616,48.23797705704552,2.376371616484901,0.37202995032895814
JAM,2010,45.87,46.175069718711974,0.6062172491031778,44.98688391046974,47.363255526954205,2.3763716164844566,-1.2840543984585224
JAM,2011,46.333,46.30370719044216,0.6062172491031717,45.115521382199944,47.49189299868438,2.3763716164844326,0.17326333015547135
JAM,2012,46.415,46.38594735539933,0.6062172491031714,45.197761547157114,47.57413316364155,2.376371616484432,0.12109549341966641
JAM,2013,46.396,46.371446771929165,0.6062172491031717,45.18326096368695,47.55963258017138,2.3763716164844326,0.008324235670016833
JAM,2014,46.038,46.181214173707964,0.6062172491031714,44.99302836546575,47.36939998195018,2.376371616484432,-0.3561217023788714
JAM,2015,46.889,46.70856607348189,0.6062172491031717,45.52038026523967,47.89675188172411,2.3763716164844326,0.7706439681757331
JAM,2016,46.423,46.653662806704496,0.6062172491031714,45.46547699846228,47.84184861494671,2.376371616484432,-0.29211031336127746
JAM,2017,48.146,48.03584581194045,0.6062172491031724,46.84766000369823,49.224031620182664,2.3763716164844357,1.6570876293697907
JAM,2018,50.859,50.24862866470084,0.6062172491032402,49.06044285645849,51.43681447294319,2.3763716164847013,3.086908653675877
JAM,2019,51.223,50.97151533282252,0.606217249109232,49.78332952456842,52.15970114107662,2.3763716165081896,1.060536404146177
JAM,2020,50.755,50.869304899930064,0.6062172496374808,49.6811190906406,52.05749070921953,2.3763716185789248,-0.22869838913747742
JAM,2021,51.592,51.39533782847848,0.6062172962098943,50.20715192790709,52.58352372904987,2.3763718011427857,0.7853960260974446
JAM,2022,51.144,51.23221297787424,0.6062214021949619,50.04401902957211,52.42040692617637,2.3763878966042506,-0.27078162873488765
JAM,2023,52.502,51.45968115184784,0.6065832920399888,50.27077789944946,52.648584404246215,2.377806504796756,1.2969002775436067
JAM,2024,43.119,45.170168561308984,0.6376821427539862,43.92031156151117,46.4200255611068,2.4997139995956257,-9.090364759633978
JOR,2000,48.875,48.39629292280131,0.4788461649517879,47.4577544394958,49.334831406106815,1.8770769666110085,0.0
JOR,2001,46.762,47.025181723108915,0.42721022966912087,46.18784967295744,47.86251377326039,1.6746641003029539,-2.1129999999999995
JOR,2002,44.538,45.55991260933693,0.4212809930135367,44.7342018630304,46.38562335564347,1.651421492613064,-2.8729184566912025
JOR,2003,45.675,45.84982553938727,0.42062111907933686,45.02540814599177,46.67424293278277,1.6488347867910005,0.1888843315732629
JOR,2004,47.208,46.78689938869864,0.42054797674698424,45.96262535427456,47.61117342312273,1.6485480688481782,1.5958101900081942
JOR,2005,47.769,47.22085452190184,0.4205398731316806,46.39659637056375,48.045112673239935,1.648516302676188,1.0921028855574235
JOR,2006,45.924,46.49239029014343,0.4205389753580028,45.668133898441745,47.31664668184512,1.6485127834033708,-1.481502689579571
JOR,2007,47.068,46.78938034654056,0.42053887589707933,45.965124149782284,47.61363654329884,1.6485123935165509,0.6508891630675464
JOR,2008,46.563,46.54488171865869,0.42053886487818964,45.720625543497434,47.36913789381994,1.6485123503225034,-0.28835451767704967
JOR,2009,45.588,46.094754479901525,0.4205388636574497,45.270498307132925,46.919010652670124,1.6485123455372028,-1.0709774950528228
JOR,2010,46.864,46.68765226034487,0.42053886352220865,45.86339608784134,47.5119084328484,1.6485123450070578,0.9195299869928206
JOR,2011,47.419,47.19939469406459,0.42053886350722586,46.37513852159042,48.02365086653875,1.6485123449483254,0.8610613957291662
JOR,2012,47.534,47.46370169352235,0.42053886350556596,46.63944552105144,48.28795786599326,1.6485123449418186,0.4016003897190501
JOR,2013,47.819,47.71371724507893,0.42053886350538205,46.889461072608384,48.53797341754948,1.6485123449410977,0.4186708726902353
JOR,2014,47.884,47.84812899526898,0.42053886350536224,47.02387282279847,48.67238516773949,1.64851234494102,0.20435270571263686
JOR,2015,47.654,47.9749538598566,0.420538863505373,47.150697687386064,48.79921003232713,1.6485123449410621,-0.1619821264904857
JOR,2016,49.503,49.02846750691332,0.4205388635056916,48.20421133444217,49.852723679384475,1.648512344942311,1.7950849820803185
JOR,2017,49.635,49.513539665160856,0.4205388635134885,48.68928349267442,50.33779583764729,1.648512344972875,0.7294859144838739
JOR,2018,50.131,49.992269291308084,0.4205388637041608,49.16801311844793,50.81652546416824,1.6485123457203104,0.7388060861015049
JOR,2019,50.76,50.415102971087926,0.4205388683669968,49.59084678908861,51.23935915308724,1.6485123639986274,0.8749082630556231
JOR,2020,49.986,50.203295579618896,0.4205389823952669,49.37903917412417,51.02755198511362,1.6485128109894462,-0.4827907431349132
JOR,2021,50.816,50.42659561876088,0.42054177091358314,49.60233374777025,51.2508574897515,1.648523741981246,0.669305285518007
JOR,2022,49.407,49.76921530211411,0.4206099575580875,48.94481978530026,50.593610818927964,1.648791033627703,-1.1862247639645673
JOR,2023,49.128,49.640546564615285,0.4222740150599231,48.812889495097835,50.468203634132735,1.6553141390348987,-0.6738295456515999
JOR,2024,51.489,50.777802786823806,0.4611026965771633,49.87404150153257,51.681564072115044,1.80752257058248,2.1367188844489533
JPN,2000,73.082,73.0706001714866,0.5412749544969818,72.00970126067251,74.13149908230069,2.1217978216281685,0.0
JPN,2001,73.406,73.06277922810426,0.4619600417619515,72.15733754625084,73.96822090995768,1.8108833637068498,0.3240000000000123
JPN,2002,72.265,72.83830302187503,0.4348847863774466,71.98592884057524,73.69067720317483,1.7047483625995907,-0.9953055892339506
JPN,2003,72.742,72.89087370035169,0.4257725874068079,72.05635942903434,73.72538797166904,1.669028542634687,-0.05737547613759375
JPN,2004,72.797,73.05778617442097,0.42273334274000707,72.22922882265055,73.88634352619138,1.6571147035408276,0.0226819190363301
JPN,2005,73.102,73.45759166534748,0.4217232812182886,72.63101403415963,74.28416929653532,1.6531552623756913,0.3179688097764881
JPN,2006,75.331,74.24888495484217,0.42138802209670884,73.42296443153262,75.07480547815172,1.6518410466190987,2.411691979032696
JPN,2007,75.21,74.69935434261654,0.42127679066439794,73.87365183291432,75.52505685231877,1.6514050194044398,1.2668858258855522
JPN,2008,75.476,75.021946119853,0.42123989185041266,74.19631593182619,75.8475763078798,1.6512603760536175,0.995457624549914
JPN,2009,75.068,75.19775208909293,0.42122765198465423,74.372145891203,76.02335828698286,1.6512123957798446,0.1652734588364524
JPN,2010,75.72,75.52947932188124,0.4212235919102709,74.70388108173711,76.35507756202537,1.651196480288262,0.7471847849325428
JPN,2011,76.102,75.88314796978457,0.4212222451575852,75.05755236927571,76.70874357029344,1.651191201017734,0.8123292311531856
JPN,2012,76.141,76.2503740274148,0.42122179845472885,75.42477930244353,77.07596875238606,1.651189449942537,0.5068511476429194
JPN,2013,77.502,76.84220083848103,0.42122165042848453,76.0166064036412,77.66779527332086,1.6511888696796593,1.652915380255834
JPN,2014,77.853,77.27311219078442,0.42122160223395433,76.44751785040587,78.09870653116296,1.651188680757101,1.3029792251668226
JPN,2015,77.598,77.52464118757396,0.42122159180106034,76.69904686764389,78.35023550750404,1.6511886398601565,0.49543735379474185
JPN,2016,77.756,77.83727719957963,0.4212216223542567,77.01168281976528,78.66287157939398,1.6511887596286863,0.44334202118228916
JPN,2017,79.357,78.3337227390374,0.4212218408138684,77.50812793104221,79.15931754703259,1.651189615990364,1.8563382596077957
JPN,2018,78.58,78.40136012013495,0.4212231892054666,77.57576266929223,79.22695757097767,1.651194901685429,0.29213886313684156
JPN,2019,78.127,78.38604340470704,0.42123145106537,77.56042976061892,79.21165704879516,1.6512272881762504,-0.2847456361833878
JPN,2020,78.51,78.52622028938652,0.42128205016596715,77.70050747106121,79.35193310771182,1.6514256366505913,0.21900368880650944
JPN,2021,78.523,78.73616493871673,0.42159182284066193,77.90984496594903,79.56248491148442,1.6526399455353948,0.13913291495754265
JPN,2022,79.598,79.16872392655213,0.42348414673747603,78.33869499894668,79.99875285415759,1.660057855210906,1.1551321668488441
JPN,2023,80.427,79.51679558868445,0.4348944671151003,78.66440243313885,80.36918874423004,1.7047863110911932,1.494286453301271
JPN,2024,79.277,79.4436660787937,0.4991201256201286,78.46539063257825,80.42194152500915,1.956550892430904,-0.2893811346660158
KAZ,2000,33.507,34.13588732095603,1.1249878040770416,31.93091122496503,36.34086341694703,4.409952191982003,0.0
KAZ,2001,35.076,34.60233919548448,0.9566096459377578,32.727384289446476,36.47729410152249,3.7499098120760106,1.5690000000000026
KAZ,2002,35.584,34.88953466359722,0.8991217298917493,33.12725607300939,36.65181325418504,3.5245571811756573,1.215022443708989
KAZ,2003,35.29,34.830689082566785,0.8796625144123019,33.10655055431867,36.5548276108149,3.4482770564962233,0.36029950629863805
KAZ,2004,33.639,34.43310002708432,0.873124346202632,32.72177630852716,36.14442374564148,3.4226474371143176,-1.4473366719308132
KAZ,2005,33.817,34.375042758112635,0.8709344166169678,32.66801130154338,36.08207421468189,3.4140629131385136,-0.6526852450615195
KAZ,2006,34.768,34.66512520680303,0.8702017333804066,32.959529809377436,36.37072060422863,3.411190794851194,0.5745220468050007
KAZ,2007,35.37,35.03193209869579,0.8699566943630276,33.32681697774426,36.73704721964732,3.410230241903068,0.9339424918348413
KAZ,2008,35.548,35.355378130900775,0.8698747539964823,33.65042361306767,37.060332648733876,3.4099090356662103,0.7179041129848116
KAZ,2009,35.311,35.711979031006514,0.869847354557073,34.00707821607465,37.416879845938375,3.409801629863726,0.17809093591141334
KAZ,2010,36.888,36.51985245520831,0.8698381927927059,34.8149695973346,38.224735313082014,3.4097657157474073,1.679978241438043
KAZ,2011,38.009,37.48699457528629,0.8698351293189984,35.78211772182105,39.191871428751526,3.409753706930474,2.092440683915946
KAZ,2012,40.11,38.589858358534954,0.8698341049824518,36.884983512769345,40.29473320430056,3.409749691531211,3.310953799490541
KAZ,2013,39.724,39.222165790602276,0.8698337625673258,37.517291615970315,40.927039965234236,3.409748349263917,1.5285634174894795
KAZ,2014,40.405,39.83465686862172,0.8698336487353874,38.129782917100364,41.53953082014308,3.4097479030427182,1.5648945025684924
KAZ,2015,40.456,40.37099933694651,0.8698336151671949,38.66612545121881,42.07587322267421,3.409747771455404,0.9559032506281824
KAZ,2016,40.319,41.120865877622236,0.8698336343981357,39.41599195420189,42.82573980104258,3.4097478468406917,0.4157529377124476
KAZ,2017,44.382,42.79176701848459,0.8698338472020115,41.08689267796865,44.496641359000535,3.409748681031885,4.3034099621696456
KAZ,2018,46.15,44.2317321403567,0.8698353168003673,42.526854919427976,45.93660936128542,3.40975444185744,4.25645538384147
KAZ,2019,46.093,45.10228806800752,0.8698452843579008,43.39739131066603,46.807184825349005,3.409793514682971,2.4043038133298253
KAZ,2020,46.705,45.742868272260075,0.8699128273268405,44.03783913069947,47.447897413820684,3.4100582831212147,2.0022934758832065
KAZ,2021,47.322,46.056597890793135,0.8703703798789463,44.3506719462304,47.76252383535587,3.411851889125469,1.7748301967893951
KAZ,2022,44.499,45.673285258793776,0.8734645664691605,43.961294708514224,47.38527580907333,3.423981100559109,-1.7967008979874493
KAZ,2023,44.553,45.89025155556412,0.8941495572682017,44.13771842331845,47.642784687809794,3.5050662644913504,-0.9849458786534981
KAZ,2024,49.861,47.12098005288592,1.0233595985779373,45.11519523967316,49.126764866098675,4.011569626425515,4.738453080708169
KEN,2000,33.991,34.05683551498953,0.6483624004179515,32.78604521017034,35.327625819808716,2.5415806096383697,0.0
KEN,2001,33.545,34.208500225235355,0.5577978185642211,33.115216500849485,35.301783949621225,2.1865674487717466,-0.44599999999999795
KEN,2002,36.72,35.88265130278061,0.5405153565161467,34.82324120400896,36.94206140155226,2.118820197543295,3.00747498521779
KEN,2003,38.598,37.45198245781039,0.537272150936575,36.398929041974704,38.50503587364607,2.106106831671374,3.1460150924493107
KEN,2004,38.734,38.21600850321526,0.5366665342047003,37.16414209617405,39.26787491025647,2.1037328140824254,1.4886634501343963
KEN,2005,38.916,38.67712288800507,0.5365535573670044,37.625477915565746,39.7287678604444,2.1032899448786573,0.8243704472625524
KEN,2006,39.893,39.11140948789754,0.5365324856809731,38.05980581596283,40.163013159832246,2.1032073438694145,1.3329602489217862
KEN,2007,37.724,38.34741933884973,0.5365285556688862,37.29582336973871,39.39901530796075,2.103191938222034,-1.593360811683553
KEN,2008,38.035,38.10744373483621,0.5365278226998381,37.055849202344525,39.159038267327894,2.1031890649833653,-0.3771092058928147
KEN,2009,37.442,37.77203458730034,0.5365276859972133,36.7204403227458,38.82362885185488,2.1031885291090764,-0.755859182841192
KEN,2010,37.815,37.78541665916335,0.5365276605014527,36.733822444580504,38.8370108737462,2.103188429165695,0.046572783842961485
KEN,2011,38.092,37.75028518885687,0.5365276557463591,36.698690983594005,38.80187939411974,2.1031884105257275,0.2971130406474032
KEN,2012,36.352,36.95863606569743,0.536527654859509,35.9070418621728,38.01023026922207,2.1031884070492755,-1.6116880044916115
KEN,2013,36.208,36.627024668411075,0.536527654694107,35.57543046521062,37.678618871611526,2.1031884064008994,-0.84002769580907
KEN,2014,37.08,36.83568550068301,0.5365276546632605,35.78409129754302,37.887279703823005,2.103188406279981,0.5092234945773555
KEN,2015,36.434,36.745170332141974,0.536527654657549,35.69357612901318,37.79676453527077,2.1031884062575923,-0.42608544147152827
KEN,2016,36.995,37.216888998121064,0.5365276546574043,36.165294794992555,38.26848320124957,2.1031884062570247,0.3769896533494048
KEN,2017,39.34,38.64397802507535,0.5365276546777964,37.592383821906864,39.69557222824383,2.1031884063369617,2.50780771424008
KEN,2018,40.858,40.07963468675302,0.5365276551345091,39.02804048268938,41.13122889081666,2.1031884081272754,2.601028242504867
KEN,2019,42.284,41.359171286160326,0.5365276652655707,40.30757706223981,42.41076551008084,2.103188447841037,2.5492866978558695
KEN,2020,42.449,42.01248742514387,0.536527889980479,40.96089276078213,43.064082089505604,2.1031893287234773,1.2659414622752436
KEN,2021,43.028,42.421291040167205,0.536532874307221,41.36968660652505,43.47289547380936,2.103208867284306,1.1257127121497987
KEN,2022,41.629,41.97407159464542,0.5366434186377266,40.92225049411548,43.025892695175365,2.103642201059888,-0.9128468339169444
KEN,2023,41.897,41.79173216692418,0.5390895500767978,40.735116648773655,42.8483476850747,2.1132310363010474,-0.12622436441186835
KEN,2024,40.627,41.199006951134294,0.5907484115226364,40.04114006454993,42.35687383771866,2.3157337731687346,-1.3245115762959259
KGZ,2000,32.828,32.65102987427032,0.6525359712124335,31.37205937069395,33.93000037784669,2.557941007152739,0.0
KGZ,2001,31.923,32.18090056758671,0.5710544343217295,31.061633876316122,33.3001672588573,2.2385333825411795,-0.9050000000000047
KGZ,2002,31.935,31.987555295027597,0.5588171898764009,30.892273602869853,33.082836987185345,2.1905633843154915,-0.2980920902675557
KGZ,2003,31.444,31.75515718478903,0.5570247924009029,30.663388591683262,32.8469257778948,2.1835371862115394,-0.6030998663483196
KGZ,2004,31.985,32.07558848243648,0.556763490207028,30.984332041630704,33.16684492324225,2.1825128816115495,0.31131336440407864
KGZ,2005,32.988,32.899972878782904,0.5567254236830895,31.80879104836405,33.99115470920176,2.182363660837711,1.121778138245677
KGZ,2006,35.175,34.23929558554747,0.5567198787258998,33.148124623244705,35.33046654785023,2.1823419246055273,2.615115509032549
KGZ,2007,34.488,34.484912987633294,0.5567190710324016,33.393743608409785,35.5760823668568,2.182338758447014,0.31107148520645467
KGZ,2008,35.618,34.940316974006954,0.5567189533818369,33.84914782537855,36.03148612263536,2.1823382972568006,1.2487226054634135
KGZ,2009,33.511,34.14833504207013,0.55671893624458,33.05716592703075,35.23950415710951,2.1823382300787535,-1.6304159033444137
KGZ,2010,34.071,34.20770383266853,0.5567189337483271,33.116534722521806,35.29887294281525,2.1823382202934423,-0.06226020404178456
KGZ,2011,34.987,34.652499076266295,0.5567189333847171,33.56132996683225,35.74366818570034,2.182338218868091,0.8922379354462819
KGZ,2012,34.699,34.67623993284316,0.5567189333317528,33.58507082351292,35.7674090421734,2.182338218660471,0.05252916785894968
KGZ,2013,34.562,34.665559642146704,0.556718933324038,33.574390532831586,35.75672875146182,2.1823382186302287,-0.11695185688110854
KGZ,2014,34.848,34.89761871662985,0.5567189333229149,33.806449607316935,35.988787825942765,2.1823382186258264,0.24136446396419586
KGZ,2015,35.501,35.455818316810564,0.5567189333227689,34.36464920749794,36.54698742612319,2.182338218625254,0.7451185222400767
KGZ,2016,36.404,36.397845866011664,0.5567189333231772,35.30667675669824,37.48901497532509,2.1823382186268545,1.1873799622993744
KGZ,2017,39.181,38.15832433552969,0.5567189333337127,37.06715522619562,39.24949344486377,2.182338218668154,3.2301722925080867
KGZ,2018,39.392,38.985925672177615,0.5567189335907212,37.8947565623398,40.07709478201543,2.182338219675627,1.4438190044215915
KGZ,2019,40.371,39.55685601420488,0.5567189398582745,38.465686892082665,40.6480251363271,2.182338244244436,1.530044138334155
KGZ,2020,38.105,38.6503000269938,0.5567190927020464,37.55913060529779,39.741469448689806,2.182338843392022,-1.682047405360663
KGZ,2021,38.892,38.2696042167545,0.5567228200162201,37.17842748952271,39.36078094398629,2.1823534544635828,0.14503424093625483
KGZ,2022,34.968,36.03643781068785,0.5568137085013987,34.94508294202511,37.12779267935059,2.182709737325483,-3.868646615620854
KGZ,2023,33.382,34.42938863401846,0.559025587927126,33.33369848168129,35.52507878635563,2.191380304674334,-3.0624974240508607
KGZ,2024,33.581,33.95114071113881,0.6104899815847603,32.75458034723268,35.14770107504494,2.3931207278122604,-0.9698246580898413
KHM,2000,29.371,29.548693883013488,0.3724213882800641,28.818747961984563,30.278639804042413,1.4598918420578513,0.0
KHM,2001,30.476,30.361927580354763,0.3365490537570775,29.70229143499089,31.021563725718636,1.3192722907277439,1.1050000000000004
KHM,2002,31.875,31.442677947935973,0.3334760608043564,30.789064868759436,32.096291027112514,1.3072261583530769,1.6996031203394644
KHM,2003,31.864,31.772520808332168,0.3332195417810368,31.119410506441337,32.425631110223,1.3062206037816642,0.4770678898051379
KHM,2004,32.266,32.04586578325942,0.333198181495302,31.39279734752863,32.69893421899022,1.3061368714615837,0.539595281436803
KHM,2005,31.872,31.663802042954366,0.3331964031979469,31.01073709268639,32.31686699322234,1.306129900535952,-0.23831439535972976
KHM,2006,29.133,30.021914786926928,0.3331962551527935,29.368850126827454,30.674979447026402,1.3061293201989506,-2.807761232909236
KHM,2007,30.731,30.488973129051505,0.3331962428278942,29.835908493108832,31.14203776499418,1.3061292718853452,0.7878701407535686
KHM,2008,30.279,30.40182265887302,0.33319624180183466,29.748758024941424,31.054887292804615,1.306129267863192,-0.22467395396040857
KHM,2009,30.947,30.74564426714753,0.3331962417164143,30.09257963338336,31.3987089009117,1.306129267528344,0.603174288443654
KHM,2010,30.357,30.58368143601476,0.33319624170930295,29.930616802264527,31.236746069764994,1.3061292675004677,-0.4159646843432476
KHM,2011,31.513,31.216003566419072,0.333196241708711,30.562938932669997,31.869068200168147,1.306129267498147,1.0359807177835165
KHM,2012,31.191,31.227371340789023,0.3331962417086617,30.574306707040048,31.880435974538,1.3061292674979539,-0.023086013260826377
KHM,2013,31.462,31.40350191591012,0.3331962417086575,30.75043728216115,32.05656654965909,1.3061292674979375,0.2643389375465617
KHM,2014,31.646,31.50886068486135,0.3331962417086572,30.85579605111238,32.161925318610315,1.3061292674979361,0.2602703439515395
KHM,2015,30.805,31.141053619520115,0.33319624170865725,30.487988985771146,31.794118253269083,1.3061292674979363,-0.7659035770597633
KHM,2016,31.999,31.823193857164927,0.3331962417086581,31.17012922341596,32.4762584909139,1.3061292674979397,0.973012014657229
KHM,2017,32.678,32.44530264437847,0.33319624170869816,31.792238010629426,33.09836727812752,1.3061292674980967,0.9597454766811104
KHM,2018,32.895,32.70745252873363,0.33319624171062306,32.05438789498081,33.36051716248645,1.3061292675056424,0.4939176508455603
KHM,2019,32.401,32.440465539855865,0.3331962418030191,31.78740090592195,33.09353017378978,1.306129267867835,-0.35148876248285177
KHM,2020,31.998,32.07320708445949,0.33319624623811706,31.42014244183278,32.7262717270862,1.3061292852534188,-0.5044158907442373
KHM,2021,31.15,31.656252620605333,0.33319645912690066,31.003187560716608,32.30931768049406,1.3061301197774506,-0.9935403197075701
KHM,2022,33.353,32.95800640721783,0.3332066778278352,32.30492131867528,33.611091495760384,1.306170177085114,1.9163314425141351
KHM,2023,34.127,33.894258732528996,0.33369681702535103,33.24021297115931,34.548304493898684,1.3080915227393761,1.3269236804924347
KHM,2024,35.206,34.784205917626174,0.35643217837448127,34.08559884801219,35.48281298724016,1.3972141392279664,1.4618604535068727
KIR,2009,30.829,30.807408383606134,1.0134419929666407,28.821062077391517,32.79375468982075,3.9726926124292317,0.0
KIR,2010,30.826,30.742593414429972,0.8931510388636363,28.992017378257245,32.4931694506027,3.5011520723454543,-0.0030000000000001137
KIR,2011,29.924,30.397288023437454,0.877132449054585,28.678108423290467,32.11646762358444,3.438359200293973,-0.9029804372817765
KIR,2012,31.414,31.04902207200793,0.875054072001357,29.33391609088527,32.76412805313059,3.4302119622453193,1.1692714543827698
KIR,2013,31.238,31.283428764682515,0.8747855294959798,29.568849126870393,32.998008402494634,3.4291592756242406,0.24354067383765354
KIR,2014,31.81,31.854906690994444,0.8747508509290244,30.140395023173557,33.569418358815334,3.4290233356417756,0.6594971938095711
KIR,2015,33.681,33.0669054818642,0.8747463729911109,31.35240259080162,34.78140837292678,3.4290057821251545,2.107978157041998
KIR,2016,33.638,33.683414287298945,0.8747457947741696,31.968912529541573,35.39791604505632,3.429003515514745,0.7144794656554083
KIR,2017,36.107,34.982587388184264,0.8747457201173018,33.268085776754354,36.697088999614174,3.429003222859823,2.725741291803679
KIR,2018,33.904,34.35937636095718,0.8747457106385724,32.64487476810557,36.07387795380878,3.4290031857032037,-1.2235308530876097
KIR,2019,34.628,34.42693382069798,0.8747457139473214,32.71243222136123,36.14143542003473,3.4290031986734997,0.2843358322027427
KIR,2020,33.664,34.00172605127761,0.8747458416827713,32.28722420157938,35.71622790097584,3.429003699396463,-0.8618266240884225
KIR,2021,32.864,34.12227565289643,0.8747494338296535,32.407766762590306,35.83678454320255,3.429017780612242,-1.10968919752316
KIR,2022,39.14,37.81793715288136,0.8748503197457687,36.10323052617966,39.53264377958307,3.429413253403413,5.877243744959721
KIR,2023,43.649,41.21412300391571,0.8776791300813569,39.49387190895625,42.93437409887517,3.4405021899189188,6.620931620998306
KIR,2024,40.809,40.974595313102405,0.953709740382843,39.10532422195203,42.84386640425278,3.738542182300744,-0.46083121652578996
KNA,2002,22.944,22.95327352969216,1.2072259335422493,20.587110699949353,25.31943635943497,4.732325659485617,0.0
KNA,2003,22.168,22.96669963653166,1.0105046583592738,20.986110506147483,24.94728876691584,3.9611782607683534,-0.7759999999999998
KNA,2004,23.947,24.044718776677083,0.9516429311889975,22.179498631546647,25.90993892180752,3.7304402902608698,1.4390642416887793
KNA,2009,28.694,26.349515640305523,0.9338485326336458,24.519172516343577,28.17985876426747,3.6606862479238913,5.49159988526392
KNA,2010,29.999,28.123745592564966,0.928478729559656,26.303927282628038,29.943563902501893,3.6396366198738517,4.268130959138766
KNA,2011,30.074,29.44912779082652,0.9268600000626059,27.63248219070381,31.265773390949228,3.633291200245415,2.405841916776044
KNA,2012,33.777,31.475850955429237,0.9263722130667903,29.66016141781833,33.291540493040145,3.631379075221818,5.021539959378053
KNA,2013,34.378,32.803742912240644,0.9262252406103837,30.98834144064429,34.619144383836996,3.630802943192704,3.35604347793943
KNA,2014,34.393,33.586967414725386,0.9261809586970143,31.77165273567924,35.40228209377153,3.630629358092296,1.8568706533432433
KNA,2015,34.651,34.210890312890555,0.9261676169683352,32.39560178363262,36.02617884214849,3.6305770585158736,1.2771905098624785
KNA,2016,35.573,34.97466905979168,0.9261635972755973,33.15938840913151,36.78994971045185,3.6305613013203413,1.623038880170789
KNA,2017,36.9,35.83101284700085,0.9261623867053091,34.015734569058445,37.646291124943254,3.630556555884812,2.217879925487175
KNA,2018,36.829,36.26541378133698,0.9261620300068052,34.450136202523645,38.08069136015032,3.6305551576266764,1.146389166149568
KNA,2019,37.352,36.457626892465356,0.9261620464366803,34.64234928144946,38.27290450348125,3.630555222031787,1.1522508676657353
KNA,2020,34.699,35.69098128451834,0.9261639622661266,33.87569991847673,37.50626265055995,3.630562732083216,-2.0205315029055555
KNA,2021,34.762,35.34825067415119,0.9261940101811209,33.532910414196195,37.16359093410618,3.630680519909994,-1.0460663080706283
KNA,2022,35.155,35.383572082988024,0.9266574622661968,33.567323456946276,37.19982070902977,3.6324972520834917,-0.1811840312825126
KNA,2023,35.356,35.7615328060383,0.9337761317671066,33.93133158777477,37.591734024301836,3.660402436527058,0.10154839031815044
KNA,2024,39.316,37.11176721266479,1.0373983272584748,35.078466491238174,39.1450679340914,4.066601442853221,4.015739740562736
KOR,2000,66.557,66.62908212870866,0.6461602890326198,65.36260796220472,67.8955562952126,2.5329483330078695,0.0
KOR,2001,66.408,66.6856158036342,0.5509096651605214,65.60583285991959,67.76539874734883,2.159565887429244,-0.1490000000000009
KOR,2002,67.66,66.95736973051571,0.5201414773783686,65.9378924348541,67.97684702617731,2.038954591323205,1.1859635750623738
KOR,2003,65.896,66.83839777955,0.5103430110577144,65.83812547787687,67.83867008122311,2.0005446033462406,-1.1402294029482363
KOR,2004,67.647,67.33951301142729,0.507249267384909,66.34530444735286,68.33372157550171,1.9884171281488434,1.1239897974530066
KOR,2005,67.772,67.85450199033279,0.5062755904246801,66.86220183310041,68.84680214756517,1.9846003144647457,0.7513244249780655
KOR,2006,69.345,68.67098024219668,0.5059694765950293,67.67928006807043,69.66268041632293,1.9834003482525149,1.9933811119483664
KOR,2007,70.04,69.39099201210038,0.5058732703544181,68.39948040220573,70.38250362199504,1.983023219789319,1.8117657598481003
KOR,2008,70.396,69.98718111090272,0.5058430376593273,68.99572875709045,70.978633464715,1.9829047076245627,1.3714259351136775
KOR,2009,70.956,70.57287595940821,0.5058335373927353,69.58144222611844,71.56430969269798,1.9828674665795223,1.3287291560194348
KOR,2010,71.854,71.16151582334557,0.5058305520782882,70.17008794127213,72.152943705419,1.9828557641468898,1.6428257354951512
KOR,2011,72.003,71.5332588824287,0.505829613992639,70.54183283900312,72.52468492585427,1.982852086851145,1.0699056046608888
KOR,2012,72.299,71.74484327896488,0.5058293192214611,70.75341781329081,72.73626874463895,1.9828509313481275,0.8957507237594626
KOR,2013,71.462,71.66016622793067,0.5058292266408178,70.66874094371467,72.65159151214668,1.9828505684320055,-0.334873641164549
KOR,2014,71.562,71.67716950280119,0.505829197868446,70.68574427497904,72.66859473062334,1.9828504556443085,-0.08771846075920564
KOR,2015,71.825,71.78457765731453,0.5058291910332287,70.7931524428894,72.77600287173966,1.9828504288502562,0.2138280903322567
KOR,2016,71.511,71.91386637045683,0.505829204114686,70.92244113039204,72.90529161052162,1.9828504801295692,-0.19413542585616028
KOR,2017,73.057,72.39240478300965,0.5058293133612046,71.40097932882169,73.38383023719761,1.982850908375922,1.4371744458394318
KOR,2018,72.603,72.62193250750933,0.5058300734975498,71.63050556345414,73.61335945156452,1.9828538881103952,0.3516299121782964
KOR,2019,72.638,72.97353452874242,0.505835322955656,71.98209729574933,73.96497176173551,1.9828744659861717,0.23211147552267164
KOR,2020,74.614,73.73135625897957,0.5058715618155387,72.73984799782112,74.72286452013803,1.9830165223169118,2.106113604839848
KOR,2021,74.335,74.21628949922699,0.5061216670405887,73.22429103182743,75.20828796662654,1.9839969347991075,0.9016138957279907
KOR,2022,75.757,74.84563124319132,0.5078449141726291,73.85025521141297,75.84100727496967,1.9907520635567062,1.927413331679233
KOR,2023,76.053,75.12078842953612,0.5195854957514832,74.10240085786322,76.13917600120902,2.036775143345814,1.376440749764214
KOR,2024,74.321,74.85937533872381,0.5943431190695877,73.69446282534741,76.0242878521002,2.3298250267527836,-0.9604152800836943
KWT,2000,58.403,58.15850828307478,0.629369543459394,56.924943977894365,59.392072588255196,2.4671286103608243,0.0
KWT,2001,57.071,57.187912362536245,0.5676412592216163,56.075335494461875,58.300489230610616,2.225153736148736,-1.3320000000000007
KWT,2002,55.392,55.89800005735469,0.5620324201485302,54.796416513863576,56.99958360084581,2.2031670869822384,-2.050342205092946
KWT,2003,55.585,55.38266914413953,0.5615367715003421,54.28205707199886,56.4832812162802,2.201224144281341,-0.4123288340395419
KWT,2004,53.488,53.694850306928664,0.561493093962045,52.59432384276305,54.795376771094276,2.2010529283312166,-2.2193271161307138
KWT,2005,49.868,51.34538158960386,0.5614892459725427,50.24486266749768,52.44590051171004,2.2010378442123675,-4.278697484001654
KWT,2006,52.882,52.42388912104679,0.5614889069722799,51.32337086338112,53.52440737871246,2.2010365153313374,1.744032467796103
KWT,2007,52.773,52.73348501135051,0.5614888771070852,51.63296681222062,53.8340032104804,2.201036398259774,0.4086509822808324
KWT,2008,53.459,53.158712499780066,0.5614888744760264,52.058194305807056,54.259230693753075,2.201036387946023,0.807292836059986
KWT,2009,52.887,52.84322751698323,0.5614888742442358,51.742709323464524,53.94374571050193,2.201036387037404,-0.33238515901574317
KWT,2010,52.094,52.1026286880092,0.5614888742238155,51.00211049453052,53.203146881487875,2.201036386957357,-0.8916561674353645
KWT,2011,50.29,50.7713462889897,0.5614888742220165,49.670828095514544,51.87186448246485,2.201036386950305,-2.0686549576020354
KWT,2012,49.683,50.08155814469623,0.561488874221858,48.98103995122139,51.18207633817107,2.201036386949683,-1.2210032560776582
KWT,2013,50.343,50.26952403219387,0.561488874221844,49.16900583871906,51.37004222566868,2.2010363869496286,0.29759061308933354
KWT,2014,50.404,50.34675510084242,0.5614888742218429,49.24623690736761,51.447273294317235,2.201036386949624,0.14932870109334573
KWT,2015,50.119,50.27956223910186,0.5614888742218429,49.179044045627045,51.38008043257667,2.201036386949624,-0.24067733112747192
KWT,2016,50.672,50.7429992369933,0.5614888742218522,49.642481043518465,51.84351743046813,2.2010363869496605,0.4815638890944385
KWT,2017,52.582,51.85540845754803,0.5614888742222081,50.7548902640725,52.95592665102356,2.2010363869510554,2.0529343230137655
KWT,2018,50.988,51.2457105477097,0.5614888742358841,50.14519235420737,52.34622874121203,2.201036387004666,-0.9846628293839075
KWT,2019,50.583,51.06605798174841,0.5614888747615592,49.965539787215754,52.16657617628106,2.2010363890653117,-0.697260524723859
KWT,2020,53.019,52.5017306454142,0.5614888949671282,51.40121241127863,53.60224887954977,2.2010364682711425,2.2290441560868786
KWT,2021,54.043,53.25226531851848,0.5614896716156047,52.151745562151895,54.35278507488507,2.2010395127331703,1.685608822075892
KWT,2022,50.958,51.742119825965666,0.561519523130064,50.64154156063074,52.84269809130059,2.201156530669851,-2.5846897373212485
KWT,2023,51.384,51.83026063416035,0.5626657366160176,50.72743579039295,52.93308547792774,2.205649687534789,-0.3411689804219904
KWT,2024,54.527,53.624173639323274,0.6050797078949894,52.438217411849095,54.81012986679745,2.3719124549483586,3.041736681976687
LAO,2000,16.94,17.241854964797646,0.9887808415530728,15.303844515353624,19.179865414241668,3.8760208988880454,0.0
LAO,2001,16.628,17.514899734431356,0.8367280336224936,15.874912788531269,19.154886680331444,3.2799738918001746,-0.31200000000000117
LAO,2002,19.403,18.628764780008503,0.7870297979908948,17.086186375946347,20.171343184070658,3.0851568081243075,2.6356986771774196
LAO,2003,20.958,19.731685625811544,0.7708322686069768,18.22085437934187,21.242516872281218,3.021662492939349,2.9558146538249197
LAO,2004,21.839,20.51097378835253,0.7655826141517681,19.010431864615065,22.011515712089995,3.001083847474931,2.5262744265649317
LAO,2005,20.22,20.696788660699085,0.763885281857217,19.19957350825894,22.19400381313923,2.9944303048802907,-0.19285646690985914
LAO,2006,21.525,21.396691395038463,0.7633369597511078,19.90055095392629,22.892831836150634,2.9922808822243425,1.1956400172499038
LAO,2007,23.952,22.447597445993594,0.7631598743043185,20.95180409235713,23.94339079963006,2.9915867072729285,3.1059659841346168
LAO,2008,23.627,22.944466832958,0.7631026882232843,21.448785564040364,24.440148101875636,2.9913625378352746,1.4395955751143106
LAO,2009,23.108,23.203209522690415,0.7630842217075711,21.707564448143575,24.698854597237254,2.9912901490936785,0.29900099869675145
LAO,2010,24.064,23.709609239693183,0.7630782585616883,22.213975852912274,25.205242626474092,2.991266773561818,1.1259052910559575
LAO,2011,24.814,24.25478100311588,0.7630763329684734,22.75915139049767,25.75041061573409,2.9912592252364156,1.3897980087492314
LAO,2012,24.949,24.695151867896502,0.7630757111656664,23.199523474011798,26.190780261781207,2.9912567877694123,0.924759560174472
LAO,2013,25.596,25.214053326935876,0.763075510382972,23.71842532658525,26.7096813272865,2.9912560007012505,1.1725000253102067
LAO,2014,25.903,25.757179515412776,0.7630754456057698,24.261551642025466,27.252807388800086,2.9912557467746175,0.973280341840983
LAO,2015,27.05,26.535101292392667,0.7630754251843946,25.039473459031253,28.030729125754082,2.991255666722827,1.7000726265327728
LAO,2016,27.301,27.396929514371173,0.7630754227921276,25.901301685698602,28.892557343043745,2.99125565734514,1.217076929546991
LAO,2017,30.762,28.90126892715828,0.7630754576076967,27.405641030247196,30.396896824069366,2.991255793822171,4.152611608537612
LAO,2018,31.355,29.854476666286562,0.7630757702491623,28.358848156598203,31.35010517597492,2.9912570193767163,2.9527476386694964
LAO,2019,30.941,30.193329943985116,0.7630784237801596,28.697696233376004,31.68896365459423,2.9912674212182253,1.2639174017701507
LAO,2020,30.49,30.137092460312985,0.7631008982952008,28.64141469965439,31.63277022097158,2.991355521317187,0.26722900688049833
LAO,2021,30.046,29.753046583918167,0.7632912113700103,28.256995809632947,31.249097358203386,2.9921015485704405,-0.29214543736049237
LAO,2022,27.404,28.876340619267005,0.764901094167085,27.377134474699517,30.375546763834492,2.998412289134973,-2.8080134808647195
LAO,2023,27.373,28.64075772313765,0.778401864805785,27.115090068118313,30.166425378156987,3.0513353100386773,-1.626671308422683
LAO,2024,30.612,29.29669479284261,0.8845167322080635,27.56304199771481,31.030347587970414,3.467305590255609,2.3146338056105336
LBN,2000,38.128,38.03212308348777,0.6625355774574261,36.73355335167121,39.330692815304324,2.59713946363311,0.0
LBN,2001,38.447,37.91738659127426,0.5706915168039108,36.79883121833859,39.035941964209925,2.2371107458713304,0.3190000000000026
LBN,2002,36.15,37.18281049678058,0.5487780727555298,36.10720547417974,38.25841551938142,2.151210045201677,-2.1683684710459232
LBN,2003,37.005,37.24463738854472,0.543690007631436,36.179004973587105,38.31026980350233,2.1312648299152293,-0.14740062984342472
LBN,2004,36.887,37.59794665376565,0.5425188985240001,36.53460961265861,38.661283694872694,2.1266740822140804,-0.18805314585046773
LBN,2005,40.002,38.899078506736046,0.5422499299677137,37.836268643999325,39.96188836947277,2.1256197254734377,3.025072001707258
LBN,2006,40.16,39.62436811602874,0.542188187216108,38.56167926908517,40.687056962972314,2.125377693887143,1.6066478158460384
LBN,2007,40.024,40.11543543122464,0.542174015585506,39.05277436067705,41.17809650177223,2.1253221410951837,0.63364107465177
LBN,2008,41.18,40.94438614244793,0.5421707629002835,39.881731447163375,42.00704083773249,2.1253093905691114,1.4595589883547717
LBN,2009,42.279,41.91739395041242,0.5421700163456767,40.85474071837489,42.980047182449944,2.1253064640750527,1.798244119265803
LBN,2010,44.483,42.966520419867166,0.5421698449970979,41.90386752367285,44.02917331606148,2.1253057923886236,3.0655044339387345
LBN,2011,42.782,42.866090968695666,0.542169805669343,41.803438149583755,43.928743787807576,2.1253056382238245,-0.232374020384583
LBN,2012,42.952,42.80893314094184,0.5421697966429982,41.74628033952156,43.87158594236212,2.125305602840553,0.05867391943299083
LBN,2013,42.146,42.567674420943604,0.5421697945724763,41.50502162358155,43.63032721830566,2.125305594724107,-0.7778904127929138
LBN,2014,42.491,42.670513054586365,0.5421697941087367,41.60786025813324,43.73316585103949,2.1253055929062477,-0.02767288165573234
LBN,2015,43.27,43.01943040881775,0.5421697941125735,41.9567776123571,44.082083205278394,2.125305592921288,0.7657424351728395
LBN,2016,43.107,43.26347229608645,0.5421697951722844,42.20081949754877,44.326125094624125,2.1253055970753545,0.20385301181541138
LBN,2017,43.942,43.79681971463687,0.5421698055822153,42.73416689569573,44.85947253357801,2.125305637882284,0.9326622006654972
LBN,2018,45.175,44.429867938271244,0.5421699055904576,43.367214923313945,45.49252095322854,2.125306029914594,1.6798211785839783
LBN,2019,44.388,44.55503150748932,0.5421708658638581,43.49237661039616,45.61768640458248,2.1253097941863235,0.01777120043553282
LBN,2020,45.35,44.92344534334686,0.5421800861604413,43.8607723744724,45.98611831222133,2.12534593774893,0.9705138528374633
LBN,2021,45.671,45.00403586899058,0.5422686098861792,43.94118939361367,46.066882344367485,2.1256929507538223,0.7859552037718842
LBN,2022,44.163,44.39452087053346,0.5431178651063542,43.33000985492501,45.459031886141915,2.129022031216908,-1.1314634252185627
LBN,2023,43.106,43.74279144612671,0.5512056729714399,42.66242832710269,44.82315456515073,2.1607262380480443,-1.599063161586919
LBN,2024,43.103,43.471452710768254,0.6235466216607627,42.24930133231316,44.69360408922335,2.4443027569101896,-0.7690815308984114
LBR,2009,28.488,28.358785860390682,0.9713862662439318,26.454868778552576,30.26270294222879,3.8078341636762123,0.0
LBR,2010,27.084,27.67108034323335,0.8875103268629723,25.931560102581923,29.410600583884776,3.4790404813028513,-1.404
LBR,2011,29.708,29.224895643459558,0.8816342425022345,27.49689252815518,30.952898758763936,3.4560062306087596,2.2742787216178506
LBR,2012,29.918,29.948302531577454,0.8812328186687899,28.221086206986627,31.67551885616828,3.454432649181656,0.8019633842784764
LBR,2013,31.702,31.54251929646763,0.8812054478980788,29.815356618587398,33.26968197434787,3.4543253557604685,1.9933501422499873
LBR,2014,34.798,33.9440028559209,0.8812035818888329,32.216843835418786,35.671161876423014,3.4543180410042247,3.61646145724427
LBR,2015,34.839,34.544539141312,0.8812034546743195,32.81738037015033,36.27169791247367,3.454317542323332,0.9852667621720386
LBR,2016,33.533,34.29702481776121,0.8812034460015211,32.56986606359823,36.02418357192419,3.4543175083259627,-1.0487442473402169
LBR,2017,38.928,37.55814343664352,0.8812034454102805,35.83098468363937,39.285302189647666,3.4543175060082993,5.1211700911537505
LBR,2018,37.695,37.34056400560798,0.8812034453713741,35.61340525268009,39.06772275853587,3.4543175058557862,0.1041511203226122
LBR,2019,34.503,35.163522781548146,0.8812034454507757,33.436364028464624,36.89068153463167,3.4543175061670404,-3.1648058656939497
LBR,2020,33.277,34.06039610030118,0.8812034502615876,32.333237337788475,35.78755486281389,3.4543175250254237,-2.0523392222703762
LBR,2021,36.448,35.707104308532735,0.8812037320118521,33.9799449937895,37.43426362327597,3.45431862948646,2.635128774800428
LBR,2022,35.421,35.35546554945622,0.88122023221729,33.62827389431033,37.08265720460211,3.4543833102917767,-0.3389608738223302
LBR,2023,34.834,34.33069703938288,0.8821860084252043,32.60161246286948,36.059781615896284,3.458169153026801,-0.6755035849721551
LBR,2024,27.971,29.808999724218523,0.9370109636845755,27.972458235396754,31.645541213040293,3.673082977643536,-7.039375781244065
LBY,2000,23.943,23.93449956616093,0.7480121415376262,22.468395768747182,25.400603363574678,2.9322075948274944,0.0
LBY,2001,23.816,23.91801307935359,0.6656342875552484,22.613369875745303,25.222656282961875,2.609286407216574,-0.12700000000000244
LBY,2002,24.033,24.078157432002392,0.6546376327904266,22.795067671733158,25.361247192271627,2.5661795205384723,0.17569888646865905
LBY,2003,24.418,24.37311428880225,0.6532258269364766,23.092791668006754,25.653436909597744,2.560645241590988,0.44703996340038543
LBY,2004,24.508,24.689985194333133,0.6530456089272051,23.41001580083581,25.969954587830454,2.559938786994644,0.24942202355754972
LBY,2005,25.72,25.440367268583195,0.6530226211234287,24.160442931181276,26.720291605985114,2.5598486748038405,1.3010596932436478
LBY,2006,26.117,25.95259078032395,0.6530196891815341,24.672672189528143,27.232509371119754,2.5598371815916137,0.8616361467795812
LBY,2007,26.246,26.34936923916706,0.6530193152363425,25.06945138130383,27.629287097030293,2.5598357157264626,0.43671490102333266
LBY,2008,27.245,27.067400121088994,0.653019267542768,25.78748235670517,28.34731788547282,2.55983552876765,1.1549637814530342
LBY,2009,28.289,27.717704192026073,0.6530192614598535,26.43778643956476,28.997621944487385,2.5598355049226256,1.4564717935307065
LBY,2010,27.349,27.576091653782083,0.6530192606840289,26.296173902841385,28.85600940472278,2.5598355018813934,-0.41985073822974783
LBY,2011,26.646,27.789702929561834,0.6530192605850792,26.50978517881508,29.06962068030859,2.5598355014935104,-0.8529411479790205
LBY,2012,31.275,30.112948726359065,0.6530192605724601,28.833030975637044,31.392866477081085,2.5598355014440433,4.3243894245519705
LBY,2013,32.711,31.17149133512454,0.6530192605708675,29.891573584405638,32.45140908584344,2.5598355014378003,2.980367690913699
LBY,2014,29.102,29.855967405241632,0.6530192605709032,28.576049654522663,31.1358851559606,2.5598355014379406,-2.5446223232789578
LBY,2015,29.052,29.42738354168872,0.6530192605743,28.147465790963093,30.707301292414346,2.559835501451256,-0.9587600851550242
LBY,2016,29.326,29.518702486040883,0.6530192606229167,28.238784735219966,30.7986202368618,2.5598355016418335,-0.06840165570274337
LBY,2017,30.366,29.98461352385283,0.6530192613134925,28.704695771678384,31.264531276027274,2.5598355043488907,1.0155717404926783
LBY,2018,30.028,29.932849624826105,0.6530192711221313,28.65293185342673,31.21276739622548,2.559835542798755,0.02469078241131939
LBY,2019,28.698,29.69381542679681,0.6530194104396674,28.413897382335062,30.97373347125856,2.559836088923496,-1.321182189466235
LBY,2020,31.914,31.144596362568635,0.6530213892408802,29.86467443965651,32.42451828548076,2.55984384582425,2.744166664254614
LBY,2021,32.593,31.727751734483903,0.6530494946072923,30.44777472505361,33.00772874391419,2.559954018860586,1.6590232862355272
LBY,2022,30.7,30.972539470495764,0.6534485602319248,29.69178029244119,32.253298648550334,2.5615183561091452,-1.3005135908848224
LBY,2023,29.065,30.441179725499854,0.6590906227889022,29.149362104833607,31.7329973461661,2.5836352413324963,-2.099451966323663
LBY,2024,33.487,32.17554011685323,0.734563722751056,30.735795220261156,33.615285013445295,2.8794897931841392,3.6722234495698807
LCA,2003,20.007,20.609774414884324,2.738466031195778,15.2423809937406,25.97716783602805,10.734786842287448,0.0
LCA,2004,22.281,21.91017218641418,2.3621783647683383,17.280302591468235,26.540041781360124,9.259739189891887,2.2739999999999974
LCA,2005,23.328,23.422541911528114,2.2909850882497462,18.93221113855861,27.912872684497618,8.980661545939006,1.8974652733323083
LCA,2006,23.432,26.44839675179133,2.2777789765700747,21.983949957713982,30.912843545868675,8.928893588154693,0.8996238231860332
LCA,2009,46.564,38.17280047883049,2.27534244578493,33.71312928509202,42.632471672568954,8.919342387476926,23.516526286110157
LCA,2010,48.318,44.03308570706834,2.274893382026009,39.57429467829736,48.49187673583931,8.917582057541955,11.840684661972617
LCA,2011,48.84,46.78925276192142,2.2748106339025336,42.33062391947245,51.247881604370384,8.917257684897931,5.6039399109303005
LCA,2012,48.676,48.015964761091986,2.274795386620766,43.557365803315285,52.47456371886869,8.917197915553404,2.2414551993805034
LCA,2013,50.246,49.060810746059076,2.2747925771548227,44.602217294835626,53.519404197282526,8.917186902446906,2.532151096589935
LCA,2014,48.142,48.72101305367537,2.274792059482963,44.262420617088765,53.17960549026198,8.917184873173216,-1.0170625117717975
LCA,2015,49.601,49.21361248381274,2.2747919640973207,44.75502023418199,53.672204733443486,8.917184499261497,1.0224209242421765
LCA,2016,50.326,49.391693631846955,2.2747919465314252,44.933101416645364,53.850285847048546,8.917184430403188,1.163879260123835
LCA,2017,46.317,47.88829070500138,2.2747919434904875,43.42969849576003,52.346882914242734,8.91718441848271,-3.509399034089178
LCA,2018,48.455,48.11261795487239,2.2747919468212516,43.654025739102735,52.57121017064205,8.917184431539306,0.6315729887630255
LCA,2019,47.869,47.86611345049826,2.274792024780815,43.40752108192787,52.324705819068654,8.917184737140794,-0.31489414928152115
LCA,2020,46.877,47.3886534449471,2.2747935766020344,42.93005803480712,51.84724885508709,8.917190820279975,-1.1271698818022315
LCA,2021,47.207,47.48483323803443,2.2748244234103656,43.026177368150115,51.94348910791875,8.917311739768634,-0.15384328526351965
LCA,2022,48.604,48.21731455969618,2.275437500162761,43.75745705937717,52.67717206001519,8.919715000638023,1.330962003634255
LCA,2023,49.343,48.85586942226367,2.2875899597845315,44.37219310108599,53.339545743441356,8.967352642355364,1.3103220684833374
LCA,2024,49.369,49.1163996384425,2.5170073319988613,44.183065267724736,54.04973400916027,9.866668741435536,0.5884622735294158
LIE,2013,53.469,54.377703782242826,1.697704057481299,51.05020382957948,57.70520373490617,6.654999905326692,0.0
LIE,2014,65.441,63.427030893485714,1.604815674747359,60.28159217098089,66.57246961599054,6.290877445009647,11.972000000000001
LIE,2015,64.629,64.33470543811808,1.6018010843946993,61.19517531270447,67.47423556353169,6.279060250827221,1.28262375922764
LIE,2016,63.445,63.59353253975662,1.6017050585349861,60.45419062502805,66.7328744544852,6.278683829457146,-0.9552977436398677
LIE,2017,63.218,63.34596294862247,1.6017020016771157,60.20662702533532,66.48529887190962,6.2786718465742934,-0.3974391090085163
LIE,2018,63.059,63.99072651946107,1.6017019043679925,60.851390786899806,67.13006225202234,6.278671465122531,-0.22991030550723934
LIE,2019,76.623,74.05678219105984,1.601701901271162,70.91744646456836,77.19611791755132,6.278671452982954,13.522979829878423
LIE,2020,71.983,72.32235458715431,1.6017019012959062,69.18301886061433,75.46169031369429,6.278671453079952,-2.2272549835029594
LIE,2021,72.072,71.66656683743447,1.601701919958212,68.52723107431638,74.80590260055257,6.278671526236192,-0.30838270949246294
LIE,2022,64.766,66.4628787957534,1.601704744404417,63.32353749672074,69.60222009478605,6.2786825980653145,-7.361021071933308
LIE,2023,72.15,70.79733248945806,1.6021320812832422,67.6571536101429,73.93751136877322,6.280357758630309,6.070660252229288
LIE,2024,67.031,67.75107495636912,1.66553343525916,64.48662942326116,71.01552048947708,6.528891066215907,-4.035884040060125
LKA,2000,45.966,46.31829746592915,0.5696275643941027,45.20182743971671,47.43476749214159,2.2329400524248824,0.0
LKA,2001,47.799,47.069638846229665,0.5020586889495681,46.08560381588851,48.05367387657082,1.9680700606823067,1.8329999999999984
LKA,2002,46.619,46.747873506894244,0.4921344547492503,45.78328997558572,47.71245703820277,1.9291670626170612,-0.5594793157401554
LKA,2003,46.673,46.50412917859328,0.4907240026109312,45.54231013347586,47.465948223710704,1.9236380902348502,-0.15332818488872135
LKA,2004,45.308,45.795817796601874,0.49052466671919637,44.83438944983225,46.757246143371496,1.9228566935392497,-1.4225022191210925
LKA,2005,46.225,45.65001364436108,0.49049651795140786,44.68864046917632,46.61138681954584,1.9227463503695188,0.3826306522269718
LKA,2006,43.568,44.299211465840706,0.4904925434450173,43.33784608068847,45.26057685099294,1.9227307703044678,-2.513229190749392
LKA,2007,43.202,43.631501204656814,0.49049198226792184,42.67013691941169,44.59286548990194,1.9227285704902537,-1.3103598324754842
LKA,2008,43.73,43.43453449013917,0.49049190303317497,42.473170360194146,44.395898620084196,1.922728259890046,0.035622698945815046
LKA,2009,42.231,42.55088556194274,0.4904918918457207,41.58952145392513,43.512249669960354,1.922728216035225,-1.4856145011744175
LKA,2010,40.981,41.804240464547995,0.4904918902661217,40.842876359626395,42.765604569469595,1.922728209843197,-1.8082309485748311
LKA,2011,42.311,42.254660603058994,0.4904918900430922,41.293296498574534,43.216024707543454,1.9227282089689213,0.650543458470132
LKA,2012,43.04,42.843928833754596,0.4904918900116018,41.882564729331854,43.80529293817734,1.9227282088454791,0.9734466563193891
LKA,2013,43.902,43.375561792372686,0.49049189000715715,42.414197687958655,44.33692589678672,1.922728208828056,1.2277799908785454
LKA,2014,42.614,43.17165801020602,0.49049189000655585,42.21029390579317,44.133022114618875,1.922728208825699,-0.8266523226869325
LKA,2015,43.826,43.94553095798659,0.4904918900069191,42.98416685357303,44.90689506240015,1.922728208827123,0.9013790973526312
LKA,2016,46.036,45.380993791358904,0.49049189001462573,44.419629686930236,46.34235789578757,1.9227282088573328,2.548700057041266
LKA,2017,46.696,46.329197353312246,0.4904918901464553,45.367833248625196,47.290561457999296,1.9227282093741047,1.6176934468931066
LKA,2018,47.912,47.08433997616505,0.49049189239793944,46.12297586706509,48.04570408526501,1.9227282181999226,1.8238606263971207
LKA,2019,46.126,46.638472823889366,0.4904919308499905,45.67710863942339,47.599837008355344,1.9227283689319628,-1.1006704865794958
LKA,2020,46.892,46.94824964202266,0.49049258755416736,45.986884170416495,47.909615113628824,1.922730943212336,0.3524146864698068
LKA,2021,47.865,47.539287437593316,0.4905038029627023,46.577899983786416,48.500674891400216,1.922774907613793,1.1054225009877499
LKA,2022,48.075,47.820152840712325,0.4906953061195055,46.85839004071809,48.78191564070656,1.9235255999884615,0.62537091911598
LKA,2023,47.33,47.75794131006552,0.49395443763353897,46.78979061230378,48.726092007827255,1.9363013955234727,-0.5100121168788476
LKA,2024,49.086,48.49818017360563,0.5466239654799228,47.42679720126498,49.56956314594628,2.142765944681297,1.5643590649195573
LSO,2000,29.551,29.666401956166148,0.7860321749379732,28.12577889328772,31.207025019044575,3.081246125756855,0.0
LSO,2001,30.249,30.60866019115301,0.7313990445678233,29.175118063800078,32.04220231850594,2.8670842547058673,0.6980000000000004
LSO,2002,36.816,35.44230699222667,0.7288238391647498,34.01381226746376,36.870801716989575,2.8569894495258192,6.712414027971274
LSO,2003,36.392,36.074509579950984,0.7287049908485279,34.64624779788787,37.5027713620141,2.8565235641262294,1.0152448785449906
LSO,2004,34.827,35.114347402577394,0.7286995116618271,33.68609635972021,36.54259844543458,2.856502085714362,-1.3470314457900656
LSO,2005,35.054,35.09628993050084,0.7286992590707722,33.66803938272213,36.52454047827955,2.8565010955574266,-0.06221904864119665
LSO,2006,35.714,35.37541321040474,0.7286992474263255,33.947162685449136,36.80366373536034,2.856501049911196,0.6466410067794968
LSO,2007,32.971,33.448269795188054,0.7286992468895166,32.0200192712846,34.876520319091505,2.856501047806905,-2.6041603018922928
LSO,2008,32.305,32.658422972750046,0.7286992468647697,31.230172448895097,34.086673496604995,2.856501047709897,-1.2251368757606471
LSO,2009,33.721,33.530353064214374,0.728699246863629,32.10210254036166,34.958603588067085,2.8565010477054256,1.1529519822645682
LSO,2010,34.14,34.0793420331981,0.7286992468635763,32.65109150934549,35.507592557050714,2.856501047705219,0.666549265296851
LSO,2011,34.936,34.87487278688903,0.728699246863574,33.446622263036424,36.30312331074163,2.85650104770521,0.9391141829379492
LSO,2012,36.604,36.23049329014543,0.7286992468635738,34.80224276629283,37.658743813998036,2.8565010477052093,1.8696363470399362
LSO,2013,36.78,36.499874715821385,0.7286992468635738,35.07162419196878,37.92812523967399,2.8565010477052093,0.5774279095762864
LSO,2014,34.35,34.993388455699915,0.7286992468635738,33.56513793184731,36.42163897955252,2.8565010477052093,-2.3060209818132833
LSO,2015,36.781,36.42383498793963,0.7286992468635738,34.995584464087024,37.85208551179223,2.8565010477052093,1.9358763447319802
LSO,2016,36.979,36.98809561923046,0.7286992468635738,35.55984509537785,38.41634614308306,2.8565010477052093,0.6136502388789609
LSO,2017,38.909,38.34702310700534,0.7286992468635739,36.91877258315274,39.775273630857946,2.8565010477052097,2.0617562813721406
LSO,2018,36.902,37.19603537186241,0.7286992468635899,35.76778484800977,38.62428589571505,2.8565010477052724,-1.5643221950903197
LSO,2019,36.606,36.79237794046139,0.7286992468654002,35.36412741660521,38.22062846431758,2.856501047712369,-0.6318741873376084
LSO,2020,37.303,37.28161236269446,0.7286992470706529,35.85336183843598,38.70986288695294,2.8565010485169595,0.5613308713270655
LSO,2021,38.404,38.23806057833043,0.728699270341819,36.80981000846047,39.6663111482004,2.8565011397399305,1.2215228378311238
LSO,2022,39.56,39.16746981849196,0.7287019087785881,37.73921407728593,40.59572555969799,2.856511482412065,1.4182720509614484
LSO,2023,38.942,38.318315256811324,0.7290009879224547,36.88947332048331,39.74715719313934,2.8576838726560223,-0.3134841054896569
LSO,2024,29.64,31.651675524282048,0.7621494230770964,30.157862655050938,33.145488393513155,2.987625738462218,-9.369307885488716
LTU,2000,53.09,53.64428760965563,0.784967288610966,52.10575172397814,55.18282349533312,3.0770717713549867,0.0
LTU,2001,54.156,54.122435751008915,0.6681602258856448,52.81284170827305,55.43202979374478,2.6191880854717278,1.0659999999999954
LTU,2002,54.982,54.73467248049984,0.6314650800226264,53.49700092365549,55.972344037344186,2.4753431136886954,1.295234462336495
LTU,2003,56.168,55.43653047924759,0.6200790298697433,54.22117558070289,56.65188537779228,2.430709797089394,1.8607304024567881
LTU,2004,55.662,55.92009829034158,0.616573825092843,54.711613593159605,57.12858298752355,2.4169693943639445,0.5058813624130423
LTU,2005,57.551,56.85968366284679,0.6154978675825786,55.65330784238494,58.06605948330864,2.412751640923708,2.1675680640544073
LTU,2006,58.588,57.75110484776757,0.6151679010736926,56.54537576166313,58.95683393387201,2.411458172208875,2.235110012675065
LTU,2007,59.241,58.455640457046776,0.6150667389809267,57.25010964864416,59.66117126544939,2.4110616168052323,1.8898688781447035
LTU,2008,59.378,58.91527903104621,0.6150357272014872,57.709809005731294,60.12074905636113,2.41094005062983,1.1831879937966008
LTU,2009,59.206,59.25426316147733,0.6150262206375069,58.04881176902782,60.459714553926844,2.4109027848990268,0.4830565376062168
LTU,2010,60.083,59.81071283683276,0.6150233064547742,58.6052671561814,61.016158517484115,2.4108913613027148,1.1444467918536674
LTU,2011,61.127,60.447609627554755,0.615022413131369,59.24216569781727,61.65305355729224,2.410887859474966,1.6776354223988577
LTU,2012,61.405,60.88728749330557,0.6150221392914995,59.681844100294235,62.09273088631691,2.410886786022678,1.2068440042239104
LTU,2013,61.109,61.152505197781856,0.6150220553659098,59.947061969264674,62.35794842629904,2.4108864570343664,0.37218503756869126
LTU,2014,61.756,61.59238954448626,0.61502202977761,60.386946366122146,62.79783272285037,2.410886356728231,0.8530651958608289
LTU,2015,62.716,62.13649464090347,0.6150220229907987,60.93105147584151,63.341937805965436,2.410886330123931,1.4323109332618245
LTU,2016,62.625,62.512825023720254,0.615022028977943,61.307381846923484,63.718268200517024,2.4108863535935363,0.7020180899418094
LTU,2017,64.024,63.000186513277605,0.6150220923833145,61.794743212206306,64.2056298143489,2.4108866021425928,1.7876817007089656
LTU,2018,62.7,62.940189434667424,0.6150225817082928,61.73474517451917,64.14563369481567,2.410888520296508,-0.33422612449862754
LTU,2019,62.689,63.037378536298995,0.6150263177774162,61.83192695345526,64.24283011914272,2.4109031656874715,-0.1960487626906513
LTU,2020,63.653,63.46010106174035,0.6150548303742369,62.25459359420685,64.66560852927385,2.4110149350670085,0.8554549811862486
LTU,2021,64.406,63.9549154353883,0.6152723886962013,62.74898155354375,65.16084931723286,2.411867763689109,1.226634088579317
LTU,2022,65.484,64.35688247529211,0.6169302175988858,63.1476992487983,65.56606570178593,2.418366452987632,1.7571423644201545
LTU,2023,64.963,64.08500278431607,0.6294385883185611,62.851303151211695,65.31870241742045,2.46739926620876,0.451865364752436
LTU,2024,60.827,62.97843547981798,0.7177552628969751,61.57163516453991,64.38523579509605,2.8136006305561425,-3.8858186989277357
LUX,2000,63.633,63.735615217325936,0.5532524907171503,62.65124033552032,64.81999009913154,2.1687497636112294,0.0
LUX,2001,64.971,64.68493368053002,0.5188701169077319,63.66794825139087,65.70191910966918,2.033970858278309,1.338000000000001
LUX,2002,64.26,64.36843068245443,0.5175171804354471,63.354097008800956,65.38276435610791,2.028667347306953,-0.4546725827127034
LUX,2003,64.541,64.57446028750397,0.517464988005185,63.5602289110138,65.58869166399413,2.0284627529803254,0.1918186289370425
LUX,2004,65.513,65.33581999348009,0.5174629762156842,64.32159256009734,66.35004742686283,2.028454866765482,1.0096578526422775
LUX,2005,65.631,65.56109875101218,0.5174628986724641,64.54687146961415,66.57532603241022,2.028454562796059,0.31622297863648896
LUX,2006,65.444,65.47740091427897,0.5174628956836107,64.4631736387391,66.49162818981885,2.028454551079754,-0.12491684576318107
LUX,2007,65.518,65.57242802081277,0.5174628955684074,64.55820074549868,66.58665529612685,2.028454550628157,0.049475431185598495
LUX,2008,66.448,66.25910373254985,0.517462895563967,65.24487645724447,67.27333100785522,2.0284545506107503,0.9397133706164169
LUX,2009,66.214,66.21194514974368,0.5174628955637957,65.19771787443864,67.22617242504873,2.028454550610079,-0.04950874799928329
LUX,2010,65.971,66.08588859239835,0.5174628955637892,65.07166131709332,67.10011586770338,2.0284545506100535,-0.2527199116124166
LUX,2011,66.95,66.78467689669469,0.517462895563789,65.77044962138966,67.79890417199972,2.0284545506100526,0.9293842188938441
LUX,2012,66.975,66.96817458892394,0.517462895563789,65.95394731361891,67.98240186422898,2.0284545506100526,0.20746335903623958
LUX,2013,67.411,67.33115287253962,0.5174628955637889,66.31692559723459,68.34538014784465,2.028454550610052,0.47673069092108733
LUX,2014,67.55,67.47833480181045,0.5174628955637889,66.46410752650542,68.49256207711548,2.028454550610052,0.23259517996190482
LUX,2015,67.103,67.19998292948178,0.5174628955637889,66.18575565417675,68.21421020478681,2.028454550610052,-0.40133525019179217
LUX,2016,67.542,67.394717986776,0.5174628955637889,66.38049071147097,68.40894526208103,2.028454550610052,0.3602069923709337
LUX,2017,66.337,66.57505438183716,0.5174628955637889,65.56082710653213,67.5892816571422,2.028454550610052,-1.134281586194163
LUX,2018,66.735,66.73953722211067,0.5174628955637922,65.72530994680564,67.7537644974157,2.0284545506100655,0.17530972389837984
LUX,2019,67.198,67.15657908767795,0.5174628955642465,66.14235181237203,68.17080636298388,2.0284545506118463,0.4974180592309665
LUX,2020,67.876,67.75861982175984,0.5174628956264917,66.74439254633191,68.77284709718776,2.0284545508558476,0.7756566721141525
LUX,2021,67.982,68.13227174286935,0.517462904155482,67.11804445072461,69.14649903501409,2.0284545842894897,0.2582824672246602
LUX,2022,70.848,70.28389037824306,0.5174640728168383,69.26966079552206,71.29811996096406,2.028459165442006,2.9167078618206688
LUX,2023,71.143,70.37509543153755,0.5176241806468456,69.36055203746973,71.38963882560536,2.0290867881356345,0.867628954716551
LUX,2024,62.269,63.97776497266425,0.5391130954709442,62.921103305541195,65.0344266397873,2.1133233342461013,-8.70366087624867
LVA,2000,49.376,49.86807733164269,0.9426081754951092,48.02056530767227,51.715589355613105,3.6950240479408283,0.0
LVA,2001,51.122,50.66550758290842,0.8309001180863743,49.03694335145912,52.294071814357714,3.2571284628985873,1.7460000000000022
LVA,2002,51.253,51.016264813954095,0.8129354044139233,49.42291142130281,52.60961820660538,3.1867067853025794,0.7411623393606632
LVA,2003,51.084,51.13411090579388,0.8101572090496525,49.54620277605656,52.722019035531204,3.1758162594746375,0.11652522322617642
LVA,2004,50.462,51.36712978333219,0.8097306149348095,49.78005777805996,52.954201788604415,3.174144010544453,-0.5764824955043863
LVA,2005,53.99,53.02503606863486,0.8096651845096837,51.438092306995884,54.61197983027384,3.17388752327796,3.3023377415028534
LVA,2006,54.355,53.82587246820766,0.8096551506137234,52.23894837300477,55.41279656341056,3.1738481904057956,1.6581064214654475
LVA,2007,53.931,54.11916892535835,0.8096536119350592,52.532247845965635,55.70609000475107,3.1738421587854324,0.22530185100519162
LVA,2008,55.335,54.793742227771126,0.8096533759826021,53.206821610845225,56.38066284469703,3.1738412338518,1.492227158051172
LVA,2009,54.739,54.898913114689776,0.8096533397999159,53.311992568681944,56.48583366069761,3.1738410920156706,-0.011650099176428341
LVA,2010,55.74,55.27806362694238,0.8096533342513972,53.691143091809636,56.86498416207512,3.173841070265477,0.9964378691779316
LVA,2011,54.921,55.10298579152728,0.8096533334005478,53.516065258062206,56.68990632499236,3.173841066930147,-0.42879902654730984
LVA,2012,54.99,55.137324761252465,0.8096533332700864,53.55040422804309,56.72424529446184,3.1738410664187384,-0.0989159368093766
LVA,2013,55.068,55.402349386228614,0.8096533332502467,53.81542885305813,56.9892699193991,3.173841066340967,0.03926492557798866
LVA,2014,56.374,56.25589116974788,0.809653333249172,54.66897063657951,57.84281170291626,3.1738410663367542,1.3213759835234598
LVA,2015,57.551,57.23051435251152,0.8096533332722994,55.64359381929781,58.81743488572523,3.1738410664274137,1.6944454058468992
LVA,2016,58.216,58.06776958639549,0.8096533335515751,56.480849052634404,59.65469012015658,3.1738410675221744,1.3285378587538261
LVA,2017,59.9,58.97572268437778,0.8096533368584201,57.388802144135276,60.56264322462028,3.1738410804850066,2.2042499667616156
LVA,2018,58.74,58.82659657699567,0.8096533760042139,57.23967596002741,60.413517193963926,3.1738412339365185,-0.2968247698881825
LVA,2019,58.077,58.75425998908723,0.8096538394029386,57.16733846385747,60.34118151431699,3.173843050459519,-0.779235360287899
LVA,2020,59.936,59.662445116886296,0.8096593249896704,58.075512839906544,61.24937739386605,3.173864553959508,1.5538546346511026
LVA,2021,60.146,60.47987285916868,0.8097242592723147,58.892813310994946,62.066932407342414,3.1741190963474737,0.8184830904163718
LVA,2022,63.674,62.07697475770172,0.8104925409843131,60.48840937737246,63.66554013803098,3.1771307606585073,3.8485146152052465
LVA,2023,63.774,61.857411188016115,0.8195325566333771,60.2511273770147,63.463694999017534,3.212567622002838,1.607062510450639
LVA,2024,55.865,58.715693138937624,0.9198198124014652,56.912846306630755,60.51853997124449,3.605693664613743,-7.279680924042253
MAR,2000,45.37,45.08015741893448,0.6307163340505515,43.8439534041954,46.31636143367356,2.472408029478162,0.0
MAR,2001,44.901,44.88771656098154,0.526916386209283,43.85496044401134,45.920472677951736,2.0655122339403893,-0.4689999999999941
MAR,2002,44.19,44.607338580935426,0.48217412119348935,43.66227730339619,45.552399858474665,1.8901225550784782,-0.9375274921297176
MAR,2003,44.003,44.39514903544121,0.4621803019132641,43.48927564369121,45.30102242719121,1.8117467834999952,-0.7460525147064132
MAR,2004,44.122,44.252687801839436,0.4531696995123021,43.364475190795325,45.140900412883546,1.7764252220882244,-0.35811040739086764
MAR,2005,43.535,44.06756788994179,0.44910146967257836,43.18732900938354,44.947806770500044,1.7604777611165072,-0.822524345831539
MAR,2006,43.657,44.04056070871539,0.4472640118775299,43.163923245435434,44.917198171995345,1.7532749265599172,-0.42550704137104134
MAR,2007,44.454,44.22111748544909,0.4464340483835898,43.34610675061725,45.09612822028093,1.750021469663672,0.5122565421931213
MAR,2008,44.437,44.424413799079105,0.4460591572960904,43.55013785077877,45.29868974737944,1.7485518966006743,0.3266099084035048
MAR,2009,45.025,44.804799905042834,0.4458898204616208,43.93085585693806,45.67874395314761,1.7478880962095535,0.8073164365097156
MAR,2010,46.383,45.39817785957157,0.44581333172829885,44.524383729384105,46.27197198975903,1.7475882603749315,1.9003687069344366
MAR,2011,46.663,45.93651481415942,0.4457787821069588,45.06278840122978,46.810241227089065,1.7474528258592785,1.556976835142855
MAR,2012,47.456,46.52599856342486,0.4457631762010752,45.65230273807075,47.39969438877896,1.7473916507082148,1.8393329108641936
MAR,2013,48.052,47.09026549773405,0.445756127091996,46.21658348863374,47.963947506834366,1.7473640182006245,1.8321389993355979
MAR,2014,48.55,47.5871971316877,0.44575294309645097,46.71352136321866,48.460872900156744,1.7473515369380879,1.7293288988059246
MAR,2015,48.338,47.95482443044404,0.44575150534005686,47.08115147997753,48.828497380910555,1.7473459009330228,0.9502436323441046
MAR,2016,49.11,48.42572411192544,0.44575085946616466,47.552052427371756,49.299395796479125,1.7473433691073654,1.4106402946649084
MAR,2017,49.584,48.91197131238301,0.4457505964599328,48.03830014332154,49.78564248144448,1.7473423381229365,1.4220656994390382
MAR,2018,50.215,49.43495074115669,0.4457507099436572,48.561279349667124,50.308622132646256,1.7473427829791361,1.5867453019942914
MAR,2019,50.762,49.96283027580306,0.4457526390760738,49.089155103213955,50.83650544839216,1.7473503451782093,1.61342396250528
MAR,2020,51.497,50.4885164146705,0.4457686917159815,49.61480977890717,51.362223050433826,1.7474132715266475,1.8193544111313145
MAR,2021,52.207,50.8834902171131,0.4458986537726469,50.00952885571871,51.757451578507485,1.747922722788776,1.9327568068499374
MAR,2022,50.746,50.83826046464912,0.44694803226036667,49.9622423214188,51.714278607879436,1.7520362864606374,-0.16202734848914702
MAR,2023,50.336,50.80759624023647,0.45534293532836434,49.915124086992876,51.700068393480066,1.7849443064871882,-0.518895799529993
MAR,2024,51.75,51.03405767954835,0.5182413858280704,50.01830456332533,52.049810795771364,2.031506232446036,1.065259038125241
MCO,2013,56.689,56.713625052077795,3.309847419632565,50.22632410959797,63.20092599455762,12.974601884959656,0.0
MCO,2014,56.977,56.94803372116305,3.0843107370285927,50.90278467658701,62.99328276573909,12.090498089152083,0.2879999999999967
MCO,2015,57.353,57.278144273753234,3.0741804091088656,51.25275067189986,63.30353787560661,12.050787203706752,0.4347038549454041
MCO,2016,57.449,57.45933674727715,3.073734321876331,51.434817476399544,63.48385601815475,12.049038541755216,0.18706240766197624
MCO,2017,58.222,58.0137007724533,3.0737146970550624,51.98921996622538,64.03818157868122,12.048961612455845,0.8122325337259184
MCO,2018,57.508,57.589375895431694,3.0737138337316825,51.5648967813176,63.61385500954579,12.048958228228194,-0.5436418861542194
MCO,2019,57.197,57.22424639966541,3.073713795754684,51.19976735998623,63.24872543934459,12.04895807935836,-0.42502401965423076
MCO,2020,56.32,56.53198602455598,3.073713794341973,50.50750698764571,62.55646506146624,12.048958073820533,-0.9661449928461039
MCO,2021,56.629,56.636506728867154,3.0737138325706153,50.61202761702875,62.66098584070556,12.048958223676811,0.1063597140997743
MCO,2022,56.618,56.96994816306501,3.07371951830587,50.94545790718551,62.99443841894452,12.04898051175901,0.011308000390457096
MCO,2023,58.796,60.93258487402611,3.074563418541755,54.90644057368427,66.95872917436795,12.05228860068368,2.180371752117452
MCO,2024,98.33,89.94217905768048,3.1973661493317533,83.67534140499023,96.20901671037072,12.533675305380473,39.99131350737157
MDA,2000,49.143,48.8600467137869,0.577970053560384,47.72722540880855,49.99286801876525,2.2656426099567053,0.0
MDA,2001,47.093,47.49118286579739,0.5230604196285774,46.46598444332538,48.5163812882694,2.0503968449440233,-2.049999999999997
MDA,2002,46.033,46.56638133479847,0.5185089222776776,45.550103847134224,47.58265882246272,2.0325549753284964,-1.6099144786861856
MDA,2003,47.631,47.05325078556511,0.5181410702605985,46.037694287854336,48.06880728327589,2.0311129954215463,1.142924965187298
MDA,2004,44.706,45.47546489590256,0.51811140958935,44.45996653310743,46.49096325869769,2.030996725590252,-2.6006068372538067
MDA,2005,45.589,45.669164020615256,0.5181090184416393,44.653670344469646,46.684657696760866,2.030987352291226,0.1446346706966608
MDA,2006,46.528,46.424234366573224,0.5181088256779695,45.4087410682444,47.439727664902044,2.03098659665764,0.9800658202709798
MDA,2007,48.164,47.51111325665098,0.5181088101382408,46.49561998878003,48.52660652452193,2.030986535741904,1.9142686371996618
MDA,2008,46.556,46.82990294377291,0.5181088088854988,45.81440967835733,47.845396209188486,2.0309865308311554,-1.0644844467401384
MDA,2009,46.338,46.65342296416868,0.5181088087845085,45.63792969895105,47.66891622938632,2.0309865304352734,-0.5202375489971658
MDA,2010,48.069,47.69800878130232,0.5181088087763671,46.68251551610064,48.713502046504,2.030986530403359,1.5832896953896523
MDA,2011,48.417,48.18725138742496,0.5181088087757107,47.17175812222457,49.20274465262535,2.030986530400786,0.7975411829929016
MDA,2012,48.155,48.166673397986784,0.5181088087756578,47.15118013278649,49.182166663187076,2.0309865304005785,-0.03555527043801021
MDA,2013,47.961,48.17650335339084,0.5181088087756536,47.16101008819056,49.191996618591126,2.030986530400562,-0.20409515717875593
MDA,2014,49.391,49.15782236335314,0.5181088087756532,48.142329098152864,50.17331562855342,2.0309865304005608,1.3720515533770268
MDA,2015,50.546,50.13186716688892,0.5181088087756532,49.11637390168864,51.147360432089194,2.0309865304005608,1.544564638886527
MDA,2016,50.4,50.283922965226076,0.5181088087756539,49.26842970002579,51.29941623042636,2.0309865304005634,0.29254603298524273
MDA,2017,50.171,50.078292384141946,0.5181088087756869,49.0627991189416,51.093785649342294,2.0309865304006927,-0.1459378224768031
MDA,2018,48.855,49.24278937030701,0.5181088087774145,48.22729610510328,50.25828263551074,2.0309865304074646,-1.3574359176031976
MDA,2019,48.782,49.257578941351035,0.5181088088676791,48.24208567597039,50.27307220673168,2.030986530761302,-0.4584148422857268
MDA,2020,52.259,51.40901334626608,0.5181088135840196,50.3935200716414,52.42450662089076,2.0309865492493566,3.3468429282371233
MDA,2021,52.337,52.033585419405846,0.5181090600133947,51.01809166177959,53.0490791770321,2.0309875152525074,1.0282643348491973
MDA,2022,52.316,51.962201708668076,0.5181219358187554,50.946682714463314,52.97772070287284,2.0310379884095213,0.2709536247012636
MDA,2023,50.026,50.23775735577057,0.5187942538415148,49.2209206182412,51.254594093299936,2.033673475058738,-2.2130685241367587
MDA,2024,46.449,47.643019983789216,0.5527865810122626,46.55955828500518,48.72648168257325,2.1669233975680693,-4.205353386805712
MDG,2000,37.631,37.630675817939355,0.507481921960611,36.63601125089656,38.62534038498215,1.9893291340855952,0.0
MDG,2001,37.745,37.628587301133386,0.46916774098914893,36.70901852879465,38.54815607347212,1.8391375446774638,0.11399999999999721
MDG,2002,36.6,36.929840143669566,0.46705258993546134,36.01441706739606,37.84526321994307,1.8308461525470083,-1.11948336183098
MDG,2003,37.827,37.477760285259755,0.4669385317499661,36.56256076302982,38.39295980748969,1.830399044459867,0.9677216894683838
MDG,2004,36.095,36.508879005986365,0.4669323897140186,35.59369152214689,37.42406648982584,1.830374967678953,-1.5074661674173129
MDG,2005,37.276,37.00673716730877,0.46693205898992957,36.09155033168851,37.92192400292903,1.8303736712405239,0.8311990435315195
MDG,2006,36.162,36.41325298688983,0.4669320411818307,35.49806618617344,37.32843978760622,1.8303736014327763,-0.9211228764777957
MDG,2007,36.758,36.70468387079577,0.4669320402229397,35.789497071958806,37.61987066963273,1.8303735976739237,0.38225627381963534
MDG,2008,37.367,36.979612204039064,0.4669320401713075,36.064425405303304,37.894799002774825,1.8303735974715254,0.6977013922301225
MDG,2009,34.689,35.227664453425376,0.46693204016852735,34.312477654695066,36.14285125215569,1.8303735974606272,-2.516100538458794
MDG,2010,34.957,34.876565784515144,0.4669320401683777,33.961378985785124,35.79175258324516,1.8303735974600406,-0.3158533890204964
MDG,2011,33.311,33.68217268092024,0.4669320401683696,32.766985882190234,34.597359479650244,1.8303735974600088,-1.719292807181155
MDG,2012,33.299,33.4663034836079,0.46693204016836914,32.5511166848779,34.38149028233791,1.830373597460007,-0.41095660640360165
MDG,2013,34.067,34.025264078676955,0.4669320401683691,33.11007727994695,34.94045087740696,1.8303735974600068,0.6726387838155787
MDG,2014,35.05,34.91369779711682,0.4669320401683691,33.99851099838681,35.82888459584682,1.8303735974600068,1.1390837603726638
MDG,2015,36.334,35.90834808684208,0.4669320401683691,34.99316128811208,36.82353488557209,1.8303735974600068,1.5483208821380572
MDG,2016,35.464,35.392690821798844,0.46693204016836914,34.47750402306884,36.30787762052885,1.830373597460007,-0.5107169027977392
MDG,2017,33.436,33.91787491050937,0.46693204016837075,33.002688111779364,34.833061709239374,1.8303735974600133,-2.1465102860444105
MDG,2018,33.595,33.79188200352988,0.46693204016849776,32.876695204799624,34.70706880226013,1.830373597460511,-0.3390911080147774
MDG,2019,35.061,34.71022170494802,0.4669320401782651,33.795034906198616,35.62540850369742,1.8303735974987991,1.3873149516183858
MDG,2020,34.449,34.48602194814856,0.466932040929428,33.570835147926886,35.40120874837024,1.8303736004433577,-0.2900778336308534
MDG,2021,34.079,34.25068379554699,0.4669320986978966,33.335496882099115,35.165870708994866,1.8303738268957546,-0.43731166885297057
MDG,2022,34.916,34.7961618591495,0.466936541382822,33.88096623803917,35.71135748025983,1.830391242220662,0.7355231726570608
MDG,2023,35.968,35.191149384050604,0.4672780812443802,34.27528434481162,36.10701442328959,1.8317300784779704,1.2226758893359104
MDG,2024,30.053,31.35972162172083,0.4928357986294383,30.393763456407132,32.32567978703453,1.9319163306273983,-5.631281821512001
MDV,2009,41.323,41.19976593250712,0.6585399929770389,39.90902754627212,42.49050431874212,2.5814767724699923,0.0
MDV,2010,40.74,40.937022752565134,0.5697550745547398,39.820302806437844,42.053742698692425,2.23343989225458,-0.5829999999999984
MDV,2011,41.222,40.87984158566338,0.5534547025941257,39.79507036857889,41.964612802747865,2.1695424341689726,0.2665042320009263
MDV,2012,39.378,40.108295960013315,0.5505275345189631,39.02926199235615,41.18732992767048,2.1580679353143353,-1.73390036164664
MDV,2013,40.325,40.11123166460569,0.5500047988670506,39.03322225882627,41.18924107038511,2.1560188115588383,0.21757564309655208
MDV,2014,39.4,39.69954443109326,0.5499115465088195,38.62171779993597,40.777371062250545,2.1556532623145723,-0.8331773958958024
MDV,2015,39.329,39.522983377517114,0.5498949140978214,38.44518934588538,40.60077740914885,2.15558806326346,-0.4228218787712166
MDV,2016,38.841,39.575074432893935,0.5498919476588707,38.497286215482546,40.65286265030532,2.1555764348227733,-0.6665610273039917
MDV,2017,41.916,41.103728521836004,0.5498914186505827,40.02594134128086,42.181515702391145,2.155574361110284,2.7935009304892304
MDV,2018,42.852,42.34493075131755,0.549891325491481,41.26714375335425,43.42271774928085,2.1555739959266056,2.1157425986837524
MDV,2019,44.251,43.650221604961025,0.5498913316912892,42.5724345948461,44.72800861507595,2.155574020229854,2.2925143261353753
MDV,2020,45.921,44.89114962736547,0.5498917700251367,43.8133617581162,45.96893749661474,2.155575738498536,2.6381681523276157
MDV,2021,45.571,45.17586625917858,0.5499002272409234,44.098061813786366,46.25367070457079,2.1556088907844195,0.7641437167896967
MDV,2022,44.738,44.931244875723706,0.5500622876621962,43.853122791905804,46.00936695954161,2.1562441676358093,-0.5102889844790681
MDV,2023,44.323,44.8560611623587,0.5531588667030731,43.77186978362067,45.940252541096726,2.1683827574760466,-0.63050380231833
MDV,2024,46.611,45.75718978936433,0.6094698803066796,44.56262882396324,46.95175075476543,2.389121930802184,2.0217274154006546
MEX,2000,57.993,57.8745844656206,0.2519147936737602,57.38083147002003,58.368337461221174,0.9875059912011399,0.0
MEX,2001,56.99,57.54483217329739,0.22194801707966252,57.10981405982125,57.97985028677353,0.8700362269522771,-1.0030000000000001
MEX,2002,58.612,58.399061087410196,0.2178603290204724,57.97205484253007,58.82606733229032,0.8540124897602518,1.291273841605019
MEX,2003,59.902,59.39799093820172,0.21731775525638752,58.9720481378992,59.823933738504245,0.851885600605039,1.7535658520766688
MEX,2004,60.2,59.92806540649707,0.2172460575513721,59.50226313369638,60.35386767929776,0.8516045456013787,0.9342115632104253
MEX,2005,60.339,60.19882913041475,0.21723658888267755,59.7730454162047,60.6246128446248,0.851567428420096,0.47841080893116583
MEX,2006,60.391,60.33396591264058,0.21723533851495458,59.908184649151266,60.75974717612989,0.8515625269786219,0.22584439352492325
MEX,2007,60.518,60.434436326844384,0.2172351734016819,60.00865538697709,60.86021726671168,0.8515618797345931,0.20906906525032554
MEX,2008,60.322,60.40397481347534,0.21723515159821233,59.97819391634284,60.829755710607834,0.8515617942649923,-0.12002664021548526
MEX,2009,60.595,60.557915350966084,0.2172351487190301,60.13213445947679,60.98369624245538,0.851561782978598,0.22938364316507176
MEX,2010,60.885,60.74360995266661,0.2172351483388296,60.3178290619225,61.16939084341072,0.8515617814882119,0.37335548982836286
MEX,2011,60.861,60.72066734219241,0.2172351482886235,60.2948864515467,61.14644823283811,0.8515617812914041,0.11167327440354313
MEX,2012,59.983,60.32034233978086,0.21723514828199372,59.89456144914815,60.746123230413566,0.8515617812654154,-0.8374191615521127
MEX,2013,60.567,60.452912456723446,0.21723514828111828,60.02713156609246,60.878693347354435,0.8515617812619837,0.2796910962451875
MEX,2014,60.307,60.40294446757325,0.21723514828100285,59.97716357694248,60.82872535820402,0.8515617812615311,-0.15836333487754928
MEX,2015,60.614,60.557039593657294,0.21723514828099277,60.131258703026546,60.98282048428804,0.8515617812614916,0.24945250760306692
MEX,2016,60.778,60.69223616615225,0.2172351482811215,60.26645527552125,61.118017056783245,0.8515617812619963,0.25464829492121765
MEX,2017,60.702,60.71941584374082,0.21723514828440618,60.293634953103385,61.14519673437825,0.8515617812748723,0.01653638682972769
MEX,2018,60.876,60.81342522723469,0.21723514836696425,60.387644336435436,61.23920611803394,0.8515617815984998,0.18000914091694398
MEX,2019,60.851,60.824816993756095,0.21723515044183792,60.39903609889009,61.250597888622096,0.8515617897320046,0.04041334000265806
MEX,2020,60.797,60.77867614110356,0.2172352025881263,60.35289514403083,61.20445713817629,0.8515619941454551,-0.039314237172789035
MEX,2021,60.711,60.64780447954071,0.2172365131388684,60.222020913788526,61.073588045292894,0.8515671315043641,-0.10028636095938737
MEX,2022,59.869,60.247934332026084,0.21726944766442702,59.82208621460381,60.67378244944836,0.8516962348445539,-0.878442959472217
MEX,2023,60.559,60.48759453366953,0.21809553403520385,60.06012728696053,60.91506178037853,0.8549344934179991,0.37078349972567537
MEX,2024,60.923,60.741763868469725,0.23791692129276318,60.27544670273591,61.20808103420354,0.9326343314676316,0.4987386416677637
MHL,2002,34.296,34.41695531444871,0.8681991081950677,32.71528506238637,36.11862556651104,3.4033405041246656,0.0
MHL,2003,36.361,35.93228563197274,0.8246535864827647,34.31596460246652,37.548606661478956,3.2326420590124374,2.0649999999999977
MHL,2004,34.32,34.65177041328879,0.8234328568765116,33.037842013810824,36.26569881276675,3.2278567989559255,-1.703835830656864
MHL,2013,35.481,35.340395671949615,0.8233992055929636,33.72653322898741,36.95425811491182,3.2277248859244176,0.8783073970928186
MHL,2014,35.327,35.41314371628211,0.8233982783953282,33.79928309062726,37.02700434193695,3.2277212513096867,-0.008211424799547729
MHL,2015,36.928,36.60283333410983,0.8233982528484899,34.98897275852679,38.21669390969287,3.2277211511660804,1.5996369847594565
MHL,2016,35.614,35.76589437765273,0.8233982521446046,34.1520338034493,37.37975495185616,3.22772114840685,-1.0484760053567967
MHL,2017,35.275,35.455181080772014,0.8233982521252107,33.8413205066066,37.06904165493743,3.2277211483308257,-0.5130366985963946
MHL,2018,37.013,36.78858288111823,0.8233982521246767,35.17472230695387,38.402443455282594,3.2277211483287322,1.6528409569233204
MHL,2019,37.687,37.489343527151064,0.8233982521247081,35.87548295298664,39.10320410131549,3.2277211483288557,0.9483553329334953
MHL,2020,36.743,36.92469013693558,0.8233982521351635,35.31082956275066,38.5385507111205,3.2277211483698407,-0.7865823476745106
MHL,2021,37.763,37.64210734046493,0.8233982544979506,36.02824676164895,39.25596791928091,3.227721157631966,0.8894350711894177
MHL,2022,38.15,38.017405298536,0.8233987884348581,36.40354367320368,39.63126692386832,3.227723250664644,0.5346374687212432
MHL,2023,38.099,37.40207583177116,0.8235194373675536,35.78797773453075,39.016173929011565,3.22819619448081,0.03774455834081181
MHL,2024,25.644,27.71036746229362,0.8503445074374038,26.043692227716306,29.37704269687093,3.3333504691546225,-12.448734774766649
MKD,2002,42.664,42.70915996444108,1.2309700289425807,40.29645870771362,45.12186122116854,4.825402513454916,0.0
MKD,2003,42.838,42.75195394489916,1.0532143224657402,40.687653872866306,44.81625401693201,4.128600144065701,0.1739999999999995
MKD,2004,42.773,42.734159290928126,1.0026335124527737,40.76899760652069,44.69932097533556,3.930323368814873,0.009248590884368468
MKD,2005,42.456,42.67509286680153,0.9885343072105537,40.73756562466884,44.612620108934216,3.8750544842653705,-0.3123854976638185
MKD,2006,42.447,42.77798956349838,0.9846397089420302,40.848095733972,44.70788339302476,3.8597876590527584,-0.17068859212567133
MKD,2007,43.111,43.21596107285621,0.9835669353340384,41.2881698796015,45.14375226611092,3.8555823865094303,0.5747915220949835
MKD,2008,44.233,43.95383754430088,0.9832716744441307,42.02662506239039,45.881050026211376,3.854424963820992,1.423202626161121
MKD,2009,44.501,44.80321352283265,0.9831904274553595,42.87616028502015,46.73026676064515,3.854106475625009,1.014327999016146
MKD,2010,47.548,46.32030636046225,0.9831680720779065,44.393296939189554,48.24731578173494,3.8540188425453934,3.579019930917177
MKD,2011,48.13,47.50174675282056,0.9831619210259984,45.5747493876096,49.42874411803152,3.8539947304219138,2.459316070622833
MKD,2012,49.933,48.70528125754821,0.9831602285824798,46.778287209526546,50.63227530556987,3.8539880960433206,3.0930132608453675
MKD,2013,50.223,49.4231234959867,0.9831597629301491,47.49613036064361,51.35011663132979,3.853986270686184,1.912420443342377
MKD,2014,49.78,49.792814988936954,0.9831596349541769,47.86582210442677,51.71980787344714,3.8539857690203734,0.5601491307373152
MKD,2015,50.113,50.350497208337714,0.9831596009086363,48.423504390556786,52.27749002611864,3.853985635561854,0.6268230931155259
MKD,2016,50.314,51.38041496087929,0.9831596008102397,49.45342214329122,53.307407778467365,3.8539856351761395,0.5297965755172385
MKD,2017,56.639,53.82532224282156,0.9831596744269667,51.8983292809447,55.75231520469841,3.8539859237537093,6.60290186067553
MKD,2018,56.225,55.00718157539555,0.9831602797867762,53.08018742701347,56.93417572377763,3.8539882967641628,3.0495156392781695
MKD,2019,57.133,55.70153917377666,0.9831650950274611,53.774535587522834,57.628542760030484,3.8540071725076475,2.5076065594693304
MKD,2020,55.387,55.49037065225972,0.9832033531276706,53.563292080129486,57.417449224389955,3.8541571442604687,-0.4306488499954497
MKD,2021,55.035,55.26753673567333,0.9835072636705428,53.33986249887907,57.19521097246759,3.8553484735885277,-0.5778944721721828
MKD,2022,55.282,55.13914640186277,0.9859185231693471,53.20674609645085,57.071546707274685,3.8648006108238406,-0.05613134882126758
MKD,2023,56.084,54.825790089703496,1.0048705492799663,52.85624381311476,56.79533636629223,3.939092553177468,0.7725566114595921
MKD,2024,50.622,53.2744953312371,1.1443460804244183,51.03157701360524,55.51741364886896,4.48583663526372,-5.056759702761376
MLI,2000,31.263,31.38035872323037,0.6644659418953582,30.078005477115468,32.68271196934527,2.604706492229804,0.0
MLI,2001,32.173,31.982568193993714,0.6037480840413536,30.79922194927266,33.165914438714765,2.366692489442106,0.9100000000000001
MLI,2002,32.402,32.27710357982586,0.5990684777384823,31.102929363458436,33.45127779619329,2.3483484327348503,0.46547726939176215
MLI,2003,32.303,32.290691444985,0.5987167357101414,31.117206642993125,33.464176246976876,2.346969603983754,0.02798351372469199
MLI,2004,32.177,32.26039376568051,0.5986903531489337,31.086960673508603,33.433826857852424,2.34686618434382,-0.11833897931604298
MLI,2005,32.866,32.5928197726677,0.5986883746317653,31.41939055838944,33.76624898694596,2.3468584285565197,0.6565938746437823
MLI,2006,31.715,31.984041297110277,0.5986882262578856,30.810612373644823,33.15747022057573,2.3468578469309116,-0.9711937719646961
MLI,2007,31.944,32.00413823520888,0.5986882151309727,30.83070933355217,33.177567136865584,2.346857803313413,-0.03695884510764813
MLI,2008,32.439,32.33023955050226,0.598688214296539,31.156810650481045,33.50366845052348,2.3468578000424327,0.4848789169147629
MLI,2009,32.464,32.486860385406196,0.5986882142339627,31.31343148550763,33.66028928530476,2.346857799797134,0.15778282454812853
MLI,2010,33.269,32.91761506932183,0.59868821422927,31.744186169432464,34.0910439692112,2.3468577997787383,0.8482084142885284
MLI,2011,32.767,32.141073733619244,0.5986882142289182,30.967644833730564,33.31450263350792,2.346857799777359,-0.2697203417147449
MLI,2012,25.629,27.57859998278511,0.5986882142288917,26.405171082896484,28.752028882673738,2.3468577997772555,-7.211862210927084
MLI,2013,27.35,27.413325643125486,0.5986882142288898,26.239896743236862,28.58675454301411,2.346857799777248,-0.25394962528273624
MLI,2014,27.117,27.37278690536587,0.5986882142288896,26.199358005477247,28.546215805254494,2.3468577997772475,-0.3025434414336061
MLI,2015,28.688,28.5002944044816,0.5986882142288895,27.326865504592977,29.673723304370224,2.346857799777247,1.4881492689660973
MLI,2016,30.338,29.933475854823776,0.59868821422889,28.760046954935152,31.1069047547124,2.3468577997772484,2.0575257894772854
MLI,2017,31.244,30.969626381581776,0.5986882142289112,29.79619748169311,32.14305528147044,2.346857799777332,1.4694480621081425
MLI,2018,32.413,31.804360896398425,0.5986882142301072,30.630931996507414,32.977789796289436,2.34685779978202,1.5714045128366223
MLI,2019,30.454,30.641790562769337,0.5986882142977402,29.468361662745767,31.815219462792907,2.3468578000471414,-1.5286749794952854
MLI,2020,28.647,29.13680736731775,0.5986882181222035,27.963378459798232,30.31023627483727,2.3468578150390376,-2.225623649431217
MLI,2021,27.917,28.356558995299576,0.5986884343849987,27.183129663904978,29.529988326694173,2.346858662789195,-1.339481221896449
MLI,2022,29.128,28.830844766491097,0.598700663321665,27.657391466380634,30.00429806660156,2.346906600220927,0.8441865668135584
MLI,2023,28.704,28.400688938610248,0.5993917699650303,27.22588106947879,29.575496807741708,2.349615738262919,-0.192821714137704
MLI,2024,25.069,26.078895414967594,0.6372536011288112,24.829878356755124,27.327912473180064,2.49803411642494,-3.687803722664814
MLT,2000,51.615,51.89601111218021,0.7362357736178399,50.45298899588924,53.33903322847118,2.8860442325819324,0.0
MLT,2001,52.681,52.70450586496336,0.6574320599039464,51.41593902755162,53.993072702375095,2.57713367482347,1.0659999999999954
MLT,2002,54.551,54.033244707016884,0.6485044342011514,52.762176015982625,55.30431339805114,2.5421373820685136,2.1955410549532886
MLT,2003,54.72,54.8281997799528,0.6475243421474983,53.5590520693437,56.097347490561894,2.5382954212181934,0.888826233132356
MLT,2004,57.054,56.414529270624776,0.647417174661365,55.1455916082885,57.68346693296105,2.5378753246725507,2.6275719987157444
MLT,2005,57.426,57.319423480991524,0.6474054617093319,56.050508776041234,58.588338185941815,2.537829409900581,1.2405635643365116
MLT,2006,58.982,58.518417071188004,0.6474041815955611,57.249504875260705,59.787329267115304,2.5378243918545995,1.9661135781394705
MLT,2007,59.43,59.254690238522144,0.6474040416920976,57.985778316805636,60.52360216023865,2.537823843433023,1.0979768631852949
MLT,2008,60.6,59.99600611103741,0.6474040264020757,58.72709421928934,61.26491800278548,2.537823783496137,1.5329802031545938
MLT,2009,59.289,59.61203380824492,0.6474040247310323,58.343121919772095,60.88094569671774,2.5378237769456464,-0.8042119719240546
MLT,2010,60.172,59.837857987503924,0.6474040245484043,58.56894609938905,61.106769875618795,2.537823776229745,0.617135506985413
MLT,2011,58.783,59.323859325231616,0.6474040245284449,58.05494743715587,60.592771213307365,2.537823776151504,-1.1849811285597838
MLT,2012,60.138,59.9128828688772,0.6474040245262634,58.64397098080572,61.181794756948676,2.5378237761429525,0.9632570038080601
MLT,2013,60.554,60.28152963803865,0.6474040245260251,59.01261774996764,61.55044152610966,2.537823776142018,0.7344432019094214
MLT,2014,60.129,60.164327455310804,0.6474040245259999,58.895415567239844,61.433239343381764,2.5378237761419196,-0.1822003692550851
MLT,2015,60.184,60.065945707243266,0.6474040245260169,58.79703381917227,61.33485759531426,2.537823776141986,-0.005233633127410542
MLT,2016,59.136,59.59278573017178,0.6474040245264991,58.323873842099836,60.86169761824372,2.5378237761438767,-1.049730187150594
MLT,2017,60.466,60.02632970897299,0.6474040245383252,58.75741782087787,61.295241597068106,2.5378237761902347,0.9829696222125932
MLT,2018,59.345,59.57321324734292,0.6474040248281095,58.30430135867982,60.84212513600602,2.5378237773261896,-0.7960400021591099
MLT,2019,59.226,59.4351587434027,0.647404031928818,58.16624684082222,60.70407064598319,2.5378238051609667,-0.38216292135317076
MLT,2020,59.83,59.762303473038315,0.6474042059205234,58.49339122943409,61.03121571664254,2.5378244872084514,0.4776607324463811
MLT,2021,59.769,60.11865477621115,0.6474084692999039,58.84973417638334,61.38757537603896,2.5378411996556234,0.09690989576571951
MLT,2022,62.445,61.62637501552124,0.647512927957239,60.357249676725054,62.89550035431743,2.538250677592377,2.7080374493851664
MLT,2023,63.408,61.92905220650167,0.6500672788609949,60.65492033993412,63.203184073069224,2.5482637331351,1.858250294433759
MLT,2024,56.4,58.513687427528566,0.709791156199948,57.12249676137667,59.904878093680466,2.7823813323037965,-6.393680902012214
MMR,2000,22.387,21.763501021182137,1.2411045896035156,19.330936025559247,24.196066016805027,4.865129991245781,0.0
MMR,2001,20.961,21.03712278557355,1.041412309908575,18.995954658152744,23.07829091299436,4.082336254841614,-1.426000000000002
MMR,2002,18.611,19.966344652674053,0.977740808690668,18.049972667640343,21.882716637707762,3.8327439700674186,-2.98517371088899
MMR,2003,18.652,19.45614205541654,0.9572660405928151,17.579900615854623,21.332383494978455,3.752482879123835,-1.5402411997540817
MMR,2004,19.076,19.337314541965902,0.9506979936301005,17.473946474450905,21.2006826094809,3.726736135029994,-0.4299851249131237
MMR,2005,19.756,19.384846911894115,0.9485940174748277,17.525602637643452,21.24409118614478,3.7184885485013246,0.4382780412307312
MMR,2006,18.424,19.083067947907168,0.9479203908882239,17.225143981766248,20.940991914048087,3.7158479322818376,-1.0845428800746149
MMR,2007,19.176,19.19518743146946,0.9477047544806869,17.337686112687315,21.052688750251605,3.7150026375642926,0.13880612031237405
MMR,2008,20.016,19.434116130807027,0.9476357304282923,17.576750099167572,21.29148216244648,3.714732063278906,0.9185148274283108
MMR,2009,19.065,19.281837204127676,0.9476136366016665,17.42451447638841,21.139159931866942,3.7146454554785326,-0.43137426496309317
MMR,2010,18.313,19.215273345706596,0.9476065646561568,17.357964478980527,21.072582212432664,3.7146177334521346,-0.9960497501721868
MMR,2011,20.756,20.04389746333983,0.947604301022925,18.186593033334898,21.901201893344766,3.714608860009866,1.8794772458613487
MMR,2012,21.858,20.903055332207195,0.9476035764652712,19.045752322335264,22.760358342079126,3.714606019743863,2.16533353762874
MMR,2013,21.916,21.563798370100958,0.9476033445446229,19.7064958147935,23.421100925408417,3.714605110614922,1.2830614859836977
MMR,2014,22.555,22.477932955615508,0.9476032703122474,20.620630545803504,24.33523536542751,3.71460481962401,1.3649066236056306
MMR,2015,25.611,24.1783538185216,0.9476032465775714,22.32105145522956,26.03565618181364,3.71460472658408,3.8282115581755463
MMR,2016,27.032,25.97188455841345,0.9476032392900807,24.11458220940489,27.82918690742201,3.7146046980171166,3.5868546490365993
MMR,2017,30.783,28.342656325095987,0.947603240634805,26.48535397345177,30.199958676740206,3.714604703288436,5.780304237761754
MMR,2018,33.166,30.37278128590806,0.9476032847369928,28.515478847823555,32.230083723992564,3.714604876169012,5.653273565972956
MMR,2019,32.875,31.363922592171082,0.9476038174940459,29.506619109882752,33.22122607445941,3.7146069645766597,2.9074045083207025
MMR,2020,32.959,31.691265373712998,0.9476101473139049,29.833949484977744,33.54858126244825,3.7146317774705073,1.7288975240905593
MMR,2021,31.008,30.982885210720823,0.947685317204558,29.12542198899989,32.84034843244176,3.714926443441867,-0.9728563501882732
MMR,2022,27.691,29.575083872283525,0.9485775708960269,27.715871833327313,31.434295911239737,3.7184240779124256,-3.86740466418971
MMR,2023,27.157,28.831592299900276,0.9591104105465782,26.951735895228982,30.71144870457157,3.7597128093425867,-2.722028648939556
MMR,2024,29.765,29.16077747212817,1.0763453496634094,27.051140586787888,31.270414357468454,4.219273770680565,1.0679809990678137
MNE,2002,23.639,24.251118671481816,2.079080607742658,20.176120680306205,28.326116662657427,8.149995982351218,0.0
MNE,2003,24.798,25.154785627924955,1.7360132925880558,21.752199574452366,28.557371681397544,6.805172106945179,1.158999999999999
MNE,2004,28.261,27.243151327804934,1.6316312556125234,24.04515406680439,30.44114858880548,6.395994522001092,3.9737796556833587
MNE,2005,30.732,30.21533513326854,1.5994255722396704,27.080461011678786,33.35020925485829,6.2697482431795075,4.544539526186895
MNE,2006,42.143,36.011528738405204,1.5894976697609087,32.89611330567382,39.126944171136586,6.230830865462762,13.887149415403123
MNE,2007,46.427,40.61145677030552,1.5864398149706431,37.50203473296306,43.720878807647985,6.218844074684921,11.94685617995168
MNE,2008,46.386,43.03186931749628,1.5854982749533406,39.924292698587735,46.139445936404826,6.215153237817095,6.576525586053499
MNE,2009,44.722,43.91737482876956,1.5852083964581596,40.81036637171157,47.024383285827554,6.214016914115986,1.9831070388757226
MNE,2010,45.552,44.81100789016469,1.5851191524186512,41.70417435142413,47.91784142890525,6.213667077481112,1.9301576795060598
MNE,2011,47.13,45.80873023518061,1.585091677392675,42.701950547490966,48.91550992287026,6.213559375379286,2.648902207568753
MNE,2012,46.557,46.25772899483552,1.5850832188475894,43.150965885894244,49.36449210377679,6.21352621788255,0.8967308193354881
MNE,2013,47.346,46.85740898485749,1.5850806147766399,43.750650979895276,49.96416698981971,6.213516009924428,1.2865520774333987
MNE,2014,48.288,47.53867491029313,1.5850798130805734,44.431918476655206,50.64543134393106,6.213512867275848,1.6558471430219797
MNE,2015,48.571,48.051092765523414,1.5850795662706754,44.94433681563289,51.15784871541394,6.2135118997810475,1.2017524954647882
MNE,2016,48.72,48.49534688990558,1.5850794903254204,45.38859108886776,51.602102690943404,6.213511602075648,0.8157967196980778
MNE,2017,50.356,49.184896553112665,1.5850794675648303,46.078140796685595,52.291652309539735,6.213511512854135,2.08864780404366
MNE,2018,48.977,49.147969965091505,1.5850794706010087,46.041214202713526,52.254725727469484,6.213511524755954,-0.22010606647796038
MNE,2019,48.796,49.29569219143954,1.585079634196078,46.18893610841523,52.40244827446386,6.213512166048625,-0.30312666346384987
MNE,2020,51.486,50.29828825196386,1.585082318986729,47.19152690674987,53.40504959717785,6.213522690427977,2.52180905138011
MNE,2021,52.133,50.93802173740637,1.5851258117593288,47.83117514635809,54.044868328454655,6.213693182096569,2.0462350659734625
MNE,2022,50.739,50.757714876578014,1.5858300529489218,47.64948797279813,53.8659417803579,6.216453807559773,-0.2586389159732647
MNE,2023,50.825,50.380292916919544,1.5971926241559595,47.24979537357386,53.51079046026523,6.260995086691361,-0.05750675780978298
MNE,2024,46.548,48.93881342835929,1.7710974209766468,45.467462483245065,52.41016437347351,6.942701890228455,-4.30890783697258
MNG,2000,44.013,43.94849632860639,0.5694902338502346,42.83229547025993,45.06469718695285,2.2324017166929195,0.0
MNG,2001,43.333,43.60023819805899,0.5219905958888005,42.57713663011694,44.62333976600104,2.046203135884098,-0.6799999999999997
MNG,2002,44.434,44.272999704355705,0.5188451975250236,43.25606311720666,45.28993629150475,2.0338731742980922,0.9358421909908401
MNG,2003,44.946,44.78016818573245,0.5186421054372048,43.76362965907553,45.79670671238937,2.0330770533138427,0.7489105271875829
MNG,2004,45.021,44.94233559357486,0.5186290157843566,43.92582272263752,45.9588484645122,2.033025741874678,0.2650827012452268
MNG,2005,44.913,44.866286666621185,0.5186281722311098,43.84977544904821,45.88279788419416,2.0330224351459503,-0.0407074767511304
MNG,2006,44.315,44.48478460303021,0.5186281178693382,43.468273492006304,45.50129571405411,2.0330222220478054,-0.6083339010346549
MNG,2007,44.562,44.58746636239462,0.5186281143660612,43.57095525823714,45.6039774665521,2.03302220831496,0.09256972809633623
MNG,2008,45.068,44.91492480999053,0.5186281141402966,43.89841370627555,45.93143591370551,2.033022207429963,0.52949954341954
MNG,2009,44.879,44.790152349257774,0.5186281141257476,43.773641245571305,45.80666345294424,2.0330222073729307,-0.05458243387927553
MNG,2010,43.805,44.10332271634958,0.51862811412481,43.08681161266495,45.11983382003421,2.0330222073692554,-1.0878561742074027
MNG,2011,44.164,44.25153054113301,0.5186281141247495,43.2350194374485,45.268041644817515,2.0330222073690183,0.08283927224751864
MNG,2012,45.089,44.97752277094904,0.5186281141247457,43.961011667264536,45.99403387463354,2.033022207369003,0.9460293918008418
MNG,2013,46.114,45.8380653115216,0.5186281141247454,44.8215542078371,46.854576415206104,2.033022207369002,1.2651568989627862
MNG,2014,46.214,46.14057476740236,0.5186281141247454,45.12406366371786,47.15708587108686,2.033022207369002,0.421169891960659
MNG,2015,46.469,46.36455187650986,0.5186281141247454,45.34804077282536,47.38106298019436,2.033022207369002,0.36191724386831936
MNG,2016,46.127,46.28047272284598,0.5186281141247456,45.26396161916148,47.29698382653048,2.0330222073690027,-0.25012450044165746
MNG,2017,47.115,46.88218983488435,0.5186281141247588,45.86567873119982,47.89870093856888,2.0330222073690547,0.9245039554782366
MNG,2018,46.836,46.89477790910576,0.5186281141255373,45.878266805419706,47.91128901279182,2.0330222073721065,-0.04430750000923922
MNG,2019,47.308,47.21263448022882,0.5186281141715409,46.196123376452604,48.22914558400504,2.03302220755244,0.46075219745259943
MNG,2020,47.183,47.357084014044545,0.518628116890227,46.3405729049397,48.37359512314939,2.0330222182096898,-0.00803448086335834
MNG,2021,48.651,48.507627251372114,0.5186282775572918,47.49111582735982,49.52413867538441,2.0330228480245838,1.4659603847135827
MNG,2022,50.516,50.037539560794535,0.5186377724630407,49.021009526766974,51.054069594822096,2.033060068055119,2.237145414345882
MNG,2023,51.79,50.63577649736915,0.5191985876693938,49.61814726553714,51.65340572920116,2.0352584636640234,1.841916715796117
MNG,2024,44.248,46.043895159604965,0.5513291681853532,44.96328998996167,47.12450032924826,2.1612103392865842,-7.074415154912607
MOZ,2000,25.27,25.802094182568958,0.4724860873092601,24.876021451442806,26.72816691369511,1.8521454622522997,0.0
MOZ,2001,29.514,28.700254852908714,0.43038873305747744,27.85669293611606,29.54381676970137,1.6871238335853116,4.244
MOZ,2002,31.153,30.486909655894372,0.4273042253316653,29.64939337424431,31.324425937544436,1.675032563300128,2.7177595785264934
MOZ,2003,30.981,30.87972930273234,0.427083700190966,30.042645250358046,31.716813355106634,1.6741681047485866,0.5514199337725145
MOZ,2004,31.336,31.19513406759355,0.427067964903238,30.358080856383204,32.032187278803896,1.674106422420693,0.5022485699257722
MOZ,2005,31.244,31.1490500597859,0.42706684229120917,30.311999048895128,31.98610107067667,1.6741020217815399,0.04214863119682377
MOZ,2006,30.205,30.574878002199238,0.42706676220083944,29.737827148285593,31.411928856112883,1.6741017078272906,-1.0277420823443713
MOZ,2007,31.42,31.22914918235291,0.4270667564869664,30.392098339638455,32.06620002506736,1.6741016854289084,0.940489326313589
MOZ,2008,31.85,31.643214226810922,0.42706675607932254,30.80616338489545,32.480265068726396,1.6741016838309444,0.6812054185042093
MOZ,2009,31.427,31.47283081380571,0.42706675605024,30.63577997194724,32.30988165566418,1.674101683716941,-0.24104951054262358
MOZ,2010,31.2,31.345542478493833,0.4270667560481653,30.50849163663943,32.18259332034824,1.6741016837088079,-0.29138450906843616
MOZ,2011,31.911,31.810093208356438,0.4270667560480172,30.973042366502323,32.64714405021055,1.6741016837082274,0.6331709742332663
MOZ,2012,32.516,32.278075636224166,0.4270667560480067,31.441024794370072,33.11512647807826,1.6741016837081863,0.7741204526486385
MOZ,2013,32.078,32.06432735356732,0.427066756048006,31.22727651171323,32.901378195421415,1.6741016837081835,-0.23123183360534227
MOZ,2014,31.28,31.54680370691047,0.4270667560480059,30.70975286505638,32.38385454876456,1.6741016837081832,-0.8597622000336855
MOZ,2015,31.965,31.801745177087263,0.4270667560480059,30.964694335233172,32.638796018941356,1.6741016837081832,0.45535685722013497
MOZ,2016,31.286,31.516150183384728,0.42706675604800604,30.679099341530637,32.35320102523882,1.6741016837081837,-0.5573738343296597
MOZ,2017,32.439,32.07374183234993,0.4270667560480138,31.236690990495823,32.91079267420404,1.674101683708214,1.004125021530708
MOZ,2018,31.431,31.407888148561295,0.4270667560484941,30.570837306706245,32.244938990416344,1.6741016837100968,-0.7397974369201457
MOZ,2019,29.254,29.893682884504955,0.42706675607817,29.05663204259174,30.73073372641817,1.6741016838264264,-2.37460046257927
MOZ,2020,30.066,29.930903228157757,0.4270667579117884,29.093852382650653,30.76795407366486,1.6741016910142104,0.1777423959184823
MOZ,2021,29.071,29.32977160765189,0.427066871207495,28.492720540085198,30.16682267521858,1.6741021351333802,-0.9475248697810343
MOZ,2022,29.368,29.36878740954916,0.4270738714712224,28.531722621465565,30.205852197632755,1.6741295761671917,0.04391538084592028
MOZ,2023,29.869,29.45466242276081,0.4275061818428342,28.616750306348855,30.29257453917276,1.67582423282391,0.512729831892397
MOZ,2024,26.757,27.551637993989544,0.4534189594803732,26.66293683340801,28.440339154571078,1.777402321163063,-2.975049468808759
MRT,2000,23.394,23.602347306204972,0.5815106076797183,22.462586515152726,24.74210809725722,2.2795215821044956,0.0
MRT,2001,24.594,24.410173208791242,0.5219692139038158,23.387113549539762,25.433232868042722,2.046119318502958,1.2000000000000028
MRT,2002,25.732,25.220214809761945,0.5161392542554452,24.208581871421273,26.231847748102616,2.023265876681345,1.4834757600062076
MRT,2003,24.674,24.924650819446782,0.5155837496622455,23.91410667010878,25.935194968784785,2.0210882986760024,-0.6036757680517084
MRT,2004,25.128,25.2584158752112,0.5155309772363111,24.24797515982803,26.268856590594368,2.0208814307663396,0.26807487585798384
MRT,2005,26.97,26.357157558411892,0.5155259653531625,25.346726666319693,27.36758845050409,2.020861784184397,1.9246080085082689
MRT,2006,26.173,26.255343945011123,0.5155254893795493,25.244913985827207,27.26577390419504,2.0208599183678335,-0.2038967221983583
MRT,2007,27.01,26.355971250517236,0.5155254441769215,25.34554137993047,27.366401121104,2.020859741173532,0.7741651809565937
MRT,2008,23.325,24.21307392890988,0.5155254398840846,23.202644066737072,25.223503791082685,2.0208597243456117,-3.4464255356777223
MRT,2009,23.161,23.315531888716993,0.5155254394763993,22.30510202734325,24.325961750090737,2.020859722747485,-1.2260849166246572
MRT,2010,21.463,22.163703876532885,0.515525439437682,21.153274015235027,23.174133737830743,2.0208597225957137,-2.075842575831789
MRT,2011,22.517,22.478295665289682,0.5155254394340051,21.467865803999032,23.488725526580332,2.0208597225813,0.41428761503754075
MRT,2012,23.118,22.937182385441233,0.5155254394336558,21.92675252415127,23.947612246731197,2.0208597225799307,0.7286710100137164
MRT,2013,23.258,23.162775767261763,0.5155254394336227,22.152345905971863,24.173205628551663,2.020859722579801,0.3645545375718413
MRT,2014,22.968,23.251082835827862,0.5155254394336196,22.24065297453797,24.261512697117755,2.0208597225797886,-0.17765523195076938
MRT,2015,24.722,24.428825159154027,0.5155254394336195,23.418395297864134,25.43925502044392,2.0208597225797886,1.6992519890187694
MRT,2016,26.181,25.61765092169202,0.5155254394336289,24.607221060402107,26.628080782981936,2.0208597225798255,1.9826584677701078
MRT,2017,25.624,25.86341109917847,0.5155254394339904,24.85298123788785,26.873840960469092,2.0208597225812426,0.05399583937721175
MRT,2018,27.48,27.184112379137297,0.5155254394476971,26.17368251781981,28.194542240454783,2.020859722634973,1.872639897258889
MRT,2019,29.455,28.63455084456336,0.5155254399674617,27.624120982227137,29.644980706899585,2.02085972467245,2.552091417647844
MRT,2020,28.488,28.45932884546864,0.5155254596771904,27.448898944501348,29.469758746435932,2.0208598019345865,-0.1805220143856161
MRT,2021,27.832,28.024499135378726,0.5155262070792939,27.01406776950331,29.03493050125414,2.020862731750832,-0.7116314672943425
MRT,2022,27.899,27.88624344101598,0.5155545481371265,26.875756526667214,28.89673035536475,2.020973828697536,-0.15230346186944033
MRT,2023,28.027,27.578354817414763,0.5166281077693609,26.565763726186816,28.59094590864271,2.0251821824558944,0.08106464374086997
MRT,2024,24.231,25.393114673215177,0.5558099198749664,24.303727230260243,26.48250211617011,2.1787748859098683,-3.7710183095820966
MUS,2000,50.33,50.31760558935494,0.6171290829814979,49.108032586711204,51.52717859199868,2.419146005287472,0.0
MUS,2001,50.259,50.26857101677185,0.5602836745681334,49.17041501461831,51.366727018925395,2.196312004307083,-0.07099999999999795
MUS,2002,50.266,50.22190652066985,0.5556076613915008,49.132915504342506,51.31089753699719,2.177982032654683,-0.011949516410041383
MUS,2003,49.698,49.9811454662917,0.5552339974587958,48.89288683127246,51.06940410131094,2.176517270038479,-0.5713586086681488
MUS,2004,50.844,50.60067522981553,0.555204214789673,49.51247496882777,51.68887549080329,2.176400521975518,0.9847680132258034
MUS,2005,50.909,50.776807178007516,0.5552018414728778,49.688611568720674,51.86500278729436,2.1763912185736807,0.34298037751312904
MUS,2006,50.662,50.59702307071541,0.5552016523515081,49.508827832106455,51.68521830932436,2.1763904772179115,-0.15018103013478878
MUS,2007,49.651,50.05131914206729,0.5552016372811032,48.96312393299633,51.13951435113825,2.1763904181419242,-1.05339426762864
MUS,2008,50.696,50.57459740733219,0.5552016360801967,49.486402200615004,51.66279261404938,2.176390413434371,0.7476396367942968
MUS,2009,50.967,51.03021965105997,0.5552016359845008,49.942024444530354,52.11841485758959,2.176390413059243,0.4820495600928325
MUS,2010,52.329,52.04312461917026,0.555201635976875,50.95492941265558,53.13131982568493,2.17639041302935,1.4980767175753797
MUS,2011,52.798,52.73948240530811,0.5552016359762674,51.65128719879463,53.82767761182159,2.1763904130269682,0.8918888050038873
MUS,2012,54.178,53.72166616160992,0.555201635976219,52.63347095509653,54.80986136812331,2.176390413026778,1.6317693429995472
MUS,2013,53.784,53.743493903518896,0.5552016359762151,52.65529869700551,54.83168911003228,2.176390413026763,0.06662860427116613
MUS,2014,53.599,53.63321763022652,0.5552016359762149,52.545022423713135,54.7214128367399,2.176390413026762,-0.16619155680817954
MUS,2015,53.78,53.56869028421531,0.5552016359762151,52.480495077701924,54.65688549072869,2.176390413026763,0.13408614836856714
MUS,2016,52.142,52.687102166660495,0.5552016359762278,51.59890696014709,53.7752973731739,2.1763904130268132,-1.600149114003095
MUS,2017,53.225,53.1617966474138,0.5552016359766959,52.07360144089948,54.24999185392812,2.1763904130286478,0.6312974011179051
MUS,2018,53.936,53.74629469220239,0.5552016359940156,52.65809948565412,54.83448989875066,2.176390413096541,0.8892075646931943
MUS,2019,53.96,54.05788250999071,0.5552016366347692,52.969687302186564,55.14607771779486,2.176390415608295,0.27501246152785797
MUS,2020,55.173,54.949921818850015,0.5552016603398661,53.861726564583876,56.038117073116155,2.176390508532275,1.2906326671745774
MUS,2021,55.846,55.66782022068645,0.5552025373247917,54.57962324752986,56.75601719384304,2.1763939463131834,1.0373298770490393
MUS,2022,56.406,56.25049670176548,0.5552349809848787,55.162236139035116,57.33875726449584,2.176521125460724,0.8528255856036395
MUS,2023,58.028,56.68371573482267,0.5564339259738862,55.593105239913854,57.774326229731486,2.181220989817634,1.8627422721040006
MUS,2024,50.566,52.523996437459076,0.599105692450868,51.349749280255374,53.69824359466278,2.3484943144074024,-6.93617055198564
MWI,2000,36.579,36.497199371610456,0.40248232940768663,35.70833400597139,37.286064737249525,1.5777307312781317,0.0
MWI,2001,35.78,35.85552876693149,0.375266311073833,35.12000679722678,36.591050736636205,1.4710439394094255,-0.7989999999999995
MWI,2002,34.845,35.048080415922556,0.3740283475931263,34.31498485464003,35.78117597720508,1.466191122565055,-1.0986932677709689
MWI,2003,34.838,34.78676243832017,0.37397323166148844,34.05377490426365,35.51974997237669,1.4659750681130346,-0.2384072155162329
MWI,2004,33.595,33.85000105892627,0.3739707803418158,33.11701832945631,34.58298378839623,1.4659654589399178,-1.2932742845372331
MWI,2005,33.55,33.68635015996034,0.3739706713226583,32.95336764416793,34.41933267575275,1.4659650315848205,-0.3177347809385793
MWI,2006,34.609,34.32627172736645,0.3739706664741873,33.59328922107704,35.059254233655864,1.4659650125788142,0.9919936933085083
MWI,2007,33.471,33.64772732374962,0.37397066625855846,32.91474481788285,34.38070982961639,1.4659650117335492,-0.9288008669024563
MWI,2008,33.274,33.471050591985254,0.3739706662489687,32.738068086137275,34.20403309783323,1.4659650116959573,-0.3928725528267165
MWI,2009,34.832,34.52490297743748,0.3739706662485422,33.79192047159034,35.25788548328462,1.4659650116942853,1.4751480641156576
MWI,2010,34.483,34.56175465589656,0.3739706662485232,33.82877215004945,35.29473716174366,1.465965011694211,-0.03790961725423614
MWI,2011,35.417,35.21474468036185,0.3739706662485224,34.48176217451474,35.94772718620895,1.4659650116942078,0.9260053331402816
MWI,2012,35.221,35.15040254310877,0.3739706662485224,34.417420037261664,35.88338504895587,1.4659650116942078,-0.0007169904371266966
MWI,2013,34.249,34.497517054079744,0.3739706662485224,33.76453454823264,35.23049955992685,1.4659650116942078,-0.9721512043671581
MWI,2014,34.778,34.8989680571607,0.3739706662485224,34.1659855513136,35.631950563007805,1.4659650116942078,0.3239854000352267
MWI,2015,37.224,36.64580476513745,0.3739706662485224,35.912822259290344,37.37878727098455,1.4659650116942078,2.5143244919969874
MWI,2016,36.052,36.20326030831553,0.3739706662485224,35.47027780246842,36.93624281416263,1.4659650116942078,-0.641760231132011
MWI,2017,36.433,36.35018360410413,0.3739706662485225,35.61720109825703,37.083166109951236,1.4659650116942082,0.2456607477645676
MWI,2018,36.042,36.064019641529875,0.37397066624853625,35.33103713568274,36.79700214737701,1.4659650116942622,-0.33919320317276913
MWI,2019,35.455,35.607111237994445,0.37397066624998115,34.874128732144484,36.340093743844406,1.465965011699926,-0.6585316285644112
MWI,2020,35.554,35.72924795253168,0.37397066640113835,34.99626544638545,36.46223045867791,1.4659650122924623,-0.039876131395800485
MWI,2021,37.675,37.26887401645262,0.3739706822147287,36.53589147931175,38.00185655359349,1.4659650742817365,2.112590619762102
MWI,2022,37.702,37.63240298943184,0.373972336579106,36.89941720973679,38.36538876912689,1.4659715593900955,0.47251909091321664
MWI,2023,38.444,37.90972436845428,0.37414537056202535,37.17639944215271,38.64304929475585,1.4666498526031393,0.841648400335373
MWI,2024,33.642,34.61725098069307,0.39182571090799495,33.8492725873134,35.38522937407274,1.5359567867593402,-4.624506818558061
MYS,2000,49.416,48.36550697982675,0.9793625972650885,46.44595628918717,50.28505767046632,3.839101381279147,0.0
MYS,2001,46.089,47.659435194004175,0.8272069088359695,46.03810965268568,49.28076073532267,3.2426510826370003,-3.326999999999998
MYS,2002,47.07,47.680191583122905,0.7687349794481532,46.173471023404524,49.18691214284129,3.0134411194367603,-0.5713530052883371
MYS,2003,48.12,48.08486820790998,0.7460857244665239,46.62254018795559,49.54719622786436,2.9246560399087738,0.7264037071584895
MYS,2004,49.381,48.69901955980632,0.7373350778202694,47.25384280727859,50.144196312334046,2.890353505055456,1.697053478795084
MYS,2005,49.955,49.26496802190833,0.7339612216235704,47.82640402752613,50.70353201629053,2.877127988764396,1.6139014677916137
MYS,2006,49.966,49.75564936398582,0.732661682448674,48.319632466386416,51.19166626158522,2.872033795198802,1.0075684007391246
MYS,2007,51.0,50.42090197275746,0.7321613286756411,48.985865768553204,51.85593817696172,2.870072408408513,1.65798282661369
MYS,2008,51.833,51.14408569373387,0.731968711141602,49.70942701989633,52.57874436757141,2.86931734767508,1.8609310912220636
MYS,2009,53.017,51.89439032084293,0.7318945651689297,50.459876973111825,53.328903668574036,2.8690266954622046,2.338252877511202
MYS,2010,53.146,52.423305844913216,0.7318660241863354,50.988848437508,53.857763252318435,2.868914814810435,1.5795542257936361
MYS,2011,53.151,52.83825909924053,0.7318550380190162,51.40382322472326,54.2726949737578,2.8688717490345432,0.9849516936595037
MYS,2012,53.6,53.31949028394012,0.7318508091825514,51.88506269794232,54.75391786993792,2.8688551719956017,1.0600766603980816
MYS,2013,54.127,53.92791336845591,0.7318491814760261,52.4934889727629,55.362337764148926,2.8688487913860223,1.1846913534129726
MYS,2014,55.526,54.792399890674034,0.7318485554446069,53.357976722002604,56.22682305934546,2.868846337342859,2.1340073029122024
MYS,2015,56.696,55.74474349937806,0.7318483179653974,54.31032079616588,57.17916620259024,2.8688454064243576,2.4939846298378896
MYS,2016,57.295,56.70625388447295,0.7318482504204725,55.271831313648825,58.140676455297076,2.868845141648252,2.146323239155265
MYS,2017,59.993,57.90458888463358,0.7318483873872582,56.47016604535456,59.339011723912606,2.8688456785580523,4.029626696602428
MYS,2018,59.607,58.568633209626654,0.7318495528840762,57.13420808597387,60.00305833327944,2.8688502473055784,2.1140702671986134
MYS,2019,59.83,59.009410118076694,0.7318575997711552,57.57496922252523,60.443851013628155,2.868881791102928,1.534616379829842
MYS,2020,59.753,59.221564688901914,0.7319125777041412,57.7870160366018,60.65611334120203,2.8690973046002335,0.8751102659305587
MYS,2021,60.164,59.24011951236135,0.7322878837760103,57.804835260160374,60.67540376456233,2.87056850440196,0.9539379503245584
MYS,2022,57.31,58.704514530332126,0.7348454508927266,57.264217446582386,60.14481161408187,2.880594167499488,-2.2621555930085293
MYS,2023,58.328,58.6900332853011,0.7520767517180508,57.21596285193372,60.16410371866848,2.948140866734759,-0.38549184756969623
MYS,2024,59.413,58.88822678367946,0.860563912920074,57.20152151435611,60.574932053002804,3.3734105386466897,0.845832249036718
NAM,2000,41.929,42.10120900833405,0.7707704237500529,40.59049897778395,43.61191903888415,3.021420061100207,0.0
NAM,2001,43.166,42.844264129403314,0.6952676510916992,41.481539533263586,44.20698872554304,2.7254491922794606,1.2369999999999948
NAM,2002,42.989,42.956375819489296,0.6885422468559833,41.60683301565157,44.305918623327024,2.6990856076754546,0.16513943511323959
NAM,2003,43.375,43.0445674070343,0.687958840513746,41.696168079627355,44.392966734441245,2.6967986548138843,0.43431926557180844
NAM,2004,41.914,41.90305830853824,0.6879083647746748,40.55475791357988,43.25135870349661,2.696600789916725,-1.3333215268199652
NAM,2005,38.827,39.63342987740444,0.687903998668426,38.285138040014324,40.98172171479455,2.69658367478023,-3.4791202910378516
NAM,2006,37.85,38.41267346559608,0.6879036210116679,37.06438236841321,39.760964562778945,2.696582194365738,-2.000220130550467
NAM,2007,38.367,38.26852240900187,0.6879035883454034,36.92023137584488,39.61681344215886,2.6965820663139812,-0.07127276150630024
NAM,2008,37.103,37.5959535606772,0.6879035855198623,36.247662533058275,38.94424458829613,2.6965820552378603,-1.2849616104617496
NAM,2009,38.191,38.24375640620628,0.6879035852754609,36.89546537906638,39.59204743334618,2.6965820542798067,0.7100875299646887
NAM,2010,40.247,39.71681849857756,0.6879035852543208,38.36852747147909,41.06510952567603,2.6965820541969374,2.264839649940761
NAM,2011,40.853,40.48217539904849,0.6879035852524923,39.1338843719536,41.830466426143374,2.69658205418977,1.2720986143064508
NAM,2012,40.584,40.50078497019742,0.6879035852523342,39.15249394310285,41.849075997292,2.69658205418915,0.10512941100941475
NAM,2013,39.975,40.20630303257305,0.6879035852523205,38.8580120054785,41.55459405966759,2.6965820541890966,-0.5780810097751683
NAM,2014,40.547,40.55141380262403,0.6879035852523193,39.203122775529486,41.89970482971858,2.6965820541890917,0.40198400810213286
NAM,2015,41.387,41.24200059532625,0.6879035852523193,39.893709568231706,42.5902916224208,2.6965820541890917,0.9582251426857056
NAM,2016,42.145,42.012433444221394,0.687903585252323,40.66414241712684,43.36072447131595,2.696582054189106,1.0398179378674755
NAM,2017,43.35,42.988003553214135,0.6879035852524824,41.63971252611927,44.336294580309,2.696582054189731,1.5108147130079388
NAM,2018,43.459,43.451666670114896,0.6879035852594959,42.10337564300629,44.799957697223505,2.696582054217224,0.5533367930488424
NAM,2019,44.66,44.326762571691084,0.6879035855678834,42.97847154397803,45.67505359940414,2.696582055426103,1.3637386164447207
NAM,2020,44.647,44.7087941605607,0.6879035991279648,43.36050310626989,46.05708521485151,2.696582108581622,0.38808111085408115
NAM,2021,46.012,45.69946815320457,0.6879041953767652,44.35117593026611,47.04776037614303,2.6965844458769195,1.479136243680351
NAM,2022,46.711,46.38920597075811,0.6879304124659221,45.04086236232491,47.73754957919132,2.696687216866415,1.1340200255137276
NAM,2023,47.73,46.45523519201022,0.6890822154363839,45.10463404975491,47.805836334265535,2.701202284510625,1.3525199326903063
NAM,2024,39.094,41.516893747688584,0.7379527315006157,40.070506393947376,42.96328110142979,2.8927747074824133,-8.238218349972414
NER,2000,24.584,24.60629393082547,0.5995388905100367,23.4311977054258,25.78139015622514,2.350192450799344,0.0
NER,2001,24.631,24.64575325290379,0.5111636044713553,23.643872588139935,25.647633917667648,2.003761329527713,0.0470000000000006
NER,2002,24.204,24.736410248573513,0.4908572177949731,23.774330101695366,25.69849039545166,1.9241602937562945,-0.4081621413392682
NER,2003,26.182,25.76758769312272,0.48624839606122633,24.814540836842717,26.720634549402725,1.9060937125600073,1.7908139791345015
NER,2004,28.25,27.079963042794734,0.48520801622576165,26.12895533099224,28.030970754597227,1.9020154236049855,2.9116432984587384
NER,2005,28.32,27.72464344113693,0.48497348821950426,26.774095404226703,28.675191478047157,1.9010960738204568,1.4497774429400465
NER,2006,28.384,28.009536530433117,0.48492063653338774,27.059092082827675,28.95998097803856,1.90088889521088,0.7519333109110029
NER,2007,27.886,27.955490340132815,0.4849087270875281,27.005069235041262,28.90591144522437,1.90084221018311,-0.1410942621568907
NER,2008,27.995,27.963233554030833,0.4849060434913133,27.012817708787857,28.913649399273808,1.900831690485948,0.04202500903862827
NER,2009,27.74,27.926853918488742,0.4849054387896149,26.9764392584611,28.877268578516386,1.9008293200552904,-0.23505115828529455
NER,2010,27.97,28.158589893696973,0.4849053025307251,27.20817550073675,29.109004286657196,1.9008287859204425,0.11842324098638102
NER,2011,29.644,28.912205368917107,0.4849052718271871,27.96179103613582,29.862619701698392,1.9008286655625735,1.730214534947116
NER,2012,29.046,29.18779978548168,0.4849052649086867,28.237385466260655,30.138214104702705,1.9008286384420519,0.22331869921892178
NER,2013,30.474,29.950659719651465,0.48490526334972667,29.000245403486,30.90107403581693,1.9008286323309285,1.5340075655297518
NER,2014,31.303,30.581249142915937,0.4849052629984766,29.63083482743892,31.531663458392952,1.900828630954028,1.557180889111649
NER,2015,30.742,30.634907025019036,0.48490526291989394,29.684492709696045,31.585321340342027,1.9008286306459843,0.17818107841319275
NER,2016,30.389,30.56560559777461,0.4849052629115922,29.61519128246789,31.51601991308133,1.9008286306134414,-0.26841889405791264
NER,2017,30.676,30.717031993755135,0.48490526306616805,29.766617678145447,31.667446309364824,1.9008286312193787,0.15958373829794326
NER,2018,31.093,31.076547841825786,0.4849052657032784,30.12613352104736,32.026962162604214,1.9008286415568514,0.4927531001466541
NER,2019,32.23,31.74596597614288,0.4849053095829562,30.795551569360285,32.696380382925476,1.9008288135651883,1.3709058812714474
NER,2020,33.045,32.25921519264796,0.4849060394657543,31.30879935529508,33.209631030000835,1.9008316747057568,1.465757850542083
NER,2021,32.091,31.98215101866461,0.48491817993418823,31.0317113859936,32.932590651335616,1.900879265342018,-0.2582166925788272
NER,2022,31.029,31.269731338579657,0.4851200759088527,30.318895989798307,32.22056668736101,1.9016706975627025,-1.1845733597997956
NER,2023,29.875,30.279779126571885,0.48846610854102307,29.32238555383148,31.23717269931229,1.9147871454808103,-1.7163073209942254
NER,2024,27.507,29.01780987160148,0.5410968764335672,27.957259993791688,30.07835974941127,2.1210997556195834,-3.1827170993564735
NGA,2000,31.564,30.824745374259837,0.5722646762570527,29.703106608796013,31.946384139723662,2.2432775309276467,0.0
NGA,2001,28.949,29.301582059006975,0.5078776206908485,28.306141922452912,30.297022195561038,1.990880273108126,-2.6149999999999984
NGA,2002,26.805,27.883168308670502,0.4991383408045188,26.904857160693645,28.86147945664736,1.9566222959537136,-3.000964183403177
NGA,2003,27.652,27.90887826297423,0.49799477157873057,26.93280851067992,28.88494801526854,1.9521395045886238,-0.22241551124997727
NGA,2004,28.956,28.43118688394262,0.4978459600784985,27.455408802188764,29.406964965696474,1.951556163507714,1.2239231566784525
NGA,2005,27.889,28.18409872864607,0.49782660967199127,27.20835857368897,29.15983888360317,1.9514803099142057,-0.625763855617187
NGA,2006,28.22,28.389488915998303,0.4978240937225358,27.413753692302134,29.365224139694472,1.95147044739234,0.10536726943833585
NGA,2007,29.567,29.002959541893254,0.4978237666016323,28.027224959354054,29.978694124432455,1.9514691650783986,1.3849933038434799
NGA,2008,28.341,28.811840204081317,0.49782372406981146,27.836105704904487,29.787574703258148,1.9514689983536608,-0.7265980066919226
NGA,2009,29.12,29.42933489657871,0.49782371853988233,28.45360040824054,30.405069384916878,1.9514689766763387,0.5170026105378795
NGA,2010,31.81,30.89515896997931,0.4978237178208886,29.919424483050367,31.870893456908252,1.9514689738578832,2.8764212944643432
NGA,2011,31.366,31.256892073131826,0.497823717727406,30.28115758638611,32.232626559877545,1.9514689734914317,0.5931827407355854
NGA,2012,31.634,31.566707008415477,0.4978237177152518,30.590972521693583,32.54244149513737,1.9514689734437871,0.48189040002183603
NGA,2013,32.322,31.881504165472933,0.49782371771367573,30.90576967875413,32.85723865219174,1.9514689734376087,0.8617605013771481
NGA,2014,31.023,31.49783291574239,0.4978237177135369,30.522098429023856,32.47356740246092,1.9514689734370645,-0.9882655741188664
NGA,2015,31.723,31.84815730166976,0.49782371771455236,30.87242281494924,32.823891788390284,1.9514689734410453,0.34365025398386706
NGA,2016,33.006,32.584596569609566,0.49782371773086564,31.60886208285707,33.56033105636206,1.9514689735049933,1.406913737291461
NGA,2017,32.658,32.83858935621701,0.49782371798631814,31.862854868963822,33.81432384347019,1.9514689745063671,0.15930630114031885
NGA,2018,34.22,33.54238952979698,0.497823721985643,32.566655034705114,34.51812402488884,1.9514689901837206,1.6194428184455916
NGA,2019,32.908,33.26543065224558,0.4978237845983589,32.289696034432794,34.24116527005836,1.951469235625567,-0.7280597594877989
NGA,2020,33.581,33.54604388211502,0.49782476485087135,32.570307343007315,34.52178042122273,1.9514730782154157,0.4104755155167368
NGA,2021,34.444,33.880314232183935,0.49784011125813116,32.904547614117995,34.856080850249874,1.951533236131874,1.0110096540149982
NGA,2022,32.88,33.29152321963976,0.498080310230491,32.315285811588,34.267760627691516,1.9524748161035246,-1.199449171899552
NGA,2023,33.692,33.22950460015409,0.5018258328390777,32.245925967789496,34.21308323251868,1.9671572647291844,0.3795014702936754
NGA,2024,31.54,32.266627958629584,0.5571919761590276,31.17453168535789,33.35872423190128,2.1841925465433882,-2.01515899683897
NIC,2000,36.099,36.139454744653676,0.5790085610408846,35.004597965013545,37.27431152429381,2.2697135592802677,0.0
NIC,2001,35.813,36.201396754522044,0.49858583292267256,35.224168521993604,37.17862498705048,1.9544564650568763,-0.28599999999999426
NIC,2002,37.451,36.837253171263086,0.48111046658342477,35.89427665675957,37.7802296857666,1.885953029007025,1.5259921205734628
NIC,2003,37.368,37.00158136837607,0.4774018040154225,36.065873832505844,37.9372889042463,1.871415071740456,0.5959212939153176
NIC,2004,36.528,36.757673920380206,0.476620356813493,35.82349802102576,37.69184981973465,1.8683517987088927,-0.5684357643429365
NIC,2005,36.163,36.67854291513178,0.47645596567806064,35.744689222402776,37.61239660786078,1.8677073854579977,-0.625320143350649
NIC,2006,37.959,37.27003591618359,0.4764213950784525,36.33624998182982,38.20382185053735,1.8675718687075338,1.5093332609389094
NIC,2007,37.738,37.27808153003185,0.4764141255919299,36.34430984387166,38.21185321619203,1.8675433723203652,0.4710767345465072
NIC,2008,36.338,36.647608514191326,0.47641259699180666,35.71383982408739,37.581377204295265,1.867537380207882,-1.1839866603803273
NIC,2009,35.879,36.04450114148326,0.4764122755645938,35.11073308137666,36.97826920158986,1.8675361202132077,-1.0019250620898035
NIC,2010,34.862,35.28468685566546,0.47641220797635975,34.350918928031795,36.21845478329913,1.8675358552673302,-1.4764404157604218
NIC,2011,34.096,34.62721713335552,0.4764121937642194,33.69344923357765,35.56098503313339,1.86753579955574,-1.44303335485548
NIC,2012,33.407,34.289890017368464,0.47641219077575947,33.356122123447975,35.22365791128895,1.867535787840977,-1.350714343558188
NIC,2013,35.493,34.971044999380155,0.4764121901473982,34.037277106691256,35.90481289206905,1.867535785377801,1.4666192566981024
NIC,2014,35.73,35.36027158968532,0.4764121900157596,34.42650369725443,36.294039482116204,1.8675357848617775,0.9095298604165762
NIC,2015,35.936,35.48265209552871,0.47641218999438095,34.54888420313972,36.41641998791769,1.8675357847779732,0.6230721117864562
NIC,2016,34.435,35.04933061003371,0.47641219007087376,34.1155627174948,35.983098502572616,1.8675357850778251,-1.2152853546509164
NIC,2017,35.949,35.196806195813046,0.47641219112780064,34.263038301202556,36.130574090423536,1.8675357892209785,0.9567212877186932
NIC,2018,33.932,34.386475642567795,0.47641220472671897,33.452707721303426,35.320243563832165,1.8675358425287383,-1.5782878858486313
NIC,2019,33.259,33.69045344775032,0.4764123795002067,32.75668518392992,34.624221711570726,1.8675365276408102,-1.3967363943184807
NIC,2020,33.146,33.15012120102508,0.47641462564496356,32.216348534760954,34.083893867289206,1.8675453325282572,-0.75348452180463
NIC,2021,31.927,32.26763626450791,0.47644349165263866,31.333807020868736,33.20146550814708,1.8676584872783435,-1.5645162875388081
NIC,2022,30.634,31.293670475274336,0.4768143155801947,30.359114416737153,32.228226533811515,1.8691121170743632,-2.010421318980427
NIC,2023,30.323,30.615837525515207,0.4815546451853294,29.67199042095196,31.559684630078454,1.8876942091264912,-1.2328945982584045
NIC,2024,29.084,29.911400602073236,0.5387766702327053,28.855398328417134,30.967402875729338,2.1120045473122047,-1.8043535702321378
NLD,2000,74.071,73.85135063922999,0.3779735845197139,73.11052241357135,74.59217886488864,1.4816564513172785,0.0
NLD,2000,72.914,73.08058544270584,0.3415076533569326,72.41123044212625,73.74994044328542,1.338710001159176,-1.1569999999999965
NLD,2000,71.821,72.38243672776694,0.3381888905064231,71.71958650237436,73.04528695315953,1.3257004507851784,-1.4154016615939753
NLD,2000,72.851,73.04170130778992,0.3378958687089624,72.37942540512036,73.70397721045948,1.3245518053391325,0.61235164908787
NLD,2001,75.794,74.75203266485825,0.3378700749571948,74.08980731794215,75.41425801177435,1.3244506938322036,3.1245688768649558
NLD,2001,74.126,74.22311177034628,0.3378678050264865,73.56089087249437,74.88533266819819,1.324441795703827,-0.7411367403584563
NLD,2001,73.232,73.65906993769768,0.3378676052702157,72.99684943136806,74.3212904440273,1.3244410126592454,-1.1138569444190267
NLD,2001,74.041,74.10317661455572,0.337867587691492,73.44095614268039,74.76539708643105,1.3244409437506486,0.47857515555743646
NLD,2002,75.653,75.04127334336883,0.3378675861445494,74.37905287452551,75.70349381221214,1.3244409376866337,1.7539690095985492
NLD,2002,74.63,74.6212098752714,0.33786758600841715,73.95898940669491,75.2834303438479,1.3244409371529953,-0.5026862172456106
NLD,2002,73.376,73.89556893757715,0.33786758599643746,73.23334846902414,74.55778940613017,1.3244409371060348,-1.4031215445598946
NLD,2002,74.421,74.37041197652063,0.3378675859953832,73.70819150796967,75.03263244507158,1.3244409371019021,0.6287648919082613
NLD,2003,75.491,74.99506352109084,0.3378675859952905,74.33284305254007,75.65728398964161,1.3244409371015387,1.2565227027316155
NLD,2003,74.307,74.42897756062553,0.33786758599528227,73.76675709207477,75.09119802917628,1.3244409371015065,-0.8112533444954124
NLD,2003,73.482,73.88361425734696,0.3378675859952816,73.2213937887962,74.54583472589772,1.3244409371015038,-1.0656577853867901
NLD,2003,74.207,74.2764495152002,0.33786758599528155,73.61422904664944,74.93866998375096,1.3244409371015036,0.40887330005907074
NLD,2004,75.77,75.15295126192325,0.3378675859952815,74.49073079337249,75.815171730474,1.3244409371015033,1.6842920027555692
NLD,2004,74.461,74.61344978160615,0.3378675859952815,73.95122931305539,75.2756702501569,1.3244409371015033,-0.8093558554449487
NLD,2004,73.913,74.21070004417534,0.3378675859952815,73.54847957562458,74.8729205127261,1.3244409371015033,-0.7880948964744903
NLD,2004,74.471,74.50439149325382,0.3378675859952815,73.84217102470306,75.16661196180458,1.3244409371015033,0.324212153395635
NLD,2005,75.522,75.09979043513114,0.3378675859952815,74.43756996658038,75.7620109036819,1.3244409371015033,1.1471773277868067
NLD,2005,74.601,74.72344017437028,0.3378675859952815,74.06121970581952,75.38566064292104,1.3244409371015033,-0.580690579984207
NLD,2005,74.253,74.49449961831566,0.3378675859952815,73.8322791497649,75.15672008686641,1.3244409371015033,-0.520261488870517
NLD,2005,74.742,74.89504026990735,0.3378675859952815,74.2328198013566,75.55726073845811,1.3244409371015033,0.3346647623295951
NLD,2006,76.757,76.05450195082601,0.3378675859952815,75.39228148227525,76.71672241937677,1.3244409371015033,2.1142780875366753
NLD,2006,75.625,75.70848637298673,0.3378675859952815,75.04626590443597,76.37070684153748,1.3244409371015033,-0.5048007586152181
NLD,2006,75.149,75.4039949708593,0.3378675859952815,74.74177450230854,76.06621543941006,1.3244409371015033,-0.6257488219360994
NLD,2006,75.71,75.7227524324041,0.3378675859952815,75.06053196385335,76.38497290095486,1.3244409371015033,0.37537201249480745
NLD,2007,76.718,76.29304981488083,0.3378675859952815,75.63082934633007,76.95527028343159,1.3244409371015033,1.119353867242765
NLD,2007,75.802,75.86617757565489,0.3378675859952815,75.20395710710413,76.52839804420564,1.3244409371015033,-0.5839443917456748
NLD,2007,74.974,75.36507128622385,0.3378675859952815,74.7028508176731,76.02729175477461,1.3244409371015033,-1.0012267300468949
NLD,2007,75.8,75.7972898069283,0.3378675859952815,75.13506933837755,76.45951027547906,1.3244409371015033,0.5289867313853449
NLD,2008,77.004,76.50593625328271,0.3378675859952815,75.84371578473196,77.16815672183347,1.3244409371015033,1.3609235752776812
NLD,2008,76.047,76.07239144909613,0.3378675859952815,75.41017098054537,76.73461191764689,1.3244409371015033,-0.5532828924783075
NLD,2008,74.967,75.43485079219388,0.3378675859952815,74.77263032364313,76.09707126074464,1.3244409371015033,-1.2441310159146894
NLD,2008,75.88,75.88876848653682,0.3378675859952815,75.22654801798606,76.55098895508758,1.3244409371015033,0.5439293304580701
NLD,2009,77.183,76.67053148917175,0.3378675859952815,76.008311020621,77.33275195772251,1.3244409371015033,1.4643562877283216
NLD,2009,76.303,76.31179011355685,0.3378675859952815,75.6495696450061,76.97401058210761,1.3244409371015033,-0.44559964453385703
NLD,2009,75.343,75.74475334248548,0.3378675859952815,75.08253287393472,76.40697381103624,1.3244409371015033,-1.0921868493366276
NLD,2009,76.187,76.10206402599744,0.3378675859952815,75.43984355744668,76.76428449454819,1.3244409371015033,0.5200034702187679
NLD,2010,76.695,76.42061809905736,0.3378675859952815,75.75839763050661,77.08283856760812,1.3244409371015033,0.6622586966025068
NLD,2010,76.023,76.06254244808328,0.3378675859952815,75.40032197953252,76.72476291663403,1.3244409371015033,-0.47554138154384873
NLD,2010,75.236,75.59600405745843,0.3378675859952815,74.93378358890767,76.25822452600919,1.3244409371015033,-0.9280690464558745
NLD,2010,76.026,75.98518799566057,0.3378675859952815,75.32296752710981,76.64740846421132,1.3244409371015033,0.5146889113966893
NLD,2011,76.855,76.49925733395212,0.3378675859952815,75.83703686540136,77.16147780250287,1.3244409371015033,0.9816821361296348
NLD,2011,76.116,76.2027393976852,0.3378675859952815,75.54051892913445,76.86495986623596,1.3244409371015033,-0.44778462266103247
NLD,2011,75.824,75.9909192580646,0.3378675859952815,75.32869878951384,76.65313972661535,1.3244409371015033,-0.42483502169953624
NLD,2011,76.171,76.17882854673739,0.3378675859952815,75.51660807818664,76.84104901528815,1.3244409371015033,0.22097296273638278
NLD,2012,76.79,76.51602691484479,0.3378675859952815,75.85380644629403,77.17824738339554,1.3244409371015033,0.6845514879579042
NLD,2012,76.069,76.19021879840281,0.3378675859952815,75.52799832985205,76.85243926695357,1.3244409371015033,-0.5179282392571878
NLD,2012,75.916,76.04122166162544,0.3378675859952815,75.37900119307469,76.7034421301762,1.3244409371015033,-0.3066430806660634
NLD,2012,76.143,76.19863683246,0.3378675859952815,75.53641636390924,76.86085730101075,1.3244409371015033,0.1360345263930185
NLD,2013,76.942,76.63973963923858,0.3378675859952815,75.97751917068783,77.30196010778934,1.3244409371015033,0.8393545551830499
NLD,2013,76.172,76.39496825356828,0.3378675859952815,75.73274778501752,77.05718872211904,1.3244409371015033,-0.5210060084494188
NLD,2013,76.884,76.70933805455795,0.3378675859952815,76.04711758600719,77.3715585231087,1.3244409371015033,0.5574439010730572
NLD,2013,76.527,76.66661815253285,0.3378675859952815,76.00439768398209,77.3288386210836,1.3244409371015033,-0.19163462354900673
NLD,2014,77.342,77.046964976085,0.3378675859952815,76.38474450753424,77.70918544463575,1.3244409371015033,0.7581517115834799
NLD,2014,76.481,76.72470217608202,0.3378675859952815,76.06248170753126,77.38692264463278,1.3244409371015033,-0.6360947800278467
NLD,2014,77.171,76.97746328223802,0.3378675859952815,76.31524281368726,77.63968375078878,1.3244409371015033,0.5013028906490291
NLD,2014,76.846,76.77147949261875,0.3378675859952815,76.109259024068,77.43369996116951,1.3244409371015033,-0.17628881835719312
NLD,2015,76.028,76.18872823395454,0.3378675859952815,75.52650776540378,76.85094870250529,1.3244409371015033,-0.870295965128733
NLD,2015,75.419,75.74094800469537,0.3378675859952815,75.07872753614461,76.40316847324613,1.3244409371015033,-0.8671727410063426
NLD,2015,76.249,76.03826770537287,0.3378675859952815,75.37604723682212,76.70048817392363,1.3244409371015033,0.5727537614304907
NLD,2015,75.927,75.85066612684051,0.3378675859952815,75.18844565828975,76.51288659539127,1.3244409371015033,-0.15209296327331856
NLD,2016,74.951,75.29256516534966,0.3378675859952815,74.6303446967989,75.95478563390041,1.3244409371015033,-1.0211182802051155
NLD,2016,75.741,75.47017589462853,0.3378675859952815,74.80795542607777,76.13239636317928,1.3244409371015033,0.48708591576288995
NLD,2017,74.497,74.88965834332959,0.3378675859952815,74.22743787477883,75.55187881188034,1.3244409371015033,-1.0995062748573332
NLD,2017,75.311,75.19519774215624,0.3378675859952815,74.53297727360548,75.857418210707,1.3244409371015033,0.48783216732299195
NLD,2018,75.431,75.3280589938181,0.3378675859952815,74.66583852526735,75.99027946236886,1.3244409371015033,0.2647151001903154
NLD,2018,75.037,75.21587353971483,0.3378675859952815,74.55365307116408,75.87809400826559,1.3244409371015033,-0.31547243496434874
NLD,2018,75.78,75.60779566224846,0.3378675859952815,74.9455751936977,76.27001613079922,1.3244409371015033,0.6494153040918178
NLD,2018,75.706,75.70174197145907,0.3378675859952815,75.03952150290831,76.36396244000983,1.3244409371015033,0.1186486342885047
NLD,2019,75.924,75.84391394911579,0.3378675859952815,75.18169348056503,76.50613441766654,1.3244409371015033,0.25319704141843147
NLD,2019,75.7,75.82105123685635,0.3378675859952815,75.15883076830559,76.4832717054071,1.3244409371015033,-0.14888925972670108
NLD,2019,76.326,76.17434807865844,0.3378675859952815,75.51212761010768,76.8365685472092,1.3244409371015033,0.5818320964013992
NLD,2019,76.346,76.27060993093887,0.3378675859952815,75.60838946238812,76.93283039948963,1.3244409371015033,0.19260011898504104
NLD,2020,76.128,76.1867222631126,0.3378675859952815,75.52450179456184,76.84894273166336,1.3244409371015033,-0.1608652979803793
NLD,2020,76.184,76.23727752678028,0.3378675859952815,75.57505705822952,76.89949799533103,1.3244409371015033,0.008279412318941581
NLD,2020,76.65,76.49338645519076,0.3378675859952815,75.83116598664,77.15560692374152,1.3244409371015033,0.4684560823650372
NLD,2020,76.454,76.41229737268272,0.3378675859952815,75.75007690413196,77.07451784123347,1.3244409371015033,-0.057032803010443445
NLD,2021,75.994,76.14291850147023,0.3378675859952815,75.48069803291948,76.80513897002099,1.3244409371015033,-0.47691874450814
NLD,2021,76.112,76.177110993408,0.3378675859952815,75.51489052485724,76.83933146195875,1.3244409371015033,-0.02347764029764221
NLD,2021,76.488,76.4443071041308,0.3378675859952815,75.78208663558004,77.10652757268156,1.3244409371015033,0.3690353730330145
NLD,2021,76.415,76.74658710721009,0.33786758599528155,76.08436663865933,77.40880757576085,1.3244409371015036,0.03647410720230937
NLD,2022,79.129,78.3200276921102,0.33786758599528255,77.65780722355944,78.98224816066096,1.3244409371015076,2.72482002055564
NLD,2022,78.218,78.31701233290924,0.3378675859953142,77.65479186435843,78.97923280146006,1.3244409371016317,-0.10268388497384251
NLD,2022,78.798,78.63202119074526,0.33786758599630584,77.9698007221925,79.29424165929802,1.3244409371055188,0.5495388912472379
NLD,2022,78.559,78.61842642824168,0.3378675860273501,77.95620595962806,79.28064689685529,1.3244409372272123,-0.07597963965409349
NLD,2023,78.968,78.78793133009738,0.33786758699924163,78.12571085957886,79.4501518006159,1.3244409410370273,0.3864606885287998
NLD,2023,78.336,78.48728657437779,0.3378676174258922,77.82506604422304,79.14950710453255,1.3244410603094974,-0.5173566841092736
NLD,2023,78.656,78.47723700709003,0.3378685699805207,77.8150146099282,79.13945940425185,1.3244447943236413,0.16652647080275074
NLD,2023,78.47,77.88278376008678,0.3378983899016876,77.22050291587948,78.54506460429408,1.3245616884146152,-0.13660002902473423
NLD,2024,73.719,74.9981787594945,0.33883062408713915,74.3340707362837,75.66228678270528,1.3282160464215855,-4.791522311176806
NLD,2024,74.009,74.34462968704796,0.3668195817506053,73.62566330681678,75.06359606727914,1.4379327604623728,-1.1314020267077183
NOR,2000,68.546,68.45442024247892,0.5011021322287317,67.4722600633106,69.43658042164724,1.9643203583366282,0.0
NOR,2001,68.073,68.36203219846789,0.43782641184574683,67.50389243125022,69.22017196568555,1.7162795344353277,-0.4730000000000132
NOR,2002,68.928,68.52091058979363,0.4240831444478106,67.68970762667593,69.35211355291133,1.6624059262354174,0.6713426670026053
NOR,2003,68.002,68.33691483739685,0.4212259224665651,67.51131202936239,69.16251764543131,1.6512056160689352,-0.6306344090910301
NOR,2004,67.92,68.42247608331712,0.42063833809090106,67.59802494065896,69.24692722597528,1.6489022853163322,-0.36591091626367245
NOR,2005,68.904,68.98992678718356,0.4205177831940488,68.16571193212323,69.8141416422439,1.6484297101206713,0.8185046364227873
NOR,2006,70.227,69.75919140375355,0.4204930608192179,68.93502500454788,70.58335780295921,1.648332798411334,1.6935452164673563
NOR,2007,70.543,70.26319963543669,0.420487991466313,69.43904317216271,71.08735609871067,1.6483129265479468,1.0828329729435922
NOR,2008,70.871,70.61804977694308,0.42048695201046765,69.79389535100256,71.4422042028836,1.6483088518810332,0.8183234425316215
NOR,2009,71.057,70.81627722441303,0.42048673887401167,69.99212321621997,71.64043123260609,1.6483080163861257,0.5565524641374537
NOR,2010,70.51,70.83531618917482,0.42048669517129356,70.01116226663909,71.65947011171055,1.6483078450714708,-0.2949820084042045
NOR,2011,71.19,71.15851307234809,0.42048668621068525,70.33435916737514,71.98266697732103,1.648307809945886,0.5464262518072758
NOR,2012,71.44,71.52250665854025,0.42048668437665554,70.69835275716201,72.34666055991849,1.6483078027564897,0.4974327436788286
NOR,2013,72.4,72.04125041260347,0.4204866840244461,71.21709651191556,72.86540431329139,1.6483078013758288,1.1852475058146297
NOR,2014,72.563,72.34120618491727,0.4204866841242477,71.51705228403374,73.1653600858008,1.648307801767051,0.6997038029488039
NOR,2015,72.573,72.50141379479149,0.4204866853853826,71.67725989143614,73.32556769814684,1.6483078067106998,0.32683989239777134
NOR,2016,72.546,72.63021463892552,0.42048669459210275,71.806060717525,73.45436856032605,1.6483078428010427,0.12099964772953342
NOR,2017,72.852,72.86451964074638,0.42048676101677035,72.04036558915351,73.68867369233925,1.6483081031857398,0.36079106331985145
NOR,2018,73.435,73.16100117153918,0.42048724009781924,72.33684618094746,73.9851561621309,1.6483099811834514,0.7463734177465255
NOR,2019,73.289,73.26883436080223,0.4204906953737395,72.4446725978697,74.09299612373476,1.6483235258650588,0.19197282851331465
NOR,2020,73.275,73.38136947331782,0.4205156151269648,72.55715886766896,74.20558007896668,1.648421211297702,0.07292914070580991
NOR,2021,73.18,73.61632771475085,0.4206953009220115,72.7917649249437,74.440890504558,1.6491255796142852,-0.06197622479668041
NOR,2022,75.248,74.30448806485335,0.4219889884802261,73.4773896474321,75.13158648227459,1.6541968348424863,2.039935924435298
NOR,2023,75.372,74.27113366852035,0.4312045624196771,73.42597272617778,75.11629461086292,1.6903218846851342,1.0477238331036602
NOR,2024,71.823,73.21522670971694,0.49259064251430873,72.2497490503889,74.18070436904499,1.9309553186560902,-3.0745696693431768
NPL,2000,34.801,33.72079125171095,0.8598860986442389,32.03541449836824,35.40616800505366,3.3707535066854164,0.0
NPL,2001,31.73,32.47644111025219,0.7391782263943483,31.027651786519268,33.925230433985114,2.897578647465845,-3.0710000000000015
NPL,2002,30.651,31.572504323020073,0.7092386344203334,30.18239659955622,32.962612046483926,2.780215446927707,-2.3336185732855803
NPL,2003,31.083,31.22248897940272,0.7019989216692476,29.846571092930994,32.598406865874445,2.7518357729434504,-0.665700683237695
NPL,2004,30.484,30.848957797821825,0.7002635619931422,29.476441216315266,32.221474379328384,2.7450331630131175,-0.92151892692263
NPL,2005,28.715,30.675243775308687,0.6998485441024228,29.30354062886794,32.04694692174944,2.7434062928814975,-2.2185275049949347
NPL,2006,33.966,32.47795586050359,0.6997493462027817,31.10644714194614,33.84946457906104,2.7430174371149043,4.1670154201042955
NPL,2007,34.308,33.6073539977287,0.6997256390116111,32.235891745265945,34.97881625019146,2.7429245049255155,2.3788164938517156
NPL,2008,35.612,34.55869854976496,0.6997199734385806,33.187247401825346,35.93014969770458,2.7429022958792357,2.4668614968262332
NPL,2009,35.289,34.87284565853447,0.6997186194834784,33.501397164346855,36.24429415272209,2.742896988375235,0.88292815657924
NPL,2010,35.518,34.90468400891064,0.6997182959167276,33.53323614891386,36.27613186890743,2.742895719993572,0.6606227568010539
NPL,2011,33.26,34.307024958187725,0.6997182185911466,32.93557724974908,35.67847266662637,2.7428954168772943,-1.9350516671800264
NPL,2012,34.442,34.515047891674826,0.6997182001121933,33.143600219454925,35.88649556389473,2.742895344439798,0.23604121746445372
NPL,2013,34.695,34.90290633846385,0.6997181956981928,33.53145867489539,36.27435400203231,2.7428953271369156,0.3683898278882509
NPL,2014,36.037,35.70151127347772,0.6997181946627719,34.33006361193869,37.07295893501675,2.7428953230780655,1.5220890540485996
NPL,2015,37.064,36.54250882025931,0.699718194597074,35.17106115884904,37.91395648166957,2.7428953228205297,1.771080206078274
NPL,2016,37.673,37.25119574395843,0.6997181962812614,35.87974807924716,38.622643408669695,2.7428953294225447,1.4748006721182847
NPL,2017,38.173,37.866949711391904,0.6997182125829756,36.49550201472927,39.23839740805454,2.742895393325264,1.2209630648454848
NPL,2018,38.825,38.465546415966145,0.6997183651858743,37.09409842020183,39.83699441173046,2.742895991528627,1.2488733876960865
NPL,2019,39.187,38.982307358874856,0.6997197925265193,37.61085656552288,40.35375815222683,2.7429015867039555,0.9725174768919018
NPL,2020,39.87,39.53954053675927,0.6997331424594886,38.168063577538675,40.91101749597986,2.742953918441195,1.1584196238599986
NPL,2021,40.331,40.024964887015095,0.699857993452084,38.65324321984901,41.39668655418118,2.743443334332169,1.0272987400577165
NPL,2022,40.462,40.428727424830896,0.7010246612721462,39.05471908873749,41.8027357609243,2.748016672186813,0.6331996953221264
NPL,2023,41.55,40.997369702954494,0.711844055904452,39.60215535338177,42.39258405252722,2.7904286991454517,1.3975425718627648
NPL,2024,41.648,41.26610920211211,0.8060379093920348,39.686274899703726,42.8459435045205,3.159668604816776,0.7811950886553163
NRU,2013,43.854,46.916783970171615,5.66776769738393,35.80795928329911,58.02560865704412,22.217649373745004,0.0
NRU,2014,83.998,76.51090310384814,5.32475108267132,66.07439098181234,86.94741522588393,20.873024244071573,40.144000000000005
NRU,2015,77.531,77.046821385646,5.311829780286761,66.63563501628394,87.45800775500805,20.822372738724102,1.0685124050109778
NRU,2016,76.483,73.9416566137937,5.311352392827126,63.53140592385253,84.35190730373486,20.820501379882334,-0.8428741026775413
NRU,2017,36.685,43.85494312826104,5.311334768859145,33.444726981297116,54.26515927522497,20.820432293927848,-39.95994183568965
NRU,2018,36.963,38.20310438473335,5.311334118247261,27.79288951296872,48.61331925649798,20.820429743529264,-7.3997560679936
NRU,2019,35.609,36.18128094731847,5.311334094692885,25.771066121720416,46.591495772916524,20.820429651196108,-2.775763465565049
NRU,2020,36.908,36.6148450797084,5.311334162078472,26.204630122034597,47.025060037382204,20.82042991534761,0.765674413245236
NRU,2021,34.24,34.98944385196066,5.311344207021165,24.579209206199174,45.39967849772214,20.820469291522965,-2.5208859676289492
NRU,2022,35.962,37.93982903431773,5.312821930109615,27.526698051302887,48.35296001733258,20.82626196602969,1.237645692933043
NRU,2023,68.991,62.5992327414649,5.525936613439343,51.76839697912379,73.43006850380601,21.661671524682223,33.26679696094705
NZL,2000,69.682,69.71806736659676,0.2772730390972739,69.1746122099661,70.26152252322741,1.0869103132613136,0.0
NZL,2001,69.878,69.92950636750405,0.25415304040664527,69.43136640830703,70.42764632670107,0.9962799183940494,0.19599999999999795
NZL,2002,70.919,70.63542022436587,0.2526443128682914,70.14023737114402,71.13060307758772,0.9903657064437024,1.088315934594334
NZL,2003,70.521,70.56374589575009,0.2525482123266403,70.06875139958987,71.0587403919103,0.98998899232043,-0.12432096369769852
NZL,2004,70.681,70.64637005865498,0.25254210150719464,70.15138753970088,71.14135257760908,0.989965037908203,0.12865767291283703
NZL,2005,70.61,70.63050831558535,0.252541712976257,70.13552655815188,71.12549007301881,0.9899635148669274,-0.038559135821657264
NZL,2006,70.747,70.7086593730856,0.2525416882733114,70.2136776640699,71.20364108210129,0.9899634180313808,0.127277264849198
NZL,2007,70.607,70.66339083891074,0.25254168670268934,70.16840913297347,71.15837254484802,0.9899634118745422,-0.10790685488672125
NZL,2008,70.839,70.87484003361605,0.25254168660282866,70.37985832787452,71.36982173935759,0.9899634114830883,0.20479113045171005
NZL,2009,71.726,71.50869856047727,0.2525416865964795,71.01371685474817,72.00368026620637,0.9899634114581997,0.9386383799120068
NZL,2010,71.655,71.6491063235568,0.2525416865960758,71.15412461782849,72.1440880292851,0.989963411456617,0.1656790259083749
NZL,2011,72.034,71.90910700839275,0.25254168659605014,71.41412530266449,72.40408871412102,0.9899634114565166,0.42077620615677347
NZL,2012,71.688,71.77293029232665,0.25254168659604853,71.2779485865984,72.2679119980549,0.9899634114565102,-0.2399006706618394
NZL,2013,72.036,71.95001241154392,0.2525416865960484,71.45503070581567,72.44499411727217,0.9899634114565098,0.28750869870356155
NZL,2014,71.851,71.85225198871383,0.2525416865960484,71.35727028298558,72.34723369444208,0.9899634114565098,-0.11250426553355908
NZL,2015,71.588,71.65577166701732,0.25254168659604836,71.16078996128907,72.15075337274557,0.9899634114565096,-0.2913681133727124
NZL,2016,71.616,71.61449023371914,0.2525416865960484,71.11950852799089,72.10947193944739,0.9899634114565098,-0.04546889146068622
NZL,2017,71.416,71.52047622997556,0.25254168659605064,71.02549452424729,72.01545793570382,0.9899634114565184,-0.21146504678530675
NZL,2018,72.039,71.89113956840062,0.25254168659620335,71.39615786267206,72.38612127412918,0.9899634114571171,0.5696787824166449
NZL,2019,71.922,71.86059742274783,0.25254168660658477,71.36561571699892,72.35557912849674,0.9899634114978123,0.026645329436888687
NZL,2020,71.346,71.46436403368668,0.2525416873124682,70.96938232655424,71.95934574081912,0.9899634142648752,-0.5692813416208224
NZL,2021,71.257,71.28190481964724,0.25254173530873836,70.78692301844211,71.77688662085237,0.9899636024102544,-0.23254511416503476
NZL,2022,70.995,71.03748831101679,0.2525449987754885,70.54250011341684,71.53247650861674,0.989976395199915,-0.32063658708065645
NZL,2023,71.1,70.75953131783159,0.2527667981246231,70.26410839350733,71.25495424215585,0.9908458486485225,0.024151020535924772
NZL,2024,67.407,68.33665976418855,0.2674167973887447,67.81252284130662,68.86079668707049,1.0482738457638792,-3.686910285220023
OMN,2000,42.757,42.833789955230465,0.5995231340263787,41.65872461253876,44.00885529792217,2.3501306853834043,0.0
OMN,2001,42.776,42.9612967238796,0.5240537250183062,41.93415142284372,43.98844202491548,2.05429060207176,0.019000000000005457
OMN,2002,43.266,43.41995873257117,0.5106919581285421,42.41900249463922,44.42091497050311,2.0019124758638847,0.4968967014191321
OMN,2003,45.033,44.324169712037616,0.5084047242031646,43.32769645259941,45.32064297147582,1.9929465188764053,1.9676512530053358
OMN,2004,45.036,44.57961594881882,0.5080159769588486,43.58390463397948,45.57532726365816,1.9914226296786866,0.8108728805948786
OMN,2005,44.192,44.2629766093617,0.5079499867842229,43.26739463526462,45.25855858345878,1.9911639481941537,-0.5101462509715375
OMN,2006,43.551,43.903243246673966,0.5079387872961234,42.907683223573564,44.89880326977437,1.9911200462008036,-0.8511371395291647
OMN,2007,44.234,43.90742774377102,0.50793688665003,42.91187144593696,44.90298404160507,1.9911125956681175,0.3323754083934176
OMN,2008,42.773,43.41714866223612,0.5079365640966045,42.421592996606776,44.41270432786547,1.9911113312586894,-1.324076621616868
OMN,2009,43.664,43.672278603038016,0.5079365093570065,42.676723044698285,44.66783416137775,1.9911111166794655,0.34554008622087906
OMN,2010,44.003,44.06167570406397,0.5079365000673113,43.06612016393204,45.057231244195904,1.99111108026386,0.48134700333044833
OMN,2011,45.275,44.725991814704315,0.5079364984907847,43.73043627766238,45.72154735174625,1.991111074083876,1.4702933696003129
OMN,2012,44.964,44.872538261754706,0.5079364982232403,43.876982725237156,45.868093798272255,1.9911110730351018,0.29469490995484904
OMN,2013,44.783,44.94993741689007,0.5079364981778768,43.95438188046143,45.94549295331871,1.991111072857277,-0.05959891707286147
OMN,2014,45.336,45.31803180505378,0.507936498170702,44.3224762686392,46.313587341468356,1.9911110728291517,0.5284479197574754
OMN,2015,46.034,45.834370032007314,0.5079364981762153,44.83881449558193,46.8299255684327,1.9911110728507642,0.9156968369195653
OMN,2016,46.423,46.29349111321126,0.5079364982636694,45.29793557661447,47.28904664980805,1.991111073193584,0.7662260189196886
OMN,2017,46.754,46.774704809840095,0.5079364993905867,45.77914927103455,47.77026034864564,1.9911110776110998,0.6466507471212282
OMN,2018,47.806,47.51690478277682,0.5079365138760654,46.52134921557973,48.51246034997391,1.9911111343941763,1.3183910992518335
OMN,2019,47.861,48.17360412713901,0.5079367000673791,47.178048195006944,49.16916005927107,1.9911118642641261,0.5981179902552682
OMN,2020,50.698,49.618735136142426,0.5079390932992521,48.62317451327589,50.61429575900896,1.9911212457330683,3.083397780588264
OMN,2021,51.436,50.112396153746204,0.5079698540596594,49.11677523978927,51.10801706770314,1.991241827913865,2.0082215652859077
OMN,2022,48.066,48.82934484502252,0.5083650763789641,47.83294929531975,49.82574039472529,1.9927910994055393,-2.5427028033302577
OMN,2023,46.927,48.09480032805627,0.5134180386449884,47.0885009723121,49.10109968380045,2.012598711488354,-2.1864794900730686
OMN,2024,49.456,48.785226407261625,0.5744230856777357,47.65935715933326,49.91109565518999,2.2517384958567237,1.6282685349159607
PAK,2000,32.768,32.37733610101926,0.6478543001932425,31.107541672640505,33.64713052939801,2.5395888567575104,0.0
PAK,2001,31.024,32.07260688037845,0.5555342647636275,30.983759721441743,33.16145403931516,2.17769431787342,-1.7439999999999998
PAK,2002,32.236,32.438600118964395,0.5274371210125618,31.404823361779773,33.47237687614901,2.067553514369242,0.4542819519267276
PAK,2003,33.464,33.07219379251597,0.5190858063704503,32.05478561202989,34.08960197300205,2.0348163609721652,1.4603720300252263
PAK,2004,34.186,33.659452037142145,0.516629482358253,32.64685825171997,34.67204582256432,2.0251875708443516,1.4996485218709452
PAK,2005,34.038,34.09277706657683,0.5159095142113921,33.0815944187225,35.103959714431156,2.022365295708657,0.6595877946375168
PAK,2006,35.171,34.729100355977735,0.5156987070008058,33.718330890256155,35.739869821699315,2.0215389314431587,1.4893547612728213
PAK,2007,35.261,35.292350951942375,0.5156370016274752,34.281702428752524,36.302999475132225,2.0212970463797024,0.8954138923838428
PAK,2008,36.869,36.09167888020538,0.5156189414930231,35.081065754879056,37.1022920055317,2.0212262506526506,2.092356287062053
PAK,2009,37.353,36.64133153265521,0.5156136557336157,35.630728767417324,37.65193429789309,2.0212055304757737,1.6159100240102902
PAK,2010,37.041,36.893258642633604,0.5156121087335805,35.88265890951579,37.90385837575142,2.0211994662356356,0.5621857654227398
PAK,2011,37.486,37.13569838146795,0.5156116559712852,36.12509953576423,38.146297227171665,2.021197691407438,0.7491371075780648
PAK,2012,37.096,37.22091939075809,0.5156115234745389,36.210320804747994,38.23151797676819,2.0211971720201922,0.015276813080177476
PAK,2013,37.403,37.427377681565936,0.5156114847892364,36.416779171379034,38.43797619175284,2.0211970203738066,0.3152646310443785
PAK,2014,37.526,37.72955810633276,0.5156114740708185,36.718959617153956,38.740156595511564,2.0211969783576085,0.2935556189036106
PAK,2015,38.637,38.29129345528867,0.5156114748599214,37.280694964563224,39.30189194601411,2.021196981450892,1.2698112267640553
PAK,2016,39.142,38.82029191462552,0.515611500623725,37.80969337340302,39.83089045584802,2.021197082445002,1.1919576621850325
PAK,2017,40.192,39.32120171186729,0.5156116742140352,38.31060283040778,40.3318005933268,2.021197762919018,1.694839512635646
PAK,2018,38.856,39.39265892182284,0.515612804904539,38.382057824209944,40.40326001943574,2.0212021952257926,-0.41910544796212434
PAK,2019,40.203,39.873098393107654,0.5156201586771983,38.862482882100345,40.88371390411496,2.0212310220146175,1.1202673216287664
PAK,2020,40.93,40.301185039063256,0.5156679806864388,39.29047579691784,41.31189428120867,2.02141848429084,1.3330556158061668
PAK,2021,41.509,40.44435505748852,0.5159788775387055,39.43303645751266,41.45567365746439,2.0226371999517254,1.3001723724945293
PAK,2022,38.995,39.884336035591865,0.5179962068320612,38.86906347020103,40.8996086009827,2.0305451307816798,-1.8106171978012782
PAK,2023,38.984,39.744520744103426,0.5309286910029298,38.703900509737686,40.785140978469165,2.081240468731485,-0.990529349526696
PAK,2024,40.768,40.09277084594789,0.6083625781869112,38.90038019270154,41.28516149919424,2.384781306492692,1.248131584186872
PAN,2000,49.956,49.97024741714666,0.5639060804993304,48.864991499367974,51.075503334925344,2.210511835557375,0.0
PAN,2001,50.325,50.08454899742085,0.5237543953810674,49.05799038247396,51.111107612367746,2.0531172298937843,0.3689999999999998
PAN,2002,48.252,48.552818127613634,0.5217878101883586,47.53011401964445,49.57552223558282,2.045408215938366,-1.9947533009382497
PAN,2003,47.025,47.26679906134931,0.5216935184309046,46.24427976522474,48.28931835747388,2.045038592249146,-1.6628851193711967
PAN,2004,45.685,46.10395757496204,0.5216890024363728,45.081447130186746,47.12646801973733,2.0450208895505817,-1.703880743386982
PAN,2005,46.558,46.54289004454959,0.5216887861595705,45.52038002367683,47.565400065422345,2.0450200417455164,0.5001231671821387
PAN,2006,47.778,47.4414803822278,0.521688775801822,46.41897038165623,48.46399038279937,2.0450200011431425,1.3294471825440297
PAN,2007,46.869,47.00729108227194,0.5216887753057773,45.98478108267262,48.02980108187126,2.045019999198647,-0.6180631256579332
PAN,2008,47.002,47.036189349578684,0.5216887752820213,46.013679350025924,48.058699349131444,2.0450199991055236,-0.002257238965320596
PAN,2009,47.381,47.35714789454959,0.5216887752808834,46.33463789499906,48.37965789410012,2.045019999101063,0.378506024712415
PAN,2010,48.071,47.9189533161342,0.521688775280829,46.89644331658378,48.94146331568462,2.0450199991008495,0.772832444985184
PAN,2011,48.154,48.08164876508875,0.5216887752808264,47.05913876553833,49.10415876463917,2.0450199991008393,0.25212703313162876
PAN,2012,48.053,47.91804573164991,0.5216887752808264,46.89553573209949,48.940555731200334,2.0450199991008393,-0.04582439581500353
PAN,2013,46.051,46.53704392426604,0.5216887752808264,45.514533924715614,47.55955392381646,2.0450199991008393,-2.0120282333635515
PAN,2014,47.092,46.97264230915622,0.5216887752808264,45.9501323096058,47.99515230870664,2.0450199991008393,0.600686749833109
PAN,2015,47.063,47.08786884768089,0.5216887752808264,46.065358848130465,48.11037884723131,2.0450199991008393,0.10245458436686761
PAN,2016,47.418,47.53832084535461,0.5216887752808264,46.51581084580419,48.560830844905034,2.0450199991008393,0.37742121173501175
PAN,2017,49.88,49.47115554336269,0.5216887752808264,48.44864554381227,50.493665542913114,2.0450199991008393,2.54459504397866
PAN,2018,51.304,50.88105211090285,0.5216887752808397,49.858542111352406,51.903562110453294,2.0450199991008917,1.9808604334640805
PAN,2019,51.166,50.981492439315154,0.5216887752823115,49.958982439761826,52.00400243886848,2.045019999106661,0.2954924734766138
PAN,2020,49.414,49.83996295354013,0.5216887754453662,48.817452953667214,50.86247295341305,2.0450199997458354,-1.6873342814783285
PAN,2021,50.451,50.3801035404702,0.5216887935088732,49.35759350519281,51.402613575747594,2.045020070554783,0.6677429342809376
PAN,2022,51.324,51.09671788646331,0.521690794615316,50.07420392901729,52.11923184390933,2.0450279148920387,1.019129192818383
PAN,2023,51.745,51.05618412793997,0.5219124335581392,50.03323575816602,52.07913249771392,2.0458967395479055,0.6440267348086124
PAN,2024,44.222,45.83749383928356,0.5459091460330382,44.767511913058804,46.907475765508316,2.1399638524495095,-7.382060871962068
PER,2000,48.174,48.76916928647425,0.6129530719825964,47.56778126538836,49.97055730756014,2.402776042171778,0.0
PER,2001,51.48,49.74521865393317,0.5476394277192471,48.671845375603446,50.8185919322629,2.1467465566594486,3.3059999999999974
PER,2002,47.462,48.2705284702149,0.538908557625787,47.214267697268355,49.32678924316144,2.112521545893085,-2.94499937436526
PER,2003,47.546,47.73862111782499,0.5377923338928465,46.68454814339501,48.79269409225497,2.1081459488599585,-0.9534347069467728
PER,2004,47.445,47.39623505075465,0.5376505381913907,46.342439995899525,48.45003010560977,2.1075901097102516,-0.44017701517382335
PER,2005,46.457,46.915702166210146,0.5376325405415996,45.86194238674861,47.96946194567168,2.1075195589230704,-1.1447832325222294
PER,2006,46.838,47.034676242617415,0.5376302564008713,45.980920940071705,48.088431545163125,2.107510605091415,-0.026815358380581245
PER,2007,47.635,47.47217821643597,0.5376299665169544,46.41842348206274,48.5259329508092,2.107509468746461,0.7874471587575158
PER,2008,47.82,47.74737326339168,0.5376299297273898,46.693618601126,48.80112792565736,2.107509324531368,0.4655249355148996
PER,2009,47.434,47.96531336993456,0.5376299250583767,46.911558716820146,49.01906802304898,2.107509306228837,-0.22015853001160224
PER,2010,49.449,49.02417295586899,0.5376299244658264,47.97041830391597,50.07792760782201,2.1075093039060393,1.9365693662220593
PER,2011,50.024,49.64391440048846,0.5376299243906267,48.59015974868284,50.69766905229409,2.107509303611257,1.2648954290953043
PER,2012,49.803,49.808813247525215,0.5376299243811027,48.755058595738255,50.862567899312175,2.1075093035739223,0.22961415852618927
PER,2013,50.078,50.013654890893164,0.5376299243801145,48.95990023910814,51.06740954267819,2.1075093035700485,0.35679916573229065
PER,2014,49.862,50.1603980576334,0.5376299243824455,49.106643405843805,51.214152709423,2.1075093035791865,-0.08889166191441689
PER,2015,50.991,50.78402616827444,0.5376299244101126,49.73027151643062,51.837780820118255,2.107509303687641,1.0973326854410246
PER,2016,50.775,51.2141016698923,0.5376299247186077,50.16034701744383,52.26785632234077,2.107509304896942,0.17492057204602673
PER,2017,52.931,52.38643520987173,0.537629928156053,51.332680550685865,53.44018986905759,2.107509318371728,2.2183147847449476
PER,2018,53.445,52.96089572252484,0.5376299664579108,51.90714098826734,54.01465045678234,2.1075094685150106,1.304266157325081
PER,2019,53.002,52.91538699519309,0.5376303932375236,51.861631424447545,53.96914256593863,2.1075111414910923,0.02163982991347524
PER,2020,52.247,52.73090623991715,0.5376351486214527,51.6771413486191,53.78467113121519,2.1075297825960946,-0.7472908933626172
PER,2021,53.496,53.2398672795903,0.537688132808997,52.18599853928467,54.29373601989593,2.107737480611268,0.9827804775215441
PER,2022,53.618,53.459594434074425,0.5382781581656622,52.40456924406973,54.514619624079124,2.1100503800093957,0.47211178612072047
PER,2023,54.426,53.48246623378587,0.5448093106597818,52.4146399848927,54.55029248267904,2.1356524977863445,0.9761880180446951
PER,2024,50.989,52.08952877713198,0.612892613175062,50.88825925530886,53.2907982989551,2.402539043646243,-3.08923675235269
PHL,2000,44.46,44.10716335511854,0.9046818316959344,42.33398696499451,45.880339745242566,3.5463527802480628,0.0
PHL,2001,43.378,43.69796772838407,0.7583351277820751,42.211630877931206,45.18430457883694,2.9726737009057342,-1.0820000000000007
PHL,2002,43.254,43.384509347676556,0.7110956450750442,41.99076188332947,44.77825681202364,2.7874949286941733,-0.6078569478367655
PHL,2003,43.122,42.94720998441954,0.6956886861436871,41.58366015957791,44.310759809261164,2.7270996496832534,-0.45579065724341916
PHL,2004,41.491,41.92038930770882,0.6906736133270676,40.566669025587764,43.27410958982987,2.7074405642421047,-1.8853720965918797
PHL,2005,38.331,40.36575732314587,0.6890433057286726,39.015232443917675,41.71628220237407,2.7010497584563966,-4.227345326330955
PHL,2006,38.248,39.460289933612124,0.6885135880363661,38.11080330106085,40.8097765661634,2.698973265102555,-2.487109478832629
PHL,2007,38.11,38.958664452638835,0.6883415021548009,37.60951510841542,40.30781379686225,2.69829868844682,-1.5545123696240282
PHL,2008,38.539,38.86743634037947,0.6882856009027181,37.51839656261014,40.2164761181488,2.698079555538655,-0.4567819174737835
PHL,2009,38.952,39.034886674776345,0.6882674419899782,37.68588248847599,40.3838908610767,2.6980083726007145,0.1526792525635372
PHL,2010,39.905,39.45259197224324,0.6882615433003023,38.10359934737465,40.801584597111834,2.6979852497371852,1.0400165269935755
PHL,2011,39.833,39.79762034381636,0.6882596271904173,38.44863147452315,41.14660921310958,2.697977738586436,0.5207465783043332
PHL,2012,40.866,40.44032736634655,0.6882590047683348,39.091339717000615,41.78931501569249,2.697975298691872,1.3297956588351099
PHL,2013,41.749,41.25715116890851,0.6882588025831983,39.908163915845435,42.60613842197158,2.6979745061261373,1.6409085017634695
PHL,2014,43.404,42.347223494077426,0.6882587369076186,40.99823636973849,43.69621061841636,2.697974248677865,2.5902257936487842
PHL,2015,44.256,43.378610533424954,0.6882587155915046,42.02962345086561,44.7275976159843,2.697974165118698,2.3282836633327904
PHL,2016,45.026,44.48398771183362,0.6882587088789051,43.13500064243097,45.832974781236274,2.6979741388053076,2.0969913948350225
PHL,2017,48.377,46.0898152994066,0.6882587092300597,44.74082822931569,47.438802369497516,2.697974140181834,4.546167768092758
PHL,2018,47.915,46.83691675054907,0.6882587396269594,45.48792962088023,48.185903880217914,2.6979742593376805,2.129061285240091
PHL,2019,47.336,47.169714930016234,0.6882591117349343,45.82072707101576,48.51870278901671,2.6979757180009423,0.634445821330651
PHL,2020,47.905,47.649906716951996,0.6882635655265014,46.30091012852005,48.99890330538394,2.697993176863885,0.930598624049928
PHL,2021,49.562,48.32674052197392,0.6883168390969487,46.977639517343896,49.67584152660394,2.698202009260039,2.1873891534273966
PHL,2022,48.442,48.35484187882237,0.688953762369933,47.0044925045773,49.70519125306744,2.7006987484901375,0.12668944419255013
PHL,2023,48.38,48.3180808052063,0.696527297023039,46.952887303041145,49.683274307371455,2.7303870043303125,0.010205895563466072
PHL,2024,47.923,48.180149188592985,0.7814500827207916,46.64850702646023,49.71179135072574,3.0632843242655032,-0.4511832104964313
PLW,2013,43.147,43.22255379429663,1.3004854670228128,40.67360227893192,45.77150530966134,5.097903030729426,0.0
PLW,2014,44.256,43.99319070598472,1.2200177547417574,41.601955906690876,46.38442550527857,4.7824695985876895,1.1090000000000018
PLW,2015,43.242,43.383958178854996,1.2169057459364057,40.99882291681964,45.76909344089035,4.77027052407071,-0.8031955286476133
PLW,2016,43.221,43.21562145446684,1.216787669626167,40.830717621999554,45.60052528693413,4.769807664934575,-0.17724867766280283
PLW,2017,42.528,42.745642476639546,1.2167831930307365,40.360747418299304,45.13053753497979,4.769790116680487,-0.7275107244377281
PLW,2018,43.872,43.64096850986194,1.216783023315783,41.25607378416301,46.02586323556088,4.76978945139787,1.2023473447103115
PLW,2019,43.709,43.677213692715384,1.2167830168820288,41.29231897962661,46.06210840580416,4.769789426177553,0.07110775960790505
PLW,2020,43.488,43.46582957340992,1.216783016704485,41.08093486066913,45.85072428615071,4.769789425481582,-0.20715468387673752
PLW,2021,42.537,42.729380482458865,1.2167830275415124,40.3444857484775,45.11427521644023,4.769789467962728,-0.9913348678910907
PLW,2022,42.77,42.72182487235872,1.2167847996510255,40.336926665042704,45.10672307967473,4.76979641463202,0.03997824356838464
PLW,2023,43.371,42.245930466924236,1.2170742999550832,39.86046483901227,44.6313960948362,4.7709312558239265,0.6087841212314586
PLW,2024,27.276,30.386760348609158,1.263483644946872,27.91033240451329,32.863188292705026,4.952855888191738,-15.976464292063017
PNG,2000,38.359,38.362747260982005,0.9903725802734393,36.42161700364606,40.30387751831795,3.882260514671882,0.0
PNG,2001,38.644,38.38051610455185,0.9059277321056819,36.60489774962471,40.15613445947899,3.551236709854273,0.2849999999999966
PNG,2002,37.17,37.25782161342877,0.9000004547502837,35.49382072211821,39.021822504739326,3.528001782621112,-1.4030076687342756
PNG,2003,35.382,35.615572942971156,0.8995954584578563,33.85236584439376,37.37878004154855,3.5264141971547964,-2.1531943381707705
PNG,2004,33.037,33.66844002087476,0.899567842210793,31.905287050141606,35.431592991607914,3.5263059414663087,-2.907101750362152
PNG,2005,32.761,32.91198369661109,0.8995659593522676,31.148834416280643,34.67513297694153,3.526298560660889,-1.0350636914725513
PNG,2006,33.331,32.20496702994042,0.8995658309813676,30.44181800121694,33.9681160586639,3.5262980574469607,0.2997342940302943
PNG,2008,23.05,25.994554070913427,0.8995658222292086,24.23140505934418,27.757703082482674,3.5262980231384975,-10.202736240926047
PNG,2009,28.134,27.657229501741874,0.8995658216324979,25.894080491342176,29.42037851214157,3.5262980207993917,2.419958689996939
PNG,2010,28.748,28.57658535791358,0.899565821591815,26.813436347593623,30.339734368233536,3.526298020639915,1.2458765666470732
PNG,2011,29.811,29.488773444719143,0.8995658215890412,27.725624434404622,31.251922455033665,3.5262980206290413,1.388311424068295
PNG,2012,29.676,29.72750085815161,0.8995658215888521,27.96435184783746,31.490649868465763,3.5262980206283,0.2275026575773822
PNG,2013,30.752,30.3848601315746,0.8995658215888392,28.621711121260475,32.14800914188873,3.52629802062825,1.1354033273429103
PNG,2014,29.826,29.965955135089935,0.8995658215888382,28.20280612477581,31.729104145404058,3.526298020628246,-0.6295342960886252
PNG,2015,29.419,29.821194171295794,0.8995658215888384,28.05804516098167,31.584343181609917,3.5262980206282464,-0.5713780000742403
PNG,2016,31.371,31.32080222272119,0.8995658215888406,29.557653212407065,33.08395123303532,3.526298020628255,1.8028072180941166
PNG,2017,34.857,33.81342206846627,0.8995658215889492,32.05027305815192,35.57657107878061,3.5262980206286807,3.9567318518957997
PNG,2018,33.669,33.751578145334534,0.8995658215941557,31.988429135009987,35.51472715565908,3.52629802064909,-0.15485586045797106
PNG,2019,34.004,34.00137506826787,0.8995658218440017,32.23822605745362,35.764524079082115,3.5262980216284867,0.29456551247483986
PNG,2020,34.589,34.44170742035297,0.899565833833387,32.67855838603953,36.204856454666405,3.526298068626877,0.6619141413459104
PNG,2021,34.997,34.593090760787554,0.8995664091690002,32.829940598816314,36.35624092275879,3.526300323942481,0.5808327169009146
PNG,2022,32.466,33.0979498435446,0.8995940174226028,31.334745569396297,34.8611541176929,3.5264085482966028,-2.3793384924775864
PNG,2023,33.971,33.16125094998796,0.9009178629592304,31.39545193858787,34.92704996138805,3.531598022800183,0.8837297922874896
PNG,2024,28.312,29.729372655377926,0.9623071353184834,27.843250670153697,31.615494640602154,3.772243970448455,-5.428248892769151
POL,2000,61.958,61.8768746330722,0.5972526146171163,60.70625950842265,63.04748975772175,2.341230249299096,0.0
POL,2001,61.512,61.744229118210235,0.5083117038268299,60.747938178709646,62.740520057710825,1.9925818790011731,-0.44599999999999795
POL,2002,62.336,61.87178420540371,0.4868816490040314,60.917496173355815,62.82607223745161,1.9085760640958032,0.6424063147762524
POL,2003,61.216,61.41287327574426,0.48177556221811796,60.46859317379675,62.35715337769177,1.8885602038950224,-0.8191785342627398
POL,2004,60.423,60.841879184997396,0.48056567502271985,59.89997046195286,61.78378790804193,1.8838174460890618,-1.1879000267978839
POL,2005,60.12,60.38459248220199,0.4802794226623494,59.443244813783785,61.32594015062019,1.8826953368364097,-0.8794827874540374
POL,2006,59.447,59.911278051862176,0.48021172181257776,58.97006307710952,60.85249302661483,1.8824299495053047,-1.100478756186007
POL,2007,59.141,59.705431000774894,0.4801957114468497,58.76424740633907,60.64661459521072,1.8823671888716507,-0.8410933894804273
POL,2008,60.322,60.15725880658576,0.48019192528299587,59.216082633031085,61.09843498014043,1.8823523471093437,0.771993568232368
POL,2009,60.812,60.76970355887448,0.4801910299276465,59.8285291402163,61.71087797753267,1.8823488373163744,0.865412374799611
POL,2010,62.558,61.87018601419365,0.48019081819347303,60.92901201053444,62.811360017852856,1.8823480073184142,2.1668430193391046
POL,2011,63.715,62.93392020051453,0.48019076812246164,61.992746294994504,63.87509410603455,1.8823478110400496,2.21071940613988
POL,2012,64.424,63.78854842714727,0.480190756281643,62.84737454483525,64.72972230945929,1.8823477646240405,1.7840564559952625
POL,2013,64.828,64.46335693362711,0.4801907534815254,63.52218305680332,65.40453081045091,1.8823477536475794,1.2715734829278276
POL,2014,65.801,65.20093570113508,0.4801907528194344,64.25976182560899,66.14210957666117,1.8823477510521829,1.5913568062282764
POL,2015,66.233,65.70619713034002,0.48019075266411854,64.76502325511834,66.6473710055617,1.8823477504433446,1.2058650805798408
POL,2016,66.336,65.87946330923927,0.4801907526465582,64.93828943405201,66.82063718442653,1.882347750374508,0.6894032974235813
POL,2017,65.492,65.52687221718752,0.48019075293503105,64.58569834143485,66.46804609294018,1.8823477515053217,-0.5087482596052126
POL,2018,64.318,64.90902483535713,0.4801907574703718,63.9678509507152,65.85019871999906,1.8823477692838575,-1.4214005275301673
POL,2019,63.968,64.61775438276477,0.4801908267364761,63.67658036236128,65.55892840316827,1.8823480408069864,-1.041216596238499
POL,2020,65.259,65.03469037027538,0.48019188413561376,64.09351427736958,65.97586646318119,1.882352185811606,0.7846640463673396
POL,2021,65.735,65.4918851091367,0.4802080257473666,64.55067737867186,66.43309283960154,1.882415460929677,0.8575763402487269
POL,2022,66.783,65.99748777366375,0.48045437082749093,65.05579720684187,66.93917834048563,1.8833811336437645,1.4650330511650083
POL,2023,66.212,65.78504212574612,0.4841994316898393,64.83601123963403,66.7340730118582,1.8980617722241702,0.14143477077240618
POL,2024,63.419,64.74376873862273,0.5381441773812975,63.68900615095539,65.79853132629007,2.109525175334686,-2.724221313802886
PRK,2000,17.06,16.807130581685858,0.8039045229464699,15.231477716710776,18.382783446660937,3.151305729950162,0.0
PRK,2001,15.775,16.35781454318745,0.707859123265498,14.970410661587076,17.74521842478783,2.7748077632007524,-1.2849999999999984
PRK,2002,16.883,16.697978195037777,0.6926937472303192,15.340298450466351,18.0556579396092,2.715359489142851,0.6615020681427062
PRK,2003,16.883,16.877386152144076,0.6903848640105915,15.524231818683317,18.230540485604834,2.706308666921519,0.2530530228501604
PRK,2004,17.23,17.12341137788014,0.6900356545335037,15.77094149499447,18.475881260765807,2.7049397657713343,0.4451201804492193
PRK,2005,18.209,17.300108313501294,0.6899828921077216,15.94774184497016,18.652474782032428,2.7047329370622686,1.1519422295914907
PRK,2006,14.902,16.071735036893745,0.68997492141767,14.719384190915111,17.42408588287238,2.7047016919572666,-2.859300368391013
PRK,2007,16.261,16.22734928814559,0.689973717333421,14.875000802172083,17.579697774119094,2.7046969719470106,0.2476885376479281
PRK,2008,16.965,16.39413621792695,0.6899735354402955,15.04178808846397,17.746484347389927,2.704696258925958,0.8002686629842728
PRK,2009,15.308,15.70207664172816,0.6899735079629064,14.349728566120863,17.054424717335458,2.704696151214593,-1.3459606769533963
PRK,2010,14.96,15.358327095164992,0.6899735038120796,14.005979027693316,16.71067516263667,2.704696134943352,-0.8711327722183082
PRK,2011,14.817,15.517462004424631,0.689973503185042,14.16511393818195,16.869810070667313,2.7046961324853647,-0.4815820409313556
PRK,2012,17.676,16.88463363606318,0.6899735030903221,15.53228557000615,18.236981702120215,2.7046961321140626,2.6718241341796904
PRK,2013,17.828,17.542769024310125,0.6899735030760473,16.190420958281074,18.895117090339177,2.7046961320581056,1.1904544135841562
PRK,2014,17.846,18.015449202963254,0.6899735030743451,16.663101136937538,19.36779726898897,2.7046961320514327,0.4806923696977634
PRK,2015,19.331,18.964422670642314,0.6899735030801846,17.61207460460515,20.316770736679477,2.7046961320743232,1.6718300785783455
PRK,2016,19.421,19.718773116183687,0.6899735031628926,18.366425049984418,21.071121182382957,2.704696132398539,0.7397880237778942
PRK,2017,22.036,21.277773263796355,0.6899735042736324,19.925425195420036,22.630121332172674,2.7046961367526388,2.902532449705717
PRK,2018,22.713,22.263017837039623,0.6899735191817667,20.91066973944336,23.615365934635886,2.7046961951925255,1.8051235148310667
PRK,2019,23.809,22.933205324003175,0.689973719274521,21.580856834225113,24.285553813781238,2.704696979556122,1.7975950104061411
PRK,2020,22.651,22.461419129769375,0.6899764048573532,21.109065376248964,23.813772883289786,2.7047075070408244,-0.4593310836239617
PRK,2021,20.275,21.480937793696608,0.6900124489801636,20.12851339369549,22.833362193697727,2.704848800002241,-2.554527615283533
PRK,2022,22.246,22.048471485876647,0.6904960409214965,20.695099245670512,23.40184372608278,2.7067444804122665,0.9781350718649513
PRK,2023,21.506,22.534950479820452,0.6969542011742259,21.16892024551897,23.900980714121935,2.7320604686029655,-0.35982951289184584
PRK,2024,26.974,24.903116601452517,0.778465667247004,23.377323893648388,26.428909309256646,3.0515854156082556,5.328145530891597
PRT,2000,65.798,65.98426350355795,0.48394491096406766,65.03573147806839,66.93279552904752,1.8970640509791452,0.0
PRT,2001,66.368,66.30258318603072,0.4262588637751369,65.46711581303146,67.13805055902998,1.6709347459985366,0.5699999999999932
PRT,2002,66.839,66.62293488837395,0.4170630485301589,65.80549131325483,67.44037846349306,1.634887150238223,0.6696799469760748
PRT,2003,66.758,66.72743442940508,0.4156510708398003,65.91275833055907,67.54211052825109,1.6293521976920171,0.17616978272218375
PRT,2004,66.668,66.8249331442851,0.4154357404414759,66.0106790930198,67.63918719555039,1.6285081025305856,-0.021413566578061705
PRT,2005,67.293,67.20644481917857,0.415402937028515,66.39225506260269,68.02063457575446,1.6283795131517786,0.6166460273460359
PRT,2006,67.647,67.60218530377323,0.41539794057598867,66.78800534024428,68.41636526730217,1.6283599270578755,0.5946447645116706
PRT,2007,68.187,68.08311815289663,0.41539717956016825,67.2689396809587,68.89729662483457,1.6283569438758596,0.772069921328935
PRT,2008,68.953,68.59019416054649,0.4153970636493537,67.77601591579375,69.40437240529923,1.6283564895054665,1.0673152087836968
PRT,2009,68.868,68.72820403950193,0.41539704599491234,67.9140258293519,69.54238224965196,1.6283564203000565,0.3315408507379374
PRT,2010,68.731,68.70147897488954,0.41539704330595467,67.88730077000987,69.5156571797692,1.6283564097593424,-0.007609609770028669
PRT,2011,68.393,68.61803141523487,0.4153970428963983,67.80385321115793,69.4322096193118,1.6283564081538813,-0.3409698011596305
PRT,2012,68.929,68.85421920953645,0.41539704283402146,68.04004100558177,69.66839741349114,1.628356407909364,0.4029297709791848
PRT,2013,69.098,69.06603179232818,0.41539704282455797,68.25185358839204,69.88020999626431,1.6283564078722672,0.32625133649129623
PRT,2014,69.385,69.31094337808794,0.41539704282358964,68.49676517415371,70.12512158202217,1.6283564078684714,0.4143260562884734
PRT,2015,69.678,69.53603890016845,0.41539704282946527,68.72186069622269,70.35021710411421,1.6283564078915038,0.45469896293100476
PRT,2016,69.683,69.62720012801009,0.4153970429070531,68.81302192391226,70.44137833210792,1.628356408195648,0.1824552906726069
PRT,2017,69.764,69.666770382921,0.4153970438954065,68.852592176886,70.480948588956,1.6283564120699934,0.15220679676144755
PRT,2018,69.362,69.56961540386726,0.4153970564802396,68.75543717316599,70.38379363456853,1.6283564614025392,-0.3425982780617005
PRT,2019,69.521,69.75944062314711,0.4153972167237264,68.94526207836861,70.57361916792561,1.6283570895570076,0.02529422546842852
PRT,2020,70.574,70.39719131355469,0.4153992571092152,69.58300876962062,71.21137385748875,1.6283650878681235,1.0628715732798355
PRT,2021,70.732,71.00845169629923,0.41542523659608294,70.1942182325709,71.82268516002756,1.628466927456645,0.5728067168842585
PRT,2022,73.113,72.29262505405443,0.4157558931804568,71.47774350342073,73.10750660468813,1.6297631012673905,2.6045491846929423
PRT,2023,74.191,72.79628220423398,0.41994340266428104,71.97319313501198,73.61937127345597,1.6461781384439818,2.094476988778794
PRT,2024,69.995,71.31356130595371,0.4700125632887991,70.39233668190766,72.23478592999976,1.8424492480920924,-3.3785888045683663
PRY,2000,34.904,35.2786068918623,0.7469361667812755,33.814612004971,36.7426017787536,2.9279897737826,0.0
PRY,2001,36.434,35.962124499066334,0.6605302443877447,34.667485220066354,37.256763778066315,2.589278557999959,1.529999999999994
PRY,2002,36.118,36.07981381691708,0.6477371880884738,34.810248928263675,37.34937870557049,2.539129777306817,0.20238709665529342
PRY,2003,36.22,36.177927806383934,0.6459135336709504,34.91193728038887,37.443918332379,2.5319810519901256,0.17707660186911767
PRY,2004,36.25,36.24330860848559,0.645655207217857,34.97782440233859,37.50879281463259,2.530968412293999,0.09648015484788175
PRY,2005,36.267,36.32265408538337,0.645618647934078,35.057241535432574,37.588066635334165,2.5308250999015858,0.053282672941357134
PRY,2006,36.327,36.525654327473916,0.6456134746059098,35.260251917246336,37.791056737701496,2.5308048204551663,0.080042436316063
PRY,2007,36.961,37.13915670250506,0.6456127425666275,35.873755727074474,38.40455767793565,2.53080195086118,0.6641092135849433
PRY,2008,38.916,38.286905924605584,0.6456126389814502,37.02150515220194,39.55230669700923,2.5308015448072845,2.204816250238153
PRY,2009,39.023,38.82403986323873,0.6456126243239239,37.55863911956384,40.08944060691362,2.5308014873497813,0.9363806013876186
PRY,2010,39.384,39.235099724954004,0.6456126222498524,37.969698985344294,40.500500464563714,2.5308014792194213,0.7132361467596908
PRY,2011,39.702,39.55529960405848,0.6456126219563669,38.28989886502401,40.82070034309296,2.5308014780689585,0.5862964118211664
PRY,2012,39.814,39.753340214139854,0.6456126219148401,38.48793947518677,41.01874095309294,2.530801477906173,0.332545782164793
PRY,2013,39.88,39.92613896563806,0.6456126219089925,38.66073822669644,41.19153970457968,2.5308014778832506,0.1910929873937306
PRY,2014,40.234,40.24265358871309,0.6456126219085484,38.977252849772334,41.508054327653845,2.5308014778815098,0.42588301264378003
PRY,2015,40.752,40.69549906415121,0.6456126219136843,39.43009832520038,41.96089980310203,2.5308014779016426,0.6782034402221768
PRY,2016,41.149,41.22815647105354,0.6456126219848844,39.96275573196316,42.49355721014391,2.530801478180747,0.6521182392077947
PRY,2017,42.621,42.09830848857755,0.6456126229502865,40.83290774759499,43.363709229560115,2.5308014819651232,1.717305828716377
PRY,2018,42.517,42.42898724381301,0.6456126360371698,41.16358647718016,43.69438801044586,2.5308015332657057,0.5419950115557342
PRY,2019,42.841,42.739725990754835,0.6456128134410525,41.47432487641037,44.0051271050993,2.5308022286889256,0.5278810256731035
PRY,2020,43.039,43.000661911028615,0.6456152182977302,41.73525608316506,44.26606773889217,2.5308116557271023,0.39657179983756663
PRY,2021,43.244,43.2979141476324,0.6456478173048111,42.03244442571497,44.563383869549824,2.5309394438348596,0.3541775082427989
PRY,2022,44.42,43.79980291372676,0.6460895624756738,42.53346737127444,45.066138456179075,2.532671084904641,1.3092301443949026
PRY,2023,45.134,43.45731480274572,0.6520482714766901,42.17930019065141,44.73532941484003,2.556029224188625,1.2064901133595214
PRY,2024,37.463,40.17786160492336,0.7280278515177367,38.75092701594859,41.604796193898125,2.853869177949528,-7.217157369474414
QAT,2000,41.456,41.06484770169395,1.023997635196371,39.05781233670906,43.071883066678836,4.014070729969775,0.0
QAT,2001,40.12,40.7165576068501,0.8586837529632397,39.03353745104215,42.399577762658055,3.3660403116158997,-1.3360000000000056
QAT,2002,40.417,40.6876327399669,0.7989721220691751,39.121647380711316,42.253618099222486,3.1319707185111665,-0.3187767364176892
QAT,2003,40.905,40.858228406904004,0.7770786625930762,39.335154228221576,42.38130258558643,3.0461483573648587,0.3106583674001868
QAT,2004,42.304,41.125214043024116,0.7690560495648677,39.617864185876975,42.632563900171256,3.0146997142942813,1.5815125544247906
QAT,2005,39.485,40.655825323802304,0.7661198098926298,39.15423049641275,42.15742015119186,3.003189654779109,-1.8725177277500435
QAT,2006,40.513,40.7431343166263,0.7650457910298413,39.24364456620781,42.242624067044794,2.9989795008369775,-0.10004087950500207
QAT,2007,40.925,41.09074224318776,0.7646530282878078,39.59202230774366,42.58946217863186,2.9974398708882064,0.3515895868407384
QAT,2008,41.976,41.86642837280623,0.764509409858428,40.36798992948371,43.36486681612875,2.9968768866450377,1.2634944426298773
QAT,2009,44.067,43.20892293112954,0.7644568957698147,41.710587415420704,44.70725844683838,2.9966710314176734,2.8548756706583376
QAT,2010,47.073,44.99041035537155,0.7644376942206735,43.492112474699034,46.48870823604407,2.99659576134504,4.732183227658837
QAT,2011,48.565,46.58876725471931,0.7644306732883162,45.09048313507421,48.08705137436441,2.996568239290199,4.353407111975109
QAT,2012,49.956,47.93547039691735,0.7644281061304927,46.43719130890159,49.43374948493312,2.9965581760315314,4.023413521058252
QAT,2013,49.93,48.781773763595936,0.7644271674688884,47.283496515356916,50.280051011834956,2.9965544964780424,2.4068871370836504
QAT,2014,50.498,49.41221549973455,0.7644268242754673,47.913938924154635,50.910492075314465,2.996553151159832,2.023405181978461
QAT,2015,50.097,49.69490040085834,0.7644266989921557,48.196624070833714,51.19317673088296,2.9965526600492502,0.8225208591740625
QAT,2016,50.009,49.89042039452627,0.7644266550746106,48.39214415058003,51.3886966384725,2.9965524878924734,0.40936538979710946
QAT,2017,50.172,50.155087462976226,0.7644266566388448,48.65681121596409,51.65336370998836,2.9965524940242716,0.41053681929801655
QAT,2018,51.423,50.62986613092789,0.7644268213971658,49.13158956098944,52.128142700866334,2.9965531398768896,1.4992451735046188
QAT,2019,51.635,50.8626784095455,0.7644284113499263,49.364398723299644,52.36095809579136,2.9965593724917112,1.1185700462589026
QAT,2020,50.689,50.66577501405336,0.7644432447377365,49.1674662543674,52.16408377373932,2.996617519371927,-0.26961823034534405
QAT,2021,50.045,50.28350402135742,0.7645814397873479,48.78492439937422,51.78208364334063,2.997159243966404,-0.8070339170194956
QAT,2022,48.84,49.77144600038765,0.7658677967206972,48.27034511881508,51.27254688196022,3.0022017631451328,-1.6930007578784085
QAT,2023,48.511,49.5820435898737,0.7777504407730292,48.05765272595856,51.106434453788836,3.0487817278302747,-1.3527310176312923
QAT,2024,51.283,50.101431860186096,0.88078898704636,48.37508544557523,51.82777827479696,3.452692829221731,1.9540247599185605
ROU,2000,50.121,49.86587323461259,1.0124330889348252,47.881504380300335,51.85024208892485,3.9687377086245146,0.0
ROU,2001,49.262,49.67812149498275,0.8612742829019443,47.99002390049494,51.366219089470555,3.3761951889756214,-0.8590000000000018
ROU,2002,50.099,49.71377222711052,0.8097020012303617,48.12675630469901,51.30078814952203,3.174031844823018,0.4500848158078341
ROU,2003,49.756,49.50604804247846,0.792269412166002,47.953199994633096,51.05889609032383,3.105696095690728,-0.10077517075860953
ROU,2004,47.27,49.03295959603585,0.7864214142649107,47.49157362407663,50.574345567995074,3.08277194391845,-2.5429229847790538
ROU,2005,48.824,49.51207441484479,0.7844658466806551,47.9745213553507,51.04962747433888,3.075106118988168,0.09565290584290409
ROU,2006,51.817,50.68891577098232,0.7838126499512178,49.15264297707793,52.22518856488671,3.0725455878087735,3.0481294190735184
ROU,2007,52.21,51.691280448915734,0.7835945546942545,50.155435121714994,53.22712577611647,3.0716906544014777,2.152681847906372
ROU,2008,53.672,52.84226993722944,0.7835217445986483,51.30656731781609,54.37797255664279,3.0714052388267015,2.705423090515808
ROU,2009,54.916,54.00712663768976,0.7834974383487983,52.47147165852611,55.542781616853404,3.071309958327289,2.806981266837724
ROU,2010,56.643,55.13971486271732,0.7834893242939027,53.60407578710127,56.675353938333366,3.071278151232099,3.3487526921979907
ROU,2011,56.805,55.825310795676906,0.7834866156278526,54.28967702904632,57.360944562307495,3.071267533261182,2.0968043076303218
ROU,2012,56.681,56.193576211606334,0.7834857114258178,54.65794421721173,57.72920820600094,3.0712639887892057,1.0874760321057266
ROU,2013,56.515,56.417426798710096,0.7834854096817491,54.88179539573387,57.953058201686325,3.0712628059524563,0.46231525930619455
ROU,2014,56.719,56.686795992505324,0.7834853096216158,55.151164785646955,58.22242719936369,3.0712624137167337,0.4711138892399944
ROU,2015,57.532,57.06810208787829,0.7834852807035988,55.53247093769923,58.603733238057345,3.071262300358107,1.0851975806868595
ROU,2016,56.361,57.32724087425967,0.7834853011044506,55.79160968409495,58.862872064424394,3.071262380329446,-0.5440004830084746
ROU,2017,59.933,58.36304109329094,0.783485509338434,56.827409494987606,59.89867269159427,3.0712631966066612,3.2576903703201694
ROU,2018,59.336,58.859152234410864,0.7834869287879128,57.32351785398655,60.394786614835176,3.071268760848618,1.2852105779949596
ROU,2019,59.088,59.28132378961657,0.7834964498118119,57.74567074798542,60.81697683124772,3.0713060832623027,0.49456196184257806
ROU,2020,60.852,60.04247751022751,0.7835602591953781,58.506699402204575,61.57825561825045,3.0715562160458822,2.0497453146682005
ROU,2021,61.18,60.63791603241675,0.783987775240423,59.10129999294552,62.174532071887974,3.073232078942458,1.5122906760411965
ROU,2022,61.918,61.16489382427736,0.7868469844326249,59.62267373478941,62.707113913765305,3.0844401789758895,1.6117630643634726
ROU,2023,62.774,61.44790922409452,0.805747529714071,59.868644065854944,63.0271743823341,3.1585303164791583,1.787235678770216
ROU,2024,59.942,60.98163637976939,0.9224774990829258,59.17358048156686,62.78969227797192,3.616111796405069,-1.7993807104390314
RUS,2000,51.652,51.636120688375215,0.7686538187585034,50.12955920360855,53.14268217314188,3.0131229695333333,0.0
RUS,2001,51.697,51.55603202212445,0.7009576495199092,50.18215502906543,52.92990901518347,2.747753986118044,0.045000000000001705
RUS,2002,50.476,50.747849139988865,0.6960178835138182,49.38365408830178,52.11204419167595,2.7283901033741675,-1.2095890567385794
RUS,2003,50.468,50.4355302190816,0.6956665882851407,49.07202370604272,51.79903673212048,2.7270130260777514,-0.3291177070624087
RUS,2004,49.539,49.67320445816947,0.6956416566204446,48.3097468111934,51.036662105145545,2.726915293952143,-1.0166499873010864
RUS,2005,48.455,48.806164592650504,0.6956398874614922,47.44271041322598,50.169618772075026,2.7269083588490495,-1.3548129269699487
RUS,2006,48.766,48.744388922127264,0.6956397619227056,47.38093498875876,50.10784285549577,2.726907866737006,-0.04989774492553778
RUS,2007,48.506,48.522862110146,0.6956397530145318,47.15940819423752,49.88631602605448,2.726907831816965,-0.2732918748992361
RUS,2008,48.06,48.16782713873374,0.6956397523824119,46.804373224064214,49.53128105340327,2.726907829339055,-0.5188001176880874
RUS,2009,48.009,47.9750578003746,0.695639752337557,46.61160388579299,49.33851171495621,2.7269078291632236,-0.18919916839008977
RUS,2010,47.175,47.43974761161492,0.6956397523343741,46.076293697039546,48.80320152619029,2.7269078291507465,-0.8843993095812408
RUS,2011,47.564,47.62481976639734,0.6956397523341485,46.261365851822404,48.98827368097227,2.7269078291498623,0.1534116780344661
RUS,2012,48.377,48.270213838798796,0.6956397523341323,46.9067599242239,49.63366775337369,2.726907829149799,0.8538661556002864
RUS,2013,49.402,49.03609019769278,0.6956397523341312,47.67263628311788,50.39954411226768,2.7269078291497943,1.2524548301905796
RUS,2014,48.64,48.83122375938808,0.6956397523341311,47.46776984481318,50.19467767396298,2.726907829149794,-0.42836820202564496
RUS,2015,49.557,49.320661741263656,0.6956397523341312,47.95720782668876,50.68411565583855,2.7269078291497943,0.8028902932131246
RUS,2016,48.504,49.178093709382544,0.6956397523341317,47.81463979480765,50.54154762395744,2.726907829149796,-0.839124237262844
RUS,2017,53.007,52.03780656814569,0.6956397523341666,50.67435265357072,53.40126048272066,2.7269078291499333,4.279472155918576
RUS,2018,53.439,53.121750334499744,0.6956397523360451,51.758296419921095,54.48520424907839,2.726907829157297,1.5719756345249323
RUS,2019,53.909,53.765944183131865,0.6956397524374515,52.40249026835446,55.12939809790927,2.7269078295548095,0.8887464846445852
RUS,2020,54.647,54.36059192013666,0.6956397579110959,52.99713799463092,55.72404584564241,2.7269078510114957,0.9747463324567534
RUS,2021,54.696,54.190792902691896,0.6956400533645409,52.827338398097396,55.5542474072864,2.7269090091890003,0.30865516969340234
RUS,2022,50.448,51.50612246698723,0.6956560010088133,50.142636705009956,52.8696082289645,2.726971523954548,-4.165779726073453
RUS,2023,49.925,51.17882672243287,0.6965162727660267,49.81365482781146,52.543998617054285,2.7303437892428244,-1.6326899836008693
RUS,2024,58.561,56.37637737276457,0.7414720828912204,54.92309209029778,57.82966265523137,2.906570564933584,8.201080287421945
RWA,2000,17.003,17.706467075217777,1.6660945790261223,14.440921700326577,20.972012450108977,6.5310907497824,0.0
RWA,2001,17.345,18.188914599126793,1.38493789448417,15.47443632593782,20.903392872315766,5.428956546377946,0.34199999999999875
RWA,2002,21.287,19.421511761068384,1.2597594220301507,16.952383293889287,21.89064022824748,4.938256934358191,4.108919150341794
RWA,2003,21.941,20.409520893153807,1.201266423360219,18.055038703367778,22.764003082939837,4.708964379572058,3.143340171507006
RWA,2004,23.243,21.341881909859417,1.1735497862173272,19.041724328873457,23.642039490845377,4.600315161971922,3.3526706289380925
RWA,2005,22.825,22.018467669433925,1.1603618374944502,19.744158467944803,24.292776870923046,4.548618402978245,1.8377348120113162
RWA,2006,24.065,22.896798125175877,1.1540784000602522,20.634804461057783,25.15879178929397,4.523987328236188,2.4936938586994444
RWA,2007,25.476,23.980193499651598,1.151083174171785,21.7240704782749,26.236316521028296,4.5122460427533975,3.12313947094205
RWA,2008,27.21,25.29347981141768,1.1496551101152752,23.04015579559174,27.546803827243618,4.506648031651879,3.884795489874861
RWA,2009,29.751,26.827457414391468,1.1489741790038364,24.575468023543948,29.079446805238987,4.5039787816950385,5.22015294336369
RWA,2010,30.496,28.195266303824297,1.1486494839437957,25.94391331529446,30.446619292354136,4.502705977059679,4.347534183333625
RWA,2011,32.383,29.607545156444345,1.1484946535872766,27.35649563541328,31.85859467747541,4.502099042062125,4.888294536601396
RWA,2012,32.993,30.816854990982698,1.1484208223268877,28.565950179222,33.067759802743396,4.5018096235214,3.9851263874626603
RWA,2013,34.778,31.977793824256267,1.14838561555782,29.72695801776294,34.228629630749595,4.501671612986654,4.536735856553058
RWA,2014,33.799,32.64853679425785,1.1483688270577082,30.397733893224743,34.89933969529096,4.501605802066216,2.153732983270153
RWA,2015,34.37,33.32786369351335,1.1483608217355428,31.077076482911686,35.578650904115015,4.501574421203328,2.058232997165028
RWA,2016,34.428,34.092716581491985,1.148357007750629,31.84193684630075,36.343496316683215,4.501559470382466,1.479298034541067
RWA,2017,37.629,35.47702408993372,1.1483552200003058,33.226247858733124,37.72780032113432,4.501552462401198,4.222522535263167
RWA,2018,39.961,37.0179441036243,1.1483546494645351,34.76716899067381,39.268719216574794,4.501550225900978,5.247849038778753
RWA,2019,41.853,38.39135262688172,1.1483569443442794,36.14057301596693,40.64213223779651,4.5015592218295755,5.5158880166065885
RWA,2020,40.97,39.092016396629425,1.1483814073477423,36.84118883822785,41.342843955031,4.50165511680315,2.9259831822622857
RWA,2021,41.39,39.37957058007138,1.148605792574327,37.1283032266257,41.630837933517064,4.502534706891361,2.440531035447705
RWA,2022,37.101,38.723708953973976,1.1506473524498135,36.468440143172344,40.97897776477561,4.510537621603269,-2.6036966829340145
RWA,2023,36.922,38.37014876498638,1.1690697631608502,36.078772029191114,40.66152550078165,4.582753471590533,-1.9769770750569364
RWA,2024,39.096,38.537483000070985,1.3250563019601522,35.940372648229086,41.13459335191288,5.194220703683797,0.8088027564047948
SAU,2000,43.991,44.03895746819412,0.9294235703482887,42.21728727031147,45.860627666076766,3.6433403957652915,0.0
SAU,2001,43.916,44.188575227147574,0.8327925011404858,42.55630192491222,45.82084852938293,3.264546604470704,-0.07500000000000284
SAU,2002,46.315,45.20999506534587,0.8225742481786172,43.597749538915785,46.82224059177596,3.2244910528601793,2.3767343596768313
SAU,2003,43.193,43.73518094507845,0.8215264623107019,42.12498907894947,45.345372811207426,3.2203837322579516,-2.3679295027068505
SAU,2004,42.396,42.833152928001994,0.8214194103585053,41.223170883699325,44.44313497230466,3.219964088605341,-1.5531703124728296
SAU,2005,42.856,42.58369386586111,0.8214084770031579,40.97373325093492,44.193654480787295,3.2199212298523787,-0.036314115663067525
SAU,2006,40.699,41.386516621178366,0.8214073604082472,39.776558194778204,42.99647504757853,3.219916852800329,-2.1686049235761544
SAU,2007,41.058,41.36328017169837,0.8214072463737846,39.75332196880575,42.97323837459099,3.2199164057852356,-0.33402713656472827
SAU,2008,42.384,42.20044857445402,0.8214072347277945,40.590490394387544,43.8104067545205,3.2199163601329546,1.219253939357671
SAU,2009,43.115,43.06947519184846,0.8214072335384253,41.459517014113146,44.679433369583776,3.219916355470627,1.1206406909606912
SAU,2010,44.878,44.387638180337916,0.8214072334169585,42.777680002840675,45.99759635783516,3.2199163549944774,2.1211265577664165
SAU,2011,45.479,45.17824925000023,0.8214072334045537,43.5682910725273,46.788207427473154,3.2199163549458505,1.2788548730345255
SAU,2012,46.172,45.63339158307686,0.8214072334032867,44.02343340560642,47.2433497605473,3.219916354940884,1.1016875460036246
SAU,2013,44.438,44.846804473355675,0.8214072334031574,43.236846295885485,46.456762650825866,3.2199163549403766,-1.381930356183311
SAU,2014,44.532,44.70839721206662,0.8214072334031445,43.09843903459646,46.318355389536784,3.2199163549403265,-0.347627692031395
SAU,2015,44.774,44.983771017608696,0.8214072334031524,43.37381284013852,46.59372919507887,3.219916354940357,0.1309075598990148
SAU,2016,45.968,46.04472834704014,0.8214072334034042,44.43477016956947,47.654686524510815,3.2199163549413443,1.235834527542579
SAU,2017,49.009,48.033632670949494,0.8214072334102634,46.42367449346538,49.64359084843361,3.2199163549682326,3.4359394031973807
SAU,2018,48.58,48.55088557203417,0.8214072335969318,46.94092739418418,50.16084374988416,3.2199163556999726,0.669033617833513
SAU,2019,49.617,49.32967974851443,0.821407238677014,47.719721560707484,50.939637936321375,3.219916375613895,1.250805110520389
SAU,2020,49.808,49.80365640213309,0.8214073769287251,48.193697943352795,51.41361486091339,3.2199169175606026,0.5907235979864183
SAU,2021,51.75,50.58137555480211,0.8214111393662726,48.971409721644214,52.19134138796,3.2199316663157886,2.1307793390165912
SAU,2022,47.303,48.52493134441368,0.8215135254791449,46.91476483447455,50.13509785435281,3.220333019878248,-3.7660603582100265
SAU,2023,47.057,48.602519382551236,0.8242950263862591,46.98690113083417,50.2181376342683,3.2312365034341353,-1.449531376675786
SAU,2024,55.818,53.16625674304874,0.8966856539124732,51.40875286138029,54.92376062471719,3.515007763336895,8.297768843998412
SDN,2000,24.977,24.941291122734782,0.5378516434707982,23.887101901532017,25.995480343937547,2.1083784424055287,0.0
SDN,2001,24.759,24.756007747599135,0.4938069806146105,23.7881460655945,25.72386942960377,1.935723364009273,-0.21799999999999997
SDN,2002,24.76,24.40600069285809,0.49095167892764446,23.443735402159906,25.368265983556274,1.9245305813963662,-0.05142819902016882
SDN,2003,21.216,22.0582797982638,0.4907713082403445,21.096368034112725,23.020191562414876,1.9238235283021503,-3.556879149093998
SDN,2004,21.554,21.733636280842397,0.4907599346049803,20.771746809016637,22.695525752668157,1.9237789436515227,-0.5549695873309659
SDN,2005,22.061,21.99166831823779,0.49075921749938245,21.029780251939,22.95355638453658,1.923776132597579,0.36765068411049384
SDN,2006,22.219,22.13887771014911,0.4907591722863329,21.1769897324679,23.10076568783032,1.923775955362425,0.25031564924244165
SDN,2007,22.108,22.028272128598445,0.4907591694356803,21.066384156504512,22.99016010069238,1.9237759441878668,-0.04814668005144895
SDN,2008,21.196,21.440193711384097,0.49075916925594854,20.478305739642437,22.402081683125758,1.9237759434833182,-0.9240894511142628
SDN,2009,21.444,21.51806615428536,0.49075916924461654,20.556178182565912,22.47995412600481,1.9237759434388968,0.015964597762646804
SDN,2010,21.955,22.01812547367484,0.49075916924390206,21.05623750195679,22.98001344539289,1.9237759434360961,0.5150086507421179
SDN,2011,23.741,23.25069370886673,0.49075916924385704,22.28880573714877,24.21258168058469,1.9237759434359196,1.9153167445060824
SDN,2012,22.711,23.19063247523542,0.4907591692438543,22.22874450351747,24.152520446953375,1.923775943435909,-0.5490711345513155
SDN,2013,26.444,25.379580079653227,0.49075916924385404,24.417692107935274,26.34146805137118,1.9237759434359079,3.5951302933064007
SDN,2014,24.016,24.343936482636483,0.49075916924385404,23.38204851091853,25.305824454354436,1.9237759434359079,-1.5252762400477096
SDN,2015,23.892,23.991318223278054,0.49075916924385404,23.0294302515601,24.953206194996007,1.9237759434359079,-0.5069911547142958
SDN,2016,23.435,23.812075520563397,0.4907591692438545,22.850187548845444,24.77396349228135,1.9237759434359096,-0.5843035812633453
SDN,2017,25.78,25.287496482653385,0.4907591692438763,24.32560851093539,26.24938445437138,1.9237759434359951,2.1982835578132764
SDN,2018,25.639,25.668440835042322,0.49075916924507335,24.706552863321978,26.630328806762666,1.9237759434406876,0.41098077311557546
SDN,2019,26.769,26.517961398371032,0.49075916931071056,25.55607342652204,27.479849370220023,1.9237759436979853,1.2331957338140818
SDN,2020,27.085,26.893365377289825,0.49075917290974175,25.931477398386733,27.855253356192918,1.9237759578061877,0.6256508328664658
SDN,2021,27.032,26.672166376461554,0.4907593702523739,25.710278010766903,27.634054742156206,1.9237767313893057,0.10409858230007885
SDN,2022,23.835,24.534892718193465,0.49077019085463003,23.57298314411839,25.49680229226854,1.9238191481501496,-3.17086123562904
SDN,2023,23.309,23.918111836366183,0.49136314315483176,22.955040075782712,24.881183596949654,1.9261435211669404,-1.3221913876232527
SDN,2024,26.381,25.692995580070075,0.5228476836461746,24.668214120123572,26.71777704001658,2.0495629198930043,2.7400026915758637
SEN,2000,37.81,37.93494475246126,0.5524930748286574,36.852058325797096,39.01783117912543,2.165772853328337,0.0
SEN,2001,37.979,38.27282038078206,0.49193737843283647,37.3086231190537,39.237017642510416,1.928394523456719,0.16899999999999693
SEN,2002,40.251,39.52507590694483,0.4846808091855638,38.575101520941125,40.47505029294853,1.89994877200741,2.324800392535174
SEN,2003,39.829,39.73820993094534,0.48383847995974777,38.789886510224235,40.68653335166644,1.8966468414422113,0.36083372458828933
SEN,2004,39.847,39.857492415992475,0.48374112396519253,38.9093598130207,40.80562501896425,1.8962652059435547,0.14050666603218076
SEN,2005,40.278,40.07663604410581,0.48372987730888395,39.1285254845804,41.02474660363122,1.8962211190508251,0.47874846283225736
SEN,2006,39.789,39.93118832653021,0.48372857816076553,38.98308031333511,40.879296339725315,1.8962160263902008,-0.3262889033612666
SEN,2007,40.223,40.04893808999884,0.48372842809177213,39.100830370938965,40.99704580905872,1.8962154381197467,0.32310357425771485
SEN,2008,39.615,39.80717636091813,0.4837284107568086,38.859068675834784,40.75528404600147,1.8962153701666897,-0.4981860184558613
SEN,2009,40.146,39.89318484560816,0.4837284087543901,38.94507716444956,40.841292526766765,1.896215362317209,0.3616803026008739
SEN,2010,39.115,39.40441530535456,0.4837284085230842,38.45630762464932,40.3525229860598,1.89621536141049,-0.9080748308650541
SEN,2011,39.167,39.33211281708235,0.4837284084963653,38.38400513642947,40.28022049773522,1.896215361305752,-0.2566296146587135
SEN,2012,39.49,39.62521458178386,0.48372840849327886,38.67710690113703,40.573322262430686,1.8962153612936532,0.23577866491775978
SEN,2013,40.714,40.43556309006368,0.48372840849292237,39.48745540941756,41.383670770709806,1.8962153612922557,1.3041346717758913
SEN,2014,40.813,41.055706804586805,0.48372840849288257,40.10759912394076,42.00381448523285,1.8962153612920996,0.5422394420043801
SEN,2015,43.441,42.66248295047679,0.4837284084929084,41.71437526983069,43.610590631122896,1.8962153612922008,2.812292245968429
SEN,2016,43.802,43.329667551390926,0.4837284084935998,42.38155987074347,44.27777523203838,1.8962153612949113,1.3168206470804122
SEN,2017,43.176,43.23641640410747,0.483728408509298,42.288308723429246,44.1845240847857,1.896215361356448,-0.17844894452715465
SEN,2018,43.396,43.235537848119954,0.48372840886542456,42.28743016674372,44.18364552949619,1.8962153627524643,0.15935012057396136
SEN,2019,42.465,42.83552331472262,0.4837284169444029,41.88741561751159,43.78363101193365,1.8962153944220592,-0.8768412846041542
SEN,2020,43.131,43.10837152612594,0.483728600221598,42.160263469691614,44.05647958256027,1.8962161128686643,0.36798580704454054
SEN,2021,43.413,43.4938472479996,0.4837327579733512,42.54573104237183,44.441963453627366,1.8962324112555367,0.4070682366706109
SEN,2022,44.842,44.31868037534407,0.48382706985911744,43.370379318420206,45.26698143226794,1.8966021138477402,1.567351277659057
SEN,2023,45.329,44.353976431138626,0.48596168304750903,43.40149153236551,45.30646132991174,1.9049697975462354,1.019699513915036
SEN,2024,40.448,41.98912857775455,0.5320911147030982,40.94622999293647,43.032027162572625,2.085797169636145,-4.534432231086555
SGP,2000,65.32,65.3834065718277,0.35693988702626,64.68380439325624,66.08300875039917,1.3992043571429391,0.0
SGP,2001,65.411,65.64428287098104,0.32049883576715654,65.01610515287742,66.27246058908467,1.2563554362072535,0.09100000000000819
SGP,2002,67.608,67.019363201662,0.31699375134080643,66.39805544903402,67.64067095428999,1.242615505255961,2.2230124956239763
SGP,2003,67.578,67.49068514178066,0.31666536626786895,66.87002102389563,68.11134925966569,1.2413282357700464,0.6452829058957121
SGP,2004,68.317,68.0892486605204,0.31663468821064206,67.46864467162754,68.70985264941325,1.2412079777857168,0.9360898525994514
SGP,2005,68.597,68.40723815304544,0.3166318230118643,67.78663977994219,69.02783652614869,1.241196746206508,0.566056758278549
SGP,2006,68.27,68.31575247472294,0.31663155542137805,67.69515462609704,68.93635032334885,1.241195697251802,-0.15401229057849264
SGP,2007,68.218,68.30858540912071,0.31663153043026765,67.68798760947739,68.92918320876403,1.2411955992866492,-0.09906657231755389
SGP,2008,68.928,68.63751726417028,0.31663152809627043,68.0169194691016,69.25811505923897,1.2411955901373801,0.6797249751881367
SGP,2009,68.007,68.18616273127995,0.3166315278782912,67.5655649366385,68.8067605259214,1.2411955892829014,-0.713274116258475
SGP,2010,67.728,67.97446162508203,0.31663152785793347,67.35386383048048,68.59505941968358,1.2411955892030992,-0.4969785973631531
SGP,2011,68.7,68.49031879463251,0.3166315278560321,67.86972100003469,69.11091658923034,1.2411955891956459,0.820121927965829
SGP,2012,68.813,68.71366154373679,0.3166315278558545,68.09306374913932,69.33425933833426,1.2411955891949498,0.3636315924210862
SGP,2013,68.697,68.77795524328067,0.31663152785583804,68.15735744868323,69.39855303787812,1.2411955891948852,-0.004873151716068946
SGP,2014,69.517,69.21136149157907,0.3166315278558365,68.59076369698163,69.83195928617651,1.241195589194879,0.8185107509833927
SGP,2015,68.809,68.9086692267927,0.3166315278558363,68.28807143219525,69.52926702139014,1.2411955891948783,-0.45786078784378503
SGP,2016,68.405,68.68912275362663,0.31663152785583903,68.06852495902919,69.30972054822408,1.241195589194889,-0.5439235582560968
SGP,2017,69.56,69.33213745681547,0.31663152785594906,68.71153966221782,69.95273525141313,1.2411955891953204,0.9887754144683925
SGP,2018,69.831,69.73742318181408,0.31663152786053267,69.11682538720744,70.35802097642072,1.241195589213288,0.5731725773026284
SGP,2019,70.383,70.1823938198863,0.3166315280514582,69.56179602490545,70.80299161486715,1.2411955899617162,0.7271631688939522
SGP,2020,70.382,70.30029232285821,0.3166315360042542,69.67969451228987,70.92089013342655,1.2411956211366764,0.22122313140984318
SGP,2021,70.596,70.22338428230711,0.3166318672691033,69.60278582245967,70.84398274215455,1.2411969196948849,0.2816064177961124
SGP,2022,68.173,68.66051251211573,0.3166456654365759,68.03988700786005,69.28113801637141,1.2412510085113775,-2.3369402782418973
SGP,2023,66.659,67.42429573858338,0.31721987985516786,66.80254477406726,68.0460467030995,1.243501929032258,-2.2281755918944697
SGP,2024,68.124,67.8843880556861,0.3402784478834918,67.21744229783445,68.55133381353775,1.333891515703288,0.7840632054220862
SLB,2009,29.766,29.889464103284844,0.9412393077639379,28.044635060067527,31.73429314650216,3.6896580864346364,0.0
SLB,2010,30.409,30.061858597680313,0.7829836999749045,28.5272105457295,31.596506649631127,3.0692961039016255,0.6430000000000007
SLB,2011,29.837,29.926687510738446,0.7319306513507093,28.492103434091057,31.361271587385836,2.8691681532947806,-0.283384088302725
SLB,2012,29.394,29.75659507862551,0.7151142036319935,28.354971239506803,31.158218917744215,2.8032476782374145,-0.5947545378114683
SLB,2013,29.348,29.83963393791272,0.7095698971115981,28.448876939573985,31.230390936251453,2.7815139966774645,-0.3799939199289959
SLB,2014,31.252,30.65375040942946,0.7077427768390847,29.266574566824854,32.04092625203407,2.774351685209212,1.6874393858690198
SLB,2015,32.781,31.749902410418844,0.7071407913502437,30.363906459372366,33.13589836146532,2.771991902092955,2.4952733628299804
SLB,2016,33.924,32.94377267297207,0.7069424709262061,31.558165429956702,34.32937991598743,2.7712144860307277,2.5740911608843007
SLB,2017,35.613,34.42768031836871,0.7068771377124519,33.042201128452305,35.81315950828511,2.7709583798328112,3.1660519531768117
SLB,2018,39.012,36.31490496049518,0.7068556199577498,34.929467945377986,37.70034197561237,2.770874030234379,5.216034580761878
SLB,2019,38.378,37.20109812112512,0.706848611338763,35.815674842901146,38.586521399349095,2.770846556447951,2.359710232544785
SLB,2020,38.773,37.731317271264,0.7068475742442931,36.34589602574518,39.11673851678281,2.770842491037629,1.7493656449052537
SLB,2021,37.567,37.618914201201356,0.7068674562486574,36.23345398695399,39.00437441544872,2.7709204284947373,-0.20193814936074972
SLB,2022,36.687,37.42772542601528,0.7071955316330776,36.04162218401444,38.813828668016114,2.7722064840016643,-0.9959041824685002
SLB,2023,38.469,37.93301252536169,0.7123963652590155,36.53671564945402,39.32930940126936,2.7925937518153408,1.210391633669353
SLB,2024,39.26,38.40725964252068,0.7905186083560729,36.85784317014277,39.956676114898585,3.098832944755806,1.4857155617363986
SLE,2000,17.596,17.209723103227603,1.1275173659137383,14.999789066036676,19.41965714041853,4.419868074381854,0.0
SLE,2001,16.646,16.823891193283153,0.9691859498832247,14.924286731512032,18.723495655054272,3.7992089235422406,-0.9499999999999993
SLE,2002,15.887,16.483921105141437,0.9273860946064975,14.666244359712703,18.30159785057017,3.63535349085747,-1.1544966259735858
SLE,2003,16.147,16.554291395692946,0.9166401187614979,14.75767676292041,18.35090602846548,3.5932292655450717,-0.29698246076184276
SLE,2004,16.985,17.025632710454218,0.913904105168454,15.234380664324048,18.816884756584386,3.5825040922603395,0.6899998521361361
SLE,2005,17.939,17.735186613556646,0.9132093608521658,15.945296266286402,19.52507696082689,3.5797806945404895,1.30060540664552
SLE,2006,18.998,18.56292647442955,0.9130330702359704,16.773381656767047,20.35247129209205,3.579089635325004,1.7136378404955863
SLE,2007,19.89,19.34896909051189,0.9129883446348812,17.559511935027523,21.138426245996257,3.5789143109687345,1.7549678978136676
SLE,2008,20.278,19.978892637210002,0.9129769980919229,18.189457720949832,21.768327553470172,3.5788698325203376,1.2718947753204333
SLE,2009,20.857,20.60634418921915,0.9129741195937434,18.816914914815413,22.395773463622888,3.578858548807474,1.2196144427705633
SLE,2010,21.569,21.274450962991942,0.9129733893512905,19.485023119863413,23.06387880612047,3.5788556862570586,1.3262875185482699
SLE,2011,22.131,21.960632114082337,0.9129732040973921,20.17120463405145,23.750059594113225,3.578854960061777,1.2300173246976271
SLE,2012,23.465,22.785885374239403,0.9129731571024554,20.99645798631859,24.575312762160216,3.5788547758416254,1.9535288036920306
SLE,2013,23.235,23.345954226361588,0.9129731451952081,21.55652686177898,25.135381590944196,3.5788547291652155,0.7539434793094593
SLE,2014,24.786,24.247522189292766,0.9129731422938306,22.45809483039686,26.036949548188673,3.578854717791816,1.9307424405682596
SLE,2015,25.351,25.044899509423264,0.9129731425186295,23.25547215008675,26.834326868759778,3.5788547186730275,1.5374666012499318
SLE,2016,26.257,25.905286210350766,0.9129731503108423,24.115858835741516,27.694713584960017,3.5788547492185017,1.680383414448272
SLE,2017,27.572,26.814123691585564,0.9129732145589453,25.024696191050033,28.603551192121095,3.5788550010710654,2.161367033750338
SLE,2018,27.673,27.421818304634698,0.9129737321666243,25.632389789588114,29.211246819681282,3.578857030093167,1.189626434736084
SLE,2019,28.199,28.061212635057295,0.9129778992016143,26.271775952622132,29.850649317492458,3.578873364870328,1.1251850362009073
SLE,2020,29.263,28.849313982798442,0.9130114448251735,27.059811550941102,30.638816414655782,3.57900486371468,1.6307275179577516
SLE,2021,30.85,29.598336277848166,0.9132814555769553,27.808304624917334,31.388367930778998,3.5800633058616644,2.408356602679458
SLE,2022,30.376,29.527351642649748,0.915452248469114,27.733065235650283,31.321638049649213,3.5885728139989266,0.7390288938129359
SLE,2023,30.229,28.652018155096926,0.9327439668681579,26.823839980035338,30.480196330158513,3.6563563501231786,0.22523034186899693
SLE,2024,21.749,25.963025246637834,1.0617390785575804,23.882016652664976,28.04403384061069,4.1620171879457155,-8.366557118598408
SLV,2000,42.696,42.54482495054983,0.4869383141684859,41.590425854779596,43.499224046320066,1.9087981915404646,0.0
SLV,2001,41.321,41.713286864669904,0.44361730372457914,40.843796949369725,42.58277677997008,1.73897983060035,-1.375
SLV,2002,42.297,42.008550432887496,0.44045598763826516,41.145256697116494,42.8718441686585,1.7265874715419993,0.6271051211815717
SLV,2003,40.695,41.16596467007444,0.44023086019749585,40.30311218408735,42.02881715606153,1.7257049719741837,-1.4353979963730055
SLV,2004,41.997,41.7780493549243,0.440214859436966,40.91522823042784,42.640870479420755,1.7256422489929066,0.9194480058363439
SLV,2005,42.074,41.95909627761563,0.4402137223543804,41.096277381801045,42.82191517343021,1.7256377916291712,0.3220998594623623
SLV,2006,41.421,41.75803852272354,0.4402136415492255,40.895219785287054,42.62085726016002,1.725637474872964,-0.5671355548224497
SLV,2007,43.489,43.04481995381094,0.44021363580692635,42.18200122762937,43.907638679992516,1.7256374523631512,1.9168144788983241
SLV,2008,43.626,43.507315831723496,0.4402136353988582,42.64449710634173,44.37013455710526,1.7256374507635241,0.6479794594754793
SLV,2009,43.982,43.88155669854776,0.4402136353698596,43.018737973222834,44.74437542387269,1.7256374506498495,0.5287366938738032
SLV,2010,44.475,44.16200588565594,0.4402136353677988,43.29918716033505,45.02482461097682,1.725637450641771,0.6339492648743956
SLV,2011,42.82,43.16501696317373,0.4402136353676523,42.302198237853126,44.02783568849433,1.725637450641197,-1.486003439160541
SLV,2012,42.778,42.811093708802964,0.4402136353676418,41.948274983482385,43.673912434123544,1.7256374506411558,-0.43813496620114023
SLV,2013,41.998,42.231562027411385,0.44021363536764113,41.368743302090806,43.094380752731965,1.7256374506411531,-0.8967968898683694
SLV,2014,42.146,42.19345580057985,0.4402136353676411,41.33063707525927,43.05627452590043,1.725637450641153,-0.09106580314378476
SLV,2015,42.343,42.35394406617829,0.4402136353676411,41.491125340857714,43.21676279149887,1.725637450641153,0.17272391294677902
SLV,2016,42.815,42.74851163963876,0.44021363536764113,41.88569291431818,43.611330364959336,1.7256374506411531,0.5180442954667441
SLV,2017,43.529,43.24431817142165,0.44021363536764835,42.38149944610105,44.10713689674224,1.7256374506411816,0.85209891287424
SLV,2018,43.03,42.84599011843309,0.44021363536809455,41.983171393111625,43.70880884375456,1.7256374506429306,-0.2718496683411473
SLV,2019,40.408,41.07021975697602,0.44021363539611547,40.20740103159964,41.93303848235241,1.7256374507527725,-2.6944689838140334
SLV,2020,40.563,40.68204633313875,0.44021363715538386,39.8192276043142,41.5448650619633,1.7256374576491047,-0.5632845959201305
SLV,2021,40.19,40.46663336856107,0.4402137476097342,39.60381442324599,41.329452313876146,1.725637890630158,-0.5231589555489435
SLV,2022,42.084,41.41635763078486,0.4402206823486731,40.55352509338146,42.27919016818826,1.7256650748067985,1.7545376342255992
SLV,2023,40.055,40.03216558531244,0.44065585626598097,39.168480107031115,40.89585106359377,1.7273709565626454,-1.5612798803040988
SLV,2024,35.728,36.99243055305619,0.46716694602244313,36.0767833388522,37.908077767260174,1.831294428407977,-4.743201965834118
SMR,2010,32.522,32.664657768393155,3.2127465317428627,26.367674566177143,38.96164097060917,12.593966404432022,0.0
SMR,2011,33.517,33.41769359941725,2.896176499927006,27.741187659560318,39.09419953927418,11.353011879713863,0.9950000000000045
SMR,2012,34.553,34.574049238546586,2.868818660696088,28.951164663582254,40.19693381351092,11.245769149928666,1.3080394558982107
SMR,2013,36.222,37.301594480969925,2.8665088956650657,31.683237045466395,42.91995191647345,11.236714871007058,2.0467547651832945
SMR,2014,51.27,48.766767708185995,2.866314331967584,43.14879161752953,54.38474379884246,11.23595218131293,15.641730320804754
SMR,2015,68.671,62.71818483964968,2.8662979460342384,57.10024086542257,68.33612881387678,11.235887948454215,21.940109398205095
SMR,2016,68.669,65.55688759632339,2.8662965660522413,59.938946326861,71.17482886578578,11.235882538924786,6.365050896473392
SMR,2017,53.376,56.8882697033249,2.86629644983385,51.27032866165055,62.50621074499925,11.235882083348692,-13.44584829430216
SMR,2018,53.114,54.217390230336875,2.8662964400495046,48.59944920783985,59.8353312528339,11.235882044994058,-4.164015484664631
SMR,2019,53.186,53.49772537054027,2.8662964394265322,47.87978434926427,59.115666391816276,11.235882042552007,-1.136406702912204
SMR,2020,53.145,53.37394582577561,2.8662964517716993,47.75600478030307,58.99188687124814,11.235882090945061,-0.3707877936012238
SMR,2021,54.518,54.205490036289056,2.8662972173442323,48.58754749029436,59.82343258228375,11.23588509198939,1.265396544257463
SMR,2022,55.033,54.580417550880426,2.8663444283764985,48.96238247126249,60.198452630498366,11.236070159235874,0.8822209371453269
SMR,2023,54.767,53.23341666887621,2.8692543213045294,47.60967819911933,58.85715513863309,11.247476939513755,-0.009977490077510254
SMR,2024,37.771,42.70411789151885,3.04332914386222,36.7391927695489,48.669043013488796,11.929850243939901,-16.99889549017125
SOM,2013,8.267,8.263419751884559,1.019032862511706,6.2661153413616155,10.260724162407502,3.994608821045887,0.0
SOM,2014,8.234,8.240725483303455,0.9308175822828277,6.416323022029113,10.065127944577798,3.6488049225486847,-0.032999999999999474
SOM,2015,8.132,8.229772177074775,0.9247944689352637,6.417175017961658,10.042369336187893,3.625194318226234,-0.11013482436466226
SOM,2016,8.09,8.777250380368784,0.9243925442638334,6.96544099361167,10.589059767125898,3.623618773514227,-0.07033947610129232
SOM,2017,15.712,14.058222214503672,0.9243657696345581,12.246465306019939,15.869979122987406,3.6235138169674674,7.603850043447483
SOM,2018,17.791,16.494327310018043,0.9243639862204102,14.682573897026039,18.306080723010048,3.6235068259840078,4.04141302048405
SOM,2019,13.893,14.49225288686418,0.9243638674475847,12.680499706666913,16.304006067061444,3.623506360394532,-2.8549732059112856
SOM,2020,13.021,13.40636658904036,0.9243638608467828,11.594613421780666,15.218119756300053,3.6235063345193885,-1.6088254570779537
SOM,2021,13.496,13.17077872127982,0.9243639640448921,11.359025351751832,14.982532090807808,3.6235067390559768,0.05978642980964821
SOM,2022,10.253,10.725537363372881,0.9243721674704316,8.913767915130835,12.537306811614927,3.6235388964840918,-3.2275700247025263
SOM,2023,6.899,7.880439280346705,0.9250207390273835,6.067398631853033,9.693479928840377,3.6260812969873433,-4.1869871163519266
SOM,2024,6.791,7.097759255597184,0.9749500109086184,5.186857234216292,9.008661276978076,3.821804042761784,-1.188598189230766
SRB,2002,27.912,28.03130434088095,2.322546761650528,23.479112688045916,32.583495993715985,9.10438330567007,0.0
SRB,2003,27.758,28.23115056492696,1.9469861506508117,24.415057709651368,32.04724342020255,7.632185710551182,-0.15399999999999991
SRB,2004,28.995,29.32068407668805,1.842225970288954,25.7099211749217,32.9314469784544,7.2215258035327,1.1709457696442485
SRB,2005,31.466,32.128860582915756,1.8127852527186588,28.575801487587185,35.68191967824433,7.106118190657142,3.0593949985726567
SRB,2006,45.742,39.34943131732932,1.8045299984567469,35.812552520354096,42.88631011430454,7.073757593950448,15.872348590642272
SRB,2007,52.89,45.72795577777908,1.802217560859079,42.19560935849528,49.26030219706288,7.06469283856759,15.514173113822537
SRB,2008,53.69,49.09407591178184,1.8015700133829051,45.56299868555135,52.62515313801234,7.062154452460988,9.000313418487544
SRB,2009,49.917,49.62975488415255,1.801388698498994,46.09903303509452,53.16047673321057,7.061443698116056,0.9880077390818798
SRB,2010,50.948,50.39414083897767,1.8013379311975366,46.8635184938305,53.92476318412484,7.061244690294344,1.5537530263465271
SRB,2011,52.142,51.26495132925654,1.8013237166986495,47.734356844527184,54.795545813985896,7.061188969458706,2.016138103657326
SRB,2012,52.473,51.88093958049698,1.8013197367437874,48.35035289647915,55.411526264514805,7.0611733680356465,1.397818427159912
SRB,2013,52.611,52.35999692625845,1.8013186223864133,48.829412426381076,55.89058142613582,7.06116899975474,0.877644574708178
SRB,2014,53.555,53.05268098272941,1.8013183103748478,49.52209709439471,56.58326487106412,7.061167776669404,1.4083993150914438
SRB,2015,54.904,53.84121775490512,1.8013182230149583,50.3106340377958,57.37180147201443,7.061167434218636,2.0942446493158187
SRB,2016,54.227,53.98849786019115,1.801318198572526,50.457914190989,57.519081529393304,7.061167338404301,0.43115502882881174
SRB,2017,54.134,53.95487110424196,1.8013181920474541,50.42428744782895,57.48545476065497,7.06116731282602,0.1351426993953737
SRB,2018,53.241,53.605539467631196,1.8013181959647955,50.0749558035402,57.136123131722194,7.061167328181998,-0.821490175373981
SRB,2019,52.892,53.37784423961053,1.8013183006230993,49.84726037038926,56.90842810883181,7.061167738442549,-0.7836858451962669
SRB,2020,53.685,53.60883713386233,1.8013201969864245,50.07824954776894,57.13942471995572,7.061175172186784,0.3783180544090001
SRB,2021,54.529,54.011411128723935,1.8013543879485379,50.4807565283448,57.54206572910307,7.061309200758268,1.0441843823575354
SRB,2022,54.224,54.124807175979704,1.8019706900833337,50.59294462341637,57.65666972854304,7.063725105126668,0.24752294524184748
SRB,2023,54.76,54.227972336427136,1.813045775316317,50.67440261680716,57.781542056047115,7.107139439239963,0.6669750548204263
SRB,2024,52.792,53.64660564183844,2.002232795241856,49.7222293631644,57.57098192051248,7.848752557348076,-1.6150747619621555
SSD,2013,18.383,18.121281155312545,0.828024415060416,16.49835330179413,19.74420900883096,3.2458557070368306,0.0
SSD,2014,16.917,17.434063494277925,0.7243992927772577,16.0142408804345,18.85388610812135,2.8396452276868502,-1.4659999999999975
SSD,2015,18.029,17.483122324799467,0.7087243833143247,16.09402253350339,18.872222116095543,2.778199582592153,0.6083163263663778
SSD,2016,15.106,16.260331141610248,0.7064120654983335,14.875763493233514,17.644898789986982,2.769135296753467,-2.693477464230293
SSD,2017,16.114,16.747135519255167,0.7060725757809964,15.363233270724415,18.13103776778592,2.7678044970615057,-0.021371017215056298
SSD,2018,20.561,19.184558510695343,0.7060227689989749,17.800753883457354,20.568363137933332,2.7676092544759814,4.438817390609437
SSD,2019,21.122,20.446756477661612,0.7060154711189299,19.06296615426851,21.830546801054716,2.767580646786205,2.2610131021290876
SSD,2020,21.38,21.19078664825386,0.7060146066931704,19.806998019135246,22.57457527737247,2.7675772582372278,1.123975147073292
SSD,2021,22.464,22.131987039515916,0.7060194309109954,20.748188954930367,23.515785124101466,2.7675961691711017,1.514488549345657
SSD,2022,23.426,23.099595882834283,0.706139047895855,21.71556334895841,24.483628416710157,2.7680650677517518,1.542057789605348
SSD,2023,24.954,24.13027562977562,0.7090066426859489,22.74062261011116,25.519928649440082,2.7793060393289197,2.118617041065992
SSD,2024,24.045,24.082365056240015,0.774701359433112,22.563950391751114,25.600779720728916,3.0368293289777992,-0.09755742012971069
STP,2013,31.344,31.775122895565204,1.4157825418235064,29.00018911359113,34.550056677539274,5.549867563948145,0.0
STP,2014,33.223,32.870233744344326,1.1665452864853818,30.583804982832977,35.15666250585567,4.572857523022696,1.8789999999999978
STP,2015,36.74,34.78136870316227,1.095435025930457,32.634316052338576,36.92842135398597,4.294105301647392,4.335359269504693
STP,2016,37.498,36.049887709801475,1.0745272739957676,33.94381425276977,38.15596116683318,4.212146914063409,2.983119106827374
STP,2017,37.518,36.77960983984444,1.0683593461310632,34.68562552142755,38.87359415826133,4.187968636833768,1.6146949696881094
STP,2018,38.096,37.45935448424412,1.0665389329277928,35.36893817570565,39.549770792782596,4.180832617076947,1.4511252898357085
STP,2019,38.931,38.22242391064123,1.0660016075497936,36.13306075984364,40.31178706143883,4.178726301595191,1.6223012583548666
STP,2020,40.033,39.09695169104816,1.065843048990065,37.007899315027636,41.18600406706869,4.178104752041055,1.9830363775378856
STP,2021,39.922,39.81324455641447,1.0657979338600359,37.724280606048794,41.90220850678014,4.177927900731341,0.9662554594494495
STP,2022,43.982,41.92465831409003,1.0658468552112264,39.835598477876026,44.01371815030404,4.178119672428007,4.584948948816695
STP,2023,45.803,44.12464753122856,1.0681543943342684,42.03106491833339,46.21823014412373,4.1871652257903325,4.311981832692666
STP,2024,52.295,47.49510294613823,1.1501771321066891,45.24075576720912,49.74945012506734,4.5086943578582215,8.834697473072858
SUR,2000,34.772,34.92102082974991,0.5124513494961506,33.91661618473745,35.92542547476236,2.00880929002491,0.0
SUR,2001,35.382,35.18117099494368,0.4568284075074242,34.285787316229126,36.07655467365823,1.7907673574291028,0.6099999999999994
SUR,2002,35.169,35.17665816174305,0.4493231414600406,34.29598480448137,36.05733151900473,1.761346714523359,-0.014069286436502182
SUR,2003,35.178,35.183291500834905,0.4483523006813258,34.30452099149951,36.0620620101703,1.7575410186707972,0.0040154722002867516
SUR,2004,35.612,35.200077784357234,0.4482274929401331,34.32155189819457,36.0786036705199,1.7570517723253216,0.43543695921837866
SUR,2005,33.37,34.56120009017693,0.4482114610990086,33.68270562642287,35.43969455393099,1.7569889275081136,-2.0859770482521824
SUR,2006,36.457,35.668901604631415,0.4482094019868284,34.79041117673723,36.5473920325256,1.7569808557883673,2.3394435516295857
SUR,2007,36.174,35.79452120976248,0.4482091375202486,34.91603130022279,36.67301111930217,1.7569798190793744,0.5554094967033691
SUR,2008,35.072,35.34401103712881,0.448209103552963,34.465521194165,36.22250088009262,1.756979685927615,-0.9029518731076749
SUR,2009,35.115,35.21519864954674,0.4482090991903088,34.33670881513374,36.093688483959745,1.7569796688260106,-0.28060077125162763
SUR,2010,35.172,35.214291458849104,0.44820909862998287,34.33580162553434,36.09278129216387,1.7569796666295328,-0.04356198203829109
SUR,2011,34.606,35.28090689066439,0.44820909855801677,34.40241705749068,36.1593967238381,1.7569796663474258,-0.5816117863142907
SUR,2012,37.237,36.445613316388574,0.44820909854877883,35.56712348323297,37.32410314954418,1.756979666311213,2.422561391202983
SUR,2013,36.755,36.63740536988515,0.4482090985476561,35.75891553673174,37.51589520303856,1.756979666306812,0.38619995405424845
SUR,2014,36.806,36.68937027029435,0.44820909854829094,35.810880437139694,37.567860103449,1.7569796663093005,0.1894067225653302
SUR,2015,36.167,36.567648398522344,0.4482090985578988,35.68915856534886,37.44613823169583,1.7569796663469632,-0.5711202309141896
SUR,2016,37.208,37.05695764408774,0.4482090986756204,36.17846781068352,37.935447477491955,1.756979666808432,0.8363213652101393
SUR,2017,37.4,37.428189239582956,0.4482091001151555,36.54969940335725,38.30667907580866,1.7569796724514095,0.49172168032430363
SUR,2018,37.891,37.93857992970797,0.44820911771784666,37.06009005898099,38.81706980043495,1.756979741453959,0.6672237034822857
SUR,2019,38.791,38.65443051201687,0.4482093329641377,37.77594021940716,39.532920804626585,1.7569805852194196,1.1391202926038702
SUR,2020,39.516,39.33275165152083,0.44821196499524435,38.45425620013015,40.21124710291151,1.7569909027813577,1.1332390602384805
SUR,2021,39.867,39.88925947980049,0.44824414831729603,39.010700949098585,40.76781801050239,1.7571170614038003,0.7571313383503835
SUR,2022,41.384,40.622340243794184,0.44863750042969036,39.74301074295199,41.50166974463638,1.7586590016843862,1.7883414799579498
SUR,2023,40.867,40.32083888650679,0.45341982674790426,39.4321360260809,41.209541746932686,1.7774057208517846,0.12390759325749201
SUR,2024,38.088,39.06802646466545,0.5082720359963961,38.071813274112515,40.06423965521839,1.992426381105873,-2.734593873837305
SVK,2000,53.616,53.74937234215161,0.7383571489161723,52.302192330275915,55.196552354027304,2.8943600237513953,0.0
SVK,2001,54.073,54.018630351932536,0.6531313851674085,52.738492837004415,55.29876786686066,2.5602750298562413,0.45700000000000074
SVK,2002,54.288,54.29235898338255,0.6409725652676471,53.03605275545796,55.54866521130714,2.5126124558491765,0.36777907136639243
SVK,2003,54.474,54.696499349616055,0.6392987770220367,53.44347374665286,55.949524952579246,2.506051205926384,0.320237655977877
SVK,2004,56.254,55.69649825365273,0.6390696890873684,54.443921663041486,56.94907484426397,2.505153181222484,1.8982092618579642
SVK,2005,56.126,56.12027330261267,0.6390383596397071,54.86775811771884,57.37278848750649,2.5050303697876517,0.5737565861895249
SVK,2006,56.904,56.726779162226244,0.6390340755842877,55.47427237408104,57.97928595037145,2.5050135762904078,0.990158623614704
SVK,2007,57.355,57.28184846052907,0.6390334897823131,56.02934282055573,58.534354100502405,2.5050112799466673,0.8171425195704742
SVK,2008,58.222,57.95471414142664,0.639033409679885,56.70220865845407,59.207219624399215,2.505010965945149,1.1691655122744393
SVK,2009,58.558,58.439653511929244,0.6390333987267003,57.18714805042491,59.69215897343358,2.505010923008665,0.7683379041923928
SVK,2010,59.284,58.92670841660525,0.6390333972289649,57.67420295803648,60.17921387517402,2.5050109171375423,1.0101185614391142
SVK,2011,58.99,58.97440389140373,0.639033397024165,57.72189843323637,60.226909349571095,2.5050109163347267,0.07952502571401965
SVK,2012,58.91,59.01498175922599,0.639033396996161,57.762476301113516,60.26748721733846,2.505010916224951,-0.050592969529326126
SVK,2013,59.266,59.26846139409572,0.6390333969923379,58.01595593599074,60.52096685220071,2.5050109162099643,0.33729156220359613
SVK,2014,59.675,59.64214714692111,0.6390333969919085,58.38964168881697,60.89465260502525,2.505010916208281,0.5337248040509124
SVK,2015,60.446,60.12549305629897,0.6390333969932994,58.872987598192104,61.37799851440584,2.5050109162137337,0.9683625464203374
SVK,2016,60.439,60.2358992206789,0.6390333970159712,58.9833937625276,61.48840467883021,2.505010916302607,0.351084347156295
SVK,2017,60.167,60.020608092450914,0.6390333973677291,58.76810263361016,61.273113551291665,2.5050109176814983,-0.14217485371259642
SVK,2018,58.966,59.436026696461354,0.6390334028230346,58.18352122692821,60.6885321659945,2.5050109390662954,-1.2535738937982686
SVK,2019,58.841,59.4550536596632,0.6390334874273492,58.20254802430559,60.70755929502081,2.505011270715209,-0.5885507548617142
SVK,2020,61.139,60.61976754187991,0.6390347995229801,59.36725933481487,61.87227574894495,2.505016414130082,2.0803637297806716
SVK,2021,60.872,61.354443566053746,0.6390551479845971,60.10189547600393,62.60699165610356,2.5050961800996205,0.5022838707775037
SVK,2022,64.687,63.317622490412184,0.6393706418575594,62.06445603237137,64.570788948453,2.5063329160816328,4.00073621276389
SVK,2023,65.348,63.64089613311236,0.644243741928177,62.37817839893314,64.9036138672916,2.5254354683584537,2.1404056422235485
SVK,2024,58.835,60.95072048133643,0.7155831859105487,59.548177436951754,62.35326352572111,2.8050860887693507,-5.72151362965392
SVN,2000,57.574,57.96832478919056,0.6969554112382845,56.60229218316352,59.3343573952176,2.732065212054075,0.0
SVN,2001,59.998,59.293875896058985,0.6258470434582902,58.06721569088074,60.520536101237234,2.453320410356498,2.4239999999999995
SVN,2002,59.358,59.29845860663195,0.618689716036474,58.08582676320046,60.511090450063435,2.425263686862978,0.06517470788877233
SVN,2003,58.861,59.122121960751876,0.6179905058602434,57.9108605692658,60.33338335223795,2.422522782972154,-0.47679969254474486
SVN,2004,59.828,59.627567667972166,0.6179224268114738,58.416439711421674,60.83869562452266,2.4222559131009773,0.8183436010909375
SVN,2005,59.798,59.87417073565409,0.6179158004369391,58.66305576679769,61.08528570451049,2.422229937712801,0.22528915532708993
SVN,2006,60.825,60.53256265414795,0.617915155489208,59.32144894938911,61.7436763589068,2.422227409517695,1.0972847640928265
SVN,2007,60.736,60.75684772763293,0.6179150927163793,59.545734145908824,61.96796130935704,2.422227163448207,0.2533281490742709
SVN,2008,61.042,61.20586233570791,0.6179150866066953,59.99474876595879,62.416975905457036,2.4222271394982453,0.3850327224524648
SVN,2009,62.855,62.48251801996352,0.6179150860120393,61.27140445137992,63.69363158854712,2.422227137167194,1.9331216128770023
SVN,2010,63.923,63.519224654284834,0.6179150859541613,62.30811108581468,64.730338222755,2.4222271369403123,1.6710907859198585
SVN,2011,64.383,64.04775254571226,0.6179150859485281,62.836638977253145,65.25886611417137,2.42222713691823,0.9813430180499623
SVN,2012,63.98,63.91697631813556,0.6179150859479798,62.70586274967752,65.1280898865936,2.422227136916081,-0.09684288686920439
SVN,2013,63.247,63.497829710385886,0.6179150859479264,62.286716141927954,64.70894327884382,2.4222271369158714,-0.7632128186841101
SVN,2014,63.679,63.5550322864076,0.6179150859479213,62.34391871794968,64.76614585486553,2.4222271369158515,0.1938946393094625
SVN,2015,63.117,63.26967050894469,0.6179150859479234,62.05855694048676,64.48078407740262,2.42222713691586,-0.5015092012365088
SVN,2016,63.184,63.2526362368003,0.6179150859480018,62.04152266834222,64.46374980525839,2.422227136916167,-0.08945967458451776
SVN,2017,63.492,63.435724474439674,0.617915085950374,62.22461090597694,64.6468380429024,2.422227136925466,0.2800905787183581
SVN,2018,63.616,63.57556430456299,0.6179150860220147,62.36445073595984,64.78667787316614,2.422227137206298,0.21138200753329528
SVN,2019,63.467,63.690248504429775,0.6179150881856191,62.47913493158596,64.90136207727359,2.4222271456876268,-0.08305353275645189
SVN,2020,64.942,64.57738400143856,0.6179151535280822,63.36627030052352,65.7884977023536,2.4222274018300824,1.4490891519514832
SVN,2021,64.548,64.97059579518995,0.6179171269159935,63.7594782264346,66.18171336394529,2.4222351375106945,0.058083464469419255
SVN,2022,68.097,66.951846071399,0.6179767217351406,65.74061169679813,68.16308044599988,2.422468749201751,3.567120744200139
SVN,2023,67.964,66.80667720411354,0.6197738299384632,65.59192049743416,68.02143391079292,2.4295134133587757,0.9798620361604122
SVN,2024,60.856,62.97816727351746,0.6717866367196392,61.66146546554696,64.29486908148795,2.6334036159409857,-6.802304920154235
SWE,2000,70.84,71.23151457163988,0.4719646287120663,70.30646389936423,72.15656524391552,1.8501013445513,0.0
SWE,2001,74.488,73.88421912404696,0.43452031884802084,73.03255929910485,74.73587894898908,1.7033196498842416,3.647999999999996
SWE,2002,76.515,75.83021197599646,0.4323082708339049,74.982887765162,76.67753618683092,1.694648421668907,2.8694692416846266
SWE,2003,75.842,75.85255284599437,0.4321805347835409,75.00547899781863,76.6996266941701,1.6941476963514803,0.014497450942982937
SWE,2004,75.949,75.96834343322553,0.4321731692633525,75.12128402146935,76.8154028449817,1.6941188235123417,0.11048066480107366
SWE,2005,76.31,76.34684533205788,0.4321727445881654,75.49978675266507,77.19390391145069,1.6941171587856083,0.38752825719238615
SWE,2006,77.865,77.41867731414025,0.43217272010270663,76.57161878273895,78.26573584554156,1.6941170628026099,1.648052663167988
SWE,2007,76.822,77.00120283814717,0.43217271869095114,76.1541443095129,77.84826136678143,1.6941170572685285,-0.6472720823414022
SWE,2008,77.237,77.19742655527547,0.4321727186095537,76.35036802680075,78.04448508375019,1.6941170569494504,0.2595780011202464
SWE,2009,77.377,77.38519426362164,0.4321727186048605,76.53813573515612,78.23225279208717,1.694117056931053,0.20232947929198986
SWE,2010,78.044,77.85368301080251,0.43217271860458994,77.00662448233751,78.70074153926751,1.6941170569299926,0.7155830503210012
SWE,2011,77.603,77.70109711667585,0.43217271860457435,76.85403858821088,78.54815564514082,1.6941170569299313,-0.26917527399169217
SWE,2012,78.074,77.97721288033931,0.4321727186045734,77.13015435187434,78.82427140880428,1.6941170569299278,0.4063660379726741
SWE,2013,78.013,77.98372221413811,0.43217271860457346,77.13666368567314,78.83078074260308,1.694117056929928,0.03657600197830391
SWE,2014,77.85,77.81460932057432,0.43217271860457346,76.96755079210935,78.66166784903929,1.694117056929928,-0.1542174254049513
SWE,2015,77.06,77.21703812911892,0.43217271860457346,76.36997960065395,78.06409665758389,1.694117056929928,-0.8270304562887958
SWE,2016,76.765,76.8742183450427,0.43217271860457346,76.02715981657774,77.72127687350768,1.694117056929928,-0.4935853095439313
SWE,2017,76.666,76.79747581829628,0.4321727186045741,75.95041728983131,77.64453434676125,1.6941170569299306,-0.21751896231484125
SWE,2018,77.743,77.45135707403374,0.43217271860463286,76.60429854556865,78.29841560249882,1.6941170569301607,1.0247696738560137
SWE,2019,76.953,77.07528776522786,0.4321727186096595,76.22822923675292,77.92234629370279,1.6941170569498651,-0.543933846877735
SWE,2020,76.981,77.0066299405717,0.43217271903987164,76.15957141125355,77.85368846988985,1.6941170586362968,-0.10260857738946072
SWE,2021,76.799,77.0148129833557,0.4321727558605411,76.16775438186903,77.86187158484236,1.6941172029733211,-0.2066382173084378
SWE,2022,78.871,78.3861466085274,0.4321759072282054,77.53908183036012,79.23321138669468,1.6941295563345653,2.0223823419853773
SWE,2023,78.904,78.39240124893365,0.43244553897877264,77.54480799253525,79.23999450533205,1.6951865127967887,0.5186114068658867
SWE,2024,74.067,75.19855164450973,0.4549308127727919,74.30688725147506,76.09021603754441,1.7833287860693443,-4.712471808828397
SWZ,2003,31.692,31.54554494328528,0.47891428352937665,30.6068729475677,32.484216939002856,1.8773439914351564,0.0
SWZ,2005,30.538,30.60106875864176,0.43908670550119366,29.74045881585942,31.4616787014241,1.7212198855646792,-1.154
SWZ,2007,28.229,28.92963884124275,0.4365381689043726,28.074024030190177,29.78525365229532,1.7112296221051404,-2.5852860368042023
SWZ,2008,29.319,29.37745048678421,0.4363788075160825,28.522148024052687,30.23275294951573,1.7106049254630433,0.4457519037556956
SWZ,2009,31.042,30.72698429963585,0.43636885851052715,29.871701336955216,31.58226726231648,1.7105659253612664,1.834351918620598
SWZ,2010,32.315,31.86584685199931,0.4363682374520175,31.010565106593358,32.72112859740527,1.7105634908119087,1.7313035542435316
SWZ,2011,31.81,31.73397516631187,0.43636819868319326,30.878693496892808,32.58925683573093,1.7105633388381176,-0.07243845124962789
SWZ,2012,30.679,30.985872870265315,0.43636819626309736,30.130591205589642,31.841154534940987,1.7105633293513416,-1.1490985634541957
SWZ,2013,31.164,31.143034620679114,0.4363681961120259,30.287752956299542,31.998316285058685,1.7105633287591413,0.19790062561305888
SWZ,2014,31.098,31.36939330901117,0.4363681961025954,30.514111644650082,32.22467497337226,1.710563328722174,-0.01655502831303224
SWZ,2015,34.176,33.493579660356936,0.4363681961020067,32.638297995997,34.34886132471687,1.7105633287198663,3.0738637679704333
SWZ,2016,34.566,34.17375244803936,0.43636819610197014,33.318470783679494,35.02903411239922,1.7105633287197228,1.1579971022292312
SWZ,2017,33.25,33.35569490947641,0.4363681961019689,32.500413245116555,34.21097657383627,1.7105633287197182,-1.0266773474578557
SWZ,2018,31.544,32.15697947095665,0.4363681961020601,31.30169780659661,33.012261135316685,1.7105633287200757,-1.9625127433390155
SWZ,2019,33.316,33.13181900967958,0.43636819610937705,32.2765373453052,33.98710067405396,1.710563328748758,1.2816711455861451
SWZ,2020,34.626,34.21308913585395,0.43636819669522753,33.3578074703313,35.068370801376595,1.710563331045292,1.630222300050555
SWZ,2021,34.427,34.168548467552384,0.43636824360340903,33.3132667100897,35.02383022501507,1.7105635149253633,0.2083069260501773
SWZ,2022,31.966,32.52800809402466,0.43637199945565863,31.672718975091573,33.38329721295776,1.7105782378661818,-2.4089550404126925
SWZ,2023,32.002,32.211171010003945,0.4366726201381767,31.355292674533118,33.06704934547477,1.7117566709416527,-0.5658713352609297
SWZ,2024,32.952,32.74996871532147,0.46010583769357544,31.848161273442063,33.65177615720088,1.8036148837588157,0.8086184754693306
SYC,2000,33.963,34.8521527798834,0.9875823053373597,32.91649146142217,36.787814098344626,3.87132263692245,0.0
SYC,2001,37.87,36.8534429272933,0.8703908739770707,35.147476814298244,38.55940904028836,3.411932225990117,3.9069999999999965
SYC,2002,38.203,37.78232369110449,0.8534530824063074,36.109555649588124,39.45509173262085,3.3455360830327248,1.6481040876958843
SYC,2003,38.942,38.38935621676368,0.851081514967034,36.721236447428296,40.057475986099064,3.3362395386707733,1.345539049804401
SYC,2004,38.033,38.21946816784214,0.850751228524102,36.5519957599349,39.88694057574938,3.3349448158144797,-0.4080186005484734
SYC,2005,38.164,38.33239395288146,0.8507052649604765,36.665011633558926,39.999776272203995,3.334764638645068,-0.02116052283243164
SYC,2006,39.163,38.86076287697072,0.8506988692290558,37.19339309328177,40.528132660659665,3.334739567377899,0.9911069427240093
SYC,2007,39.678,39.08286428258552,0.8506979792899718,37.415496243177174,40.75023232199386,3.3347360788166895,0.8847028937391741
SYC,2008,37.15,38.21006350416053,0.8506978554589538,36.54269570746098,39.87743130086008,3.334735593399099,-2.1979865398113887
SYC,2009,39.241,39.00070727250406,0.8506978382284299,37.333339509576334,40.668075035431784,3.334735525855445,1.2711026263132084
SYC,2010,40.36,39.77057959038049,0.8506978358308809,38.10321183215196,41.43794734860902,3.334735516457053,1.5931493058361
SYC,2011,39.651,39.786577127778244,0.8506978354972728,38.11920937020359,41.4539448853529,3.3347355151493097,-0.11472017506582688
SYC,2012,39.844,40.092028498962826,0.850697835450853,38.42466074147915,41.7593962564465,3.3347355149673437,0.15020684469742207
SYC,2013,41.71,41.09301202242581,0.8506978354443949,39.4256442649548,42.76037977989682,3.334735514942028,1.9220304656997413
SYC,2014,41.2,41.42212614302293,0.8506978354435168,39.754758385553636,43.08949390049222,3.3347355149385858,0.20695975175137704
SYC,2015,42.774,42.407530700452895,0.8506978354437755,40.7401629429831,44.07489845792269,3.3347355149396,1.6512005516493318
SYC,2016,43.835,43.228786789145936,0.850697835450824,41.56141903166232,44.89615454662955,3.33473551496723,1.6769342209891178
SYC,2017,43.564,43.29239036765349,0.8506978355809894,41.62502260991475,44.95975812539223,3.3347355154774787,0.3545334471777508
SYC,2018,42.65,42.83360467601658,0.8506978379789245,41.16623691357788,44.50097243845527,3.334735524877384,-0.7817512053978461
SYC,2019,41.007,42.47804209460641,0.8506978821533739,40.810674245585794,44.14540994362702,3.334735698041226,-1.9346104401873632
SYC,2020,45.89,44.945085873984496,0.8506986959288629,43.277716429963924,46.61245531800507,3.3347388880411426,4.16134764032504
SYC,2021,47.769,46.944558808806214,0.8507136870546415,45.277159982179114,48.61195763543331,3.3347976532541943,3.431274443312496
SYC,2022,49.712,48.444096387181276,0.8509898043591007,46.77615637063744,50.112036403725114,3.3358800330876743,3.2229410399486085
SYC,2023,49.617,48.22788792787409,0.8560604689136958,46.55000940880325,49.90576644694494,3.3557570381416877,1.1072280859535297
SYC,2024,42.522,45.014525718449754,0.9446147345955831,43.16308083864241,46.8659705982571,3.7028897596146857,-6.681979505367828
SYR,2000,28.203,28.20145729860214,0.6229866041318991,26.980403554503617,29.422511042700663,2.4421074881970446,0.0
SYR,2001,28.18,28.191859324375,0.5708076993566028,27.07307623363606,29.31064241511394,2.237566181477883,-0.022999999999999687
SYR,2002,28.271,28.239698384630074,0.5674125689526963,27.127569749482788,29.35182701977736,2.2242572702945695,0.08545284114637752
SYR,2003,27.954,28.164162359668914,0.5671967741184438,27.052456682396766,29.275868036941063,2.2234113545442997,-0.29553330940366607
SYR,2004,29.283,29.20753322514379,0.5671830808594492,28.09585438665927,30.319212063628314,2.223357676969041,1.254571255684322
SYR,2005,31.43,31.056654464915965,0.5671822120457247,29.944977329306344,32.16833160052558,2.223354271219241,2.4630086711994927
SYR,2006,33.568,32.95587075410253,0.5671821569213586,31.844193726536663,34.06754778166839,2.223354055131726,2.758403174297591
SYR,2007,33.864,33.59146644288738,0.5671821534238374,32.47978942217666,34.7031434635981,2.2233540414214423,0.9908100533681505
SYR,2008,33.473,33.414965953038916,0.5671821532019272,32.30328893276314,34.526642973314694,2.2233540405515546,-0.14142632615370587
SYR,2009,32.572,32.69498700969714,0.5671821531878476,31.583309989448956,33.80666402994532,2.2233540404963623,-0.9366236674912471
SYR,2010,31.583,31.826795930569183,0.5671821531869543,30.715118910322754,32.938472950815616,2.2233540404928607,-1.2249247461774857
SYR,2011,31.209,31.329051666032058,0.5671821531868976,30.21737464578574,32.440728686278376,2.2233540404926386,-0.682544477213046
SYR,2012,31.031,30.93028268251137,0.567182153186894,29.818605662265057,32.04195970275768,2.2233540404926244,-0.3499251158519563
SYR,2013,29.129,29.47845548546009,0.5671821531868938,28.366778465213777,30.5901325057064,2.2233540404926235,-1.990142118339314
SYR,2014,28.003,28.311221211421696,0.5671821531868938,27.199544191175384,29.422898231668007,2.2233540404926235,-1.6272939459336655
SYR,2015,27.16,27.52960721347871,0.5671821531868938,26.417930193232397,28.64128423372502,2.2233540404926235,-1.2528966580496075
SYR,2016,27.664,27.944853885749254,0.5671821531868938,26.833176865502942,29.056530905995565,2.2233540404926235,0.18840971939989615
SYR,2017,31.338,30.468701730868325,0.5671821531868961,29.35702471062201,31.58037875111464,2.223354040492633,3.7214582447252766
SYR,2018,31.263,30.992166159876668,0.5671821531870704,29.880489139630008,32.10384318012333,2.223354040493316,0.8623925967068224
SYR,2019,30.258,30.580070411227695,0.567182153200227,29.46839339095525,31.69174743150014,2.2233540405448897,-0.787773208122502
SYR,2020,31.888,31.53052874064131,0.5671821541931532,30.41885171842273,32.64220576285989,2.2233540444371607,1.4315689752196796
SYR,2021,31.976,31.554548043900944,0.5671822291292153,30.44287087480768,32.666225212994206,2.223354338186524,0.44859578552255286
SYR,2022,28.704,29.183342390959417,0.567187884519441,28.071654137301312,30.295030644617523,2.2233765073162086,-3.1590038730492935
SYR,2023,25.346,26.75126390570863,0.5676145337864424,25.6387394194872,27.863788391930058,2.2250489724428544,-4.153716799392221
SYR,2024,30.561,29.51094568178906,0.5989373709622146,28.33702843470312,30.684862928875,2.347834494171881,4.168726437187402
TCD,2000,15.264,15.393218993607217,0.5926866934979844,14.231553074351167,16.554884912863265,2.323331838512099,0.0
TCD,2001,15.969,15.814156992720937,0.5184229223223394,14.798048064969151,16.830265920472723,2.0322178555035704,0.7050000000000001
TCD,2002,16.194,16.186118535234815,0.5078066869376862,15.19081742883695,17.18141964163268,1.9906022127957297,0.4624250389228557
TCD,2003,17.185,16.95406379044066,0.5063207763819723,15.961675068731994,17.946452512149325,1.9847774434173313,1.1612873834981379
TCD,2004,18.621,17.91447806660592,0.506113613132688,16.92249538486585,18.90646074834599,1.9839653634801369,1.8686573305424936
TCD,2005,18.155,17.870633929518085,0.506084747156052,16.878707825092224,18.862560033943947,1.9838522088517239,0.23132191862054796
TCD,2006,16.836,16.926788605735915,0.5060807253116228,15.934870384125134,17.918706827346696,1.9838364432215616,-1.2326588667675082
TCD,2007,14.133,15.16648254517704,0.5060801649615089,14.174565421852483,16.1583996685016,1.9838342466491148,-3.1631054933761433
TCD,2008,14.012,14.464908714983416,0.5060800868899249,13.472991744679163,15.456825685287669,1.9838339406085055,-1.3016742172150728
TCD,2009,14.433,14.307808062027918,0.5060800760124917,13.315891113043435,15.299725011012402,1.9838338979689676,-0.06486875204203457
TCD,2010,13.115,13.595683668352777,0.5060800744969781,12.6037667223387,14.587600614366854,1.9838338920281542,-1.3422132031540368
TCD,2011,13.459,13.498845254052323,0.506080074285827,12.506928308452103,14.490762199652544,1.9838338912004418,-0.15700056380270766
TCD,2012,13.258,13.409439607254606,0.5060800742564081,12.417522661712047,14.401356552797166,1.9838338910851196,-0.2596027398080718
TCD,2013,13.748,13.669394751178741,0.5060800742523093,12.677477805644214,14.661311696713268,1.9838338910690523,0.3930995083748492
TCD,2014,14.013,13.994104914452835,0.5060800742517382,13.00218796891943,14.986021859986241,1.9838338910668136,0.4117300986441883
TCD,2015,14.357,14.636563686438752,0.5060800742516595,13.644646740905499,15.628480631972005,1.983833891066505,0.49768423694771435
TCD,2016,17.725,16.854519176691056,0.5060800742516769,15.86260223115777,17.846436122224343,1.9838338910665734,3.5537678669791912
TCD,2017,20.478,19.028066489102518,0.5060800742526224,18.036149543567376,20.01998343463766,1.9838338910702795,4.079495451085226
TCD,2018,19.8,19.37504785691482,0.5060800742841117,18.38313091131796,20.366964802511678,1.983833891193718,0.8447309045335487
TCD,2019,18.644,18.852440561549088,0.5060800753311847,17.860523613899964,19.84435750919821,1.983833895298244,-0.8406919258101802
TCD,2020,17.994,18.350253296449687,0.5060801101477689,17.35833628056006,19.342170312339313,1.983834031779254,-0.9638004667421427
TCD,2021,18.466,18.33357461795342,0.5060812678447787,17.341655332977655,19.325493902929185,1.9838385699515324,0.11224748302594634
TCD,2022,17.49,17.902085077645722,0.5061197613235258,16.91009034545161,18.894079809839834,1.983989464388221,-0.9341019973158105
TCD,2023,18.595,18.204360260781893,0.5073980584401134,17.209860066239273,19.198860455324514,1.9890003890852446,0.7563328679111727
TCD,2024,17.316,17.68802818276124,0.5482084174157119,16.613539684626446,18.762516680896034,2.1489769962695906,-0.9966877763703685
TGO,2000,25.251,24.93907444177355,1.1380365055659398,22.70852289086431,27.16962599268279,4.461103101818484,0.0
TGO,2001,25.005,24.712518541841586,0.9659051490297739,22.81934444974323,26.60569263393994,3.7863481841967137,-0.24600000000000222
TGO,2002,23.349,24.221659426354584,0.905356086599703,22.447161496619167,25.996157356090002,3.548995859470836,-1.7678586495807131
TGO,2003,23.833,24.08800832887686,0.8841549145928839,22.35506469627481,25.82095196147891,3.465887265204105,-0.4804169633985502
TGO,2004,23.718,24.055791885507055,0.8767786200961882,22.337305790118528,25.774277980895583,3.4369721907770576,-0.39074244089534105
TGO,2005,23.813,24.230296054416144,0.8742198214537044,22.51682520436688,25.943766904465406,3.426941700098521,-0.1329936294644085
TGO,2006,23.942,24.77374517113132,0.8733331791913519,23.06201213991627,26.48547820234637,3.423466062430099,0.05096615821225825
TGO,2007,27.768,26.157841912469955,0.8730260738427963,24.446710807738075,27.868973017201835,3.4222622094637614,3.8559616466949898
TGO,2008,28.015,27.21599281388844,0.8729197169446241,25.505070168676976,28.926915459099906,3.4218452904229264,2.5153168204019174
TGO,2009,29.323,28.311220628372855,0.8728828851517643,26.600370173475397,30.022071083270312,3.421700909794916,2.7880046399220397
TGO,2010,30.572,29.322621628012097,0.8728701303787146,27.611796172469816,31.03344708355438,3.421650911084561,2.8895832605217393
TGO,2011,30.858,30.04810192437592,0.8728657134550872,28.337285126003948,31.758918722747893,3.4216335967439417,1.9864031796686419
TGO,2012,30.168,30.625616882233043,0.8728641839093693,28.91480308177068,32.33643068269541,3.4216276009247273,0.4789292396869804
TGO,2013,32.95,31.815056901770628,0.8728636543289406,30.104244139285903,33.52586966425535,3.421625524969447,3.0638341407462306
TGO,2014,33.483,32.88960640359687,0.8728634715744873,31.178793999310876,34.60041880788287,3.4216248085719903,2.3359679008492336
TGO,2015,35.828,34.14628303268425,0.8728634126188876,32.435470743951235,35.85709532141727,3.421624577466039,3.719642559069534
TGO,2016,35.779,34.9620974588825,0.8728634216754871,33.25128515239855,36.672909765366455,3.4216246129679093,2.1398912355108024
TGO,2017,37.437,35.673647620970385,0.8728636253589211,33.9628349152669,37.38446032667387,3.421625411406971,2.9172579307063913
TGO,2018,35.038,35.598626768312734,0.8728650605206534,33.887811249692255,37.30944228693321,3.421631037240961,-0.6822864659817256
TGO,2019,35.774,35.854583661251134,0.8728748430890952,34.14374896879651,37.56541835370576,3.4216693849092534,0.33449610672296615
TGO,2020,36.985,36.30083365274631,0.8729414118213858,34.589868485576396,38.01179881991623,3.4219303343398324,1.407840324548772
TGO,2021,37.135,36.532951937570814,0.8733942478304952,34.82109921182305,38.24480466331858,3.4237054514955414,0.9784692736798704
TGO,2022,36.825,36.49072753140669,0.8764693707002273,34.772847564834244,38.20860749797914,3.435759933144891,0.2657980607171453
TGO,2023,36.988,36.20463305407621,0.8971142763786818,34.44628907237399,37.96297703577843,3.516687963404433,0.3194137086698774
TGO,2024,33.026,35.2468997262109,1.0266279438016932,33.23470895635958,37.259090496062214,4.024381539702637,-3.7740351870150164
THA,2000,52.56,52.67630994701369,0.645057134450964,51.4119979634898,53.94062193053758,2.528623967047779,0.0
THA,2001,53.256,53.16070584603395,0.5787645518294224,52.02632732444828,54.295084367619616,2.2687570431713358,0.695999999999998
THA,2002,54.238,53.72177717436903,0.5723364167306622,52.59999779757693,54.84355655116113,2.2435587535841957,1.1816723289350506
THA,2003,52.81,52.862533007397495,0.571729057396277,51.74194405490079,53.9831219598942,2.241177904993406,-1.0675592746814644
THA,2004,51.011,51.342493695630246,0.5716718346448781,50.222016899726285,52.46297049153421,2.2409535918079224,-2.1264451343084545
THA,2005,49.352,49.56679704612393,0.57166644483516,48.44633081424702,50.68726327800084,2.2409324637538273,-2.311569638185887
THA,2006,45.391,46.83126909131158,0.5716659371821453,45.71080385443458,47.951734328188586,2.2409304737540094,-4.670415961327983
THA,2007,46.745,46.869548686435756,0.5716658893676634,45.749083543275134,47.99001382959638,2.2409302863212406,-0.07934765844181868
THA,2008,47.69,47.42369675673806,0.571665884864146,46.30323162240433,48.54416189107179,2.2409302686674524,0.9206482440030896
THA,2009,47.453,47.51353148012036,0.5716658844399718,46.39306634661802,48.633996613622706,2.2409302670046896,0.04554648915388526
THA,2010,47.964,47.92561389929955,0.57166588440002,46.80514876587551,49.04607903272359,2.2409302668480784,0.52497819496989
THA,2011,48.831,48.60438008049021,0.5716658843962571,47.48391494707354,49.724845213906875,2.240930266833328,1.0281155481623685
THA,2012,49.393,49.09609501312923,0.5716658843959027,47.97562987971326,50.2165601465452,2.2409302668319384,0.8775281528056595
THA,2013,49.246,48.94349481808617,0.5716658843958692,47.82302968467027,50.06395995150208,2.240930266831807,0.12231295571351808
THA,2014,46.824,47.4780689444784,0.5716658843958662,46.3576038110625,48.5985340778943,2.2409302668317954,-2.384462214437278
THA,2015,46.627,47.04822418722229,0.571665884395866,45.92775905380639,48.16868932063819,2.2409302668317945,-0.9287902732856494
THA,2016,47.967,47.80137383503436,0.5716658843958698,46.680908701618456,48.92183896845027,2.2409302668318096,1.05495472488618
THA,2017,49.088,48.67597525805758,0.5716658843960364,47.55551012464135,49.796440391473816,2.2409302668324624,1.4447650828577494
THA,2018,48.486,48.849486145176336,0.5716658844031391,47.729021011746184,49.96995127860649,2.2409302668603055,-0.15860231123958357
THA,2019,51.452,50.59057748913059,0.5716658847060617,49.47011235510671,51.71104262315447,2.240930268047762,2.9173250291898043
THA,2020,50.806,50.7780815952226,0.5716658976252876,49.65761643587704,51.898546754568166,2.2409303186911274,0.249325607362465
THA,2021,51.547,51.046865478663406,0.5716664486118842,49.92639923938411,52.1673317179427,2.240932478558586,0.8175179054816581
THA,2022,48.852,49.668428672440875,0.5716899469234267,48.54791637647096,50.78894096841079,2.2410245919398326,-2.4441041594846453
THA,2023,49.698,50.03529653594802,0.5726912195403475,48.91282174564894,51.1577713262471,2.244949580598162,0.09590564330247986
THA,2024,53.124,52.0635292017048,0.6138758806363714,50.860332475657515,53.26672592775209,2.406393452094576,3.455433394455582
TJK,2000,26.953,27.0239498780577,0.6022897258810248,25.843462015330893,28.204437740784506,2.360975725453617,0.0
TJK,2001,27.466,27.47325180220328,0.5516748264628089,26.391969142336173,28.554534462070386,2.1625653197342105,0.5130000000000017
TJK,2002,28.868,28.485104839964272,0.5483737412775949,27.410292307060185,29.55991737286836,2.1496250658081717,1.5258703010026622
TJK,2003,28.397,28.4922308905996,0.5481633821379865,27.41783066160915,29.566631119590053,2.148800457980907,-0.08719366208954327
TJK,2004,29.149,29.06553288445184,0.5481499991946731,27.99115888603028,30.1399068828734,2.1487479968431185,0.7300122447906894
TJK,2005,30.174,29.853408033771938,0.5481491478682341,28.7790357039502,30.927780363593676,2.148744659643478,1.2091179279306132
TJK,2006,29.647,29.73102251624896,0.5481490937133424,28.65665029257081,30.80539473992711,2.1487444473563024,-0.22204269264408438
TJK,2007,29.995,29.95035887128452,0.5481490902684231,28.875986654358414,31.02473108821063,2.1487444338522184,0.29199753387454663
TJK,2008,30.351,30.177405183420866,0.5481490900492836,29.10303296692427,31.25177739991746,2.1487444329931917,0.42964611950426956
TJK,2009,29.453,29.666782311691527,0.5481490900353436,28.592410095222252,30.741154528160802,2.148744432938547,-0.7896368603352499
TJK,2010,29.864,29.781257795575073,0.5481490900344569,28.70688557910754,30.855630012042607,2.148744432935071,0.2118418428309603
TJK,2011,29.612,29.55180402419378,0.5481490900344005,28.477431807726354,30.626176240661202,2.14874443293485,-0.19857033739275565
TJK,2012,28.384,28.688563044910254,0.5481490900343969,27.614190828442837,29.76293526137767,2.1487444329348357,-1.2780823916036965
TJK,2013,28.531,28.549318852553284,0.5481490900343966,27.474946636085868,29.6236910690207,2.148744432934835,-0.17535138278223883
TJK,2014,28.352,28.346520180790474,0.5481490900343966,27.272147964323057,29.42089239725789,2.148744432934835,-0.22322622601169329
TJK,2015,27.555,27.86291026621586,0.5481490900343966,26.788538049748443,28.937282482683276,2.148744432934835,-0.8533009733181913
TJK,2016,28.361,28.588512100824726,0.5481490900343966,27.51413988435731,29.662884317292143,2.148744432934835,0.5907848069220272
TJK,2017,32.445,31.535823984106276,0.5481490900343984,30.461451767638856,32.6101962005737,2.1487444329348415,4.233004712598454
TJK,2018,33.108,32.77615018300358,0.5481490900345353,31.70177796653589,33.85052239947127,2.1487444329353784,1.7306267284440793
TJK,2019,33.874,33.59525476153694,0.5481490900451979,32.52088254504835,34.66962697802553,2.1487444329771757,1.2024897933488177
TJK,2020,33.948,33.78735429694069,0.5481490908761413,32.71298207882345,34.86172651505793,2.1487444362344736,0.37728580552708735
TJK,2021,33.747,33.27472017086114,0.5481491556321348,32.20034782582215,34.349092515900125,2.1487446900779688,-0.10584291003871726
TJK,2022,28.002,29.368825799690764,0.5481542020878206,28.294443563598637,30.44320803578289,2.148764472184257,-5.771695155674482
TJK,2023,27.928,28.67307570024894,0.5485473330723265,27.59792292742718,29.7482284730707,2.15030554564352,-1.529707336750569
TJK,2024,32.555,31.48531006512918,0.5783630236199638,30.351718538834053,32.61890159142431,2.267183052590258,4.241185064677282
TKM,2000,20.021,19.971521190349662,0.583888776451457,18.827099188504807,21.115943192194518,2.2888440036897113,0.0
TKM,2001,19.839,19.851560872181835,0.5186119067659752,18.835081534920523,20.868040209443148,2.032958674522623,-0.18200000000000216
TKM,2002,19.749,19.701704565735536,0.510271098773139,18.701573212140183,20.70183591933089,2.000262707190705,-0.1483153525858718
TKM,2003,19.283,19.365150984663828,0.5092402412955713,18.367040111724506,20.36326185760315,1.9962217458786395,-0.5174537992178401
TKM,2004,19.44,19.025964530544332,0.5091134464476478,18.02810217550694,20.023826885581723,1.9957247100747793,-0.024182058455057387
TKM,2005,17.118,17.57795831711581,0.5090978601612487,16.580126511199765,18.575790123031858,1.995663611832095,-2.3304766995039827
TKM,2006,15.693,16.354131048489432,0.509095944355734,15.356302997552193,17.351959099426672,1.9956561018744774,-2.2420308494706536
TKM,2007,15.801,15.926027539174589,0.5090957088745465,14.928199949780478,16.9238551285687,1.9956551787882222,-0.6780364194803798
TKM,2008,15.134,15.539802484789897,0.5090956799304147,14.541974952126285,16.53763001745351,1.9956550653272256,-0.9047141398388661
TKM,2009,15.98,15.843530344253068,0.5090956763727519,14.845702818562474,16.84135786994366,1.9956550513811873,0.5288143847480491
TKM,2010,15.907,16.01122916918562,0.5090956759354625,15.013401644352113,17.009056694019126,1.9956550496670127,0.11239814279221605
TKM,2011,16.86,16.503527907692764,0.5090956758817131,15.505700382964607,17.501355432420922,1.9956550494563154,0.9924059004614403
TKM,2012,16.729,16.47424935976925,0.5090956758751065,15.47642183505404,17.47207688448446,1.9956550494304175,0.21692966483356813
TKM,2013,15.151,15.861779045182155,0.5090956758742948,14.863951520468538,16.859606569895774,1.9956550494272356,-1.5019461740933409
TKM,2014,16.594,16.493140561633584,0.5090956758742015,15.49531303692015,17.49096808634702,1.9956550494268697,0.9164295425472275
TKM,2015,17.612,17.248660380763432,0.5090956758743169,16.250832856049772,18.246487905477093,1.9956550494273222,1.3392929542791734
TKM,2016,16.967,17.61267338376842,0.5090956758768184,16.614845859049858,18.610500908486983,1.995655049437128,-0.17545447582402218
TKM,2017,20.862,19.614840711097493,0.5090956759258816,18.617013186282765,20.61266823591222,1.9956550496294556,3.8334870475450593
TKM,2018,19.982,19.946721809510464,0.5090956768876272,18.948894282810716,20.944549336210212,1.9956550533994988,0.4639902594949312
TKM,2019,20.759,20.383352473412323,0.5090956957398742,19.385524909762168,21.381180037062478,1.995655127300307,0.9396713176613076
TKM,2020,19.873,20.224984124093716,0.509096065283574,19.22715583613791,21.22281241204952,1.99565657591161,-0.5565586630657009
TKM,2021,21.331,20.762607111994633,0.509103309066125,19.764764626225027,21.76044959776424,1.99568497153921,1.2628749316951904
TKM,2022,19.909,20.331988870367184,0.5092452816915405,19.333868118251765,21.330109622482603,1.9962415042308386,-0.9792460305440223
TKM,2023,20.088,20.605062109488056,0.5120202960578158,19.60150232921474,21.608621889761373,2.007119560546638,-0.16431591847768345
TKM,2024,23.278,22.179808074530794,0.5636645183461989,21.075025618572244,23.284590530489343,2.2095649119170995,3.1323921377129977
TLS,2009,29.094,28.773061465518253,1.1504338314497558,26.51821115587673,31.027911775159776,4.509700619283042,0.0
TLS,2010,27.243,28.359542932303984,0.9761778925947223,26.44623426281833,30.27285160178964,3.8266173389713116,-1.8510000000000026
TLS,2011,29.134,29.03847408592925,0.9286657547682892,27.218289206583403,30.858658965275094,3.6403697586916937,1.1073940134039155
TLS,2012,30.847,30.085702011532437,0.9158252576281132,28.290684506581336,31.880719516483538,3.5900350099022034,2.259549600878586
TLS,2013,31.084,31.033492772465106,0.9123756144421851,29.245236568158422,32.82174897677179,3.5765124086133655,1.392217971501502
TLS,2014,34.108,32.655723119946245,0.911450618291635,30.86927990809464,34.44216633179785,3.572886423703209,3.7422911331928574
TLS,2015,34.881,33.83248321248705,0.911202719741619,32.04652588179348,35.61844054318062,3.5719146613871464,2.7084372493812623
TLS,2016,35.142,34.69315755759064,0.9111362929542312,32.907330423400346,36.47898469178093,3.571654268380586,1.6626527606670223
TLS,2017,35.925,35.696877211975945,0.9111184975501264,33.9110849567777,37.48266946717419,3.5715845103964954,1.643593822477449
TLS,2018,38.405,37.21476524237885,0.9111137728113808,35.42898224766854,39.00054823708916,3.5715659894206127,3.3307682246972377
TLS,2019,39.562,38.516281538467254,0.9111130209160425,36.73050001747181,40.3020630594627,3.5715630419908866,2.8811162994267363
TLS,2020,40.69,39.60270273177584,0.9111188952733875,37.81690969704,41.38849576651168,3.571586069471679,2.6193664768344362
TLS,2021,40.93,40.25745894108836,0.911192275062789,38.47152208196529,42.04339580021143,3.571873718246133,1.595876828612674
TLS,2022,41.021,40.63176988244704,0.9120601479445553,38.84413199247571,42.41940777241837,3.5752757799426567,0.9170825464468635
TLS,2023,42.306,40.84016799771706,0.9222557858257213,39.03254665749865,42.64778933793547,3.6152426804368276,1.7597145394290479
TLS,2024,37.44,39.48730519749169,1.0351770077033413,37.45835826239315,41.51625213259024,4.0578938701970975,-3.9551091596377788
TON,2009,33.087,33.38579767813638,1.9276411254535883,29.607621072247344,37.16397428402541,7.556353211778066,0.0
TON,2010,34.607,34.59890688736961,1.7602273644877442,31.14886125297363,38.048952521765585,6.900091268791957,1.519999999999996
TON,2011,36.959,36.51376722586783,1.7477465809696877,33.08818392716724,39.93935052456842,6.851166597401176,2.740478945718273
TON,2012,38.443,37.99120588334847,1.7468428696166276,34.567393858899884,41.41501790779706,6.84762404889718,2.217905775704672
TON,2013,39.076,38.72968506462046,1.746777585721275,35.30600099660676,42.15336913263416,6.847368136027398,1.228910369966023
TON,2014,38.294,38.647427787510594,1.7467728704274303,35.22375296147283,42.071102613548355,6.847349652075527,-0.4517364055534756
TON,2015,39.971,39.83647266072436,1.7467725298576235,36.412798502203415,43.26014681924531,6.8473483170418845,1.555595999270885
TON,2016,40.931,41.28951684294069,1.7467725052594694,37.86584273263213,44.71319095324925,6.8473482206171195,1.3780663951761838
TON,2017,46.567,45.024746656174074,1.7467725034841548,41.60107254934513,48.448420763003014,6.847348213657887,6.006355350432095
TON,2018,45.356,45.393490765137585,1.7467725034056534,41.969816658462506,48.817164871812665,6.847348213350161,0.4032080401356737
TON,2019,44.649,46.14093896488691,1.7467725052651797,42.717264854567155,49.56461307520666,6.847348220639504,-0.5986378364976659
TON,2020,57.687,52.962157465036235,1.7467725753659695,49.538483217318934,56.385831712753536,6.8473484954346,12.877116077403628
TON,2021,43.493,46.48397180095737,1.7467752049809815,43.060292399194644,49.907651202720096,6.847358803525447,-10.73327496733733
TON,2022,46.722,47.0292576556603,1.7468738431601993,43.60538492306631,50.453130388254294,6.847745465187981,0.3444322801280677
TON,2023,48.347,49.07822305651855,1.7505699034129412,45.64710604582919,52.509340067207916,6.862234021378729,1.7175661776077433
TON,2024,57.876,55.19102727862108,1.8839847122927431,51.4984172425273,58.88363731471485,7.385220072187553,9.990595921817722
TTO,2000,61.204,60.662714941196235,0.5519146436758945,59.58096223959148,61.74446764280099,2.1635054032095065,0.0
TTO,2001,56.934,57.83044932180192,0.5021880607054728,56.84616072281919,58.81473792078465,1.9685771979654534,-4.270000000000003
TTO,2002,56.03,56.52636082786528,0.4984531794543575,55.549392596134744,57.50332905959582,1.9539364634610814,-2.0011153207843506
TTO,2003,56.17,56.244105602267524,0.49817957334856017,55.26767363850435,57.2205375660307,1.9528639275263557,-0.39906521049616117
TTO,2004,55.783,56.020709872638356,0.4981595709545634,55.04431711356741,56.9971026317093,1.9527855181418885,-0.4948627924818041
TTO,2005,57.008,56.70849472421656,0.49815810887057527,55.73210483083023,57.68488461760288,1.952779786772655,1.0912114378474058
TTO,2006,56.759,56.6788068744386,0.49815800200007365,55.70241719051845,57.655196558358746,1.9527793678402887,0.04601960009573958
TTO,2007,56.231,56.23040390028992,0.49815799418841916,55.25401423168062,57.20679356889922,1.952779337218603,-0.5155581383099559
TTO,2008,55.021,55.303948195951094,0.4981579936174296,54.32755852846093,56.280337863441254,1.952779334980324,-1.3493863408260154
TTO,2009,54.706,54.76208887600036,0.4981579935756933,53.78569920859201,55.73847854340872,1.9527793348167177,-0.679820205030623
TTO,2010,53.674,53.9168741243257,0.4981579935726426,52.94048445692332,54.89326379172808,1.952779334804759,-1.215796248121329
TTO,2011,53.161,53.34882827306631,0.4981579935724197,52.37243860566437,54.32521794046825,1.952779334803885,-0.8417027764686225
TTO,2012,53.11,53.08585021349957,0.4981579935724035,52.10946054609766,54.06223988090148,1.9527793348038216,-0.2785628338340871
TTO,2013,52.042,52.42757342725971,0.49815799357240215,51.4511837598578,53.40396309466162,1.9527793348038165,-1.1433122713151818
TTO,2014,52.997,52.93366320474901,0.49815799357240204,51.9572735373471,53.91005287215092,1.952779334803816,0.6458939976301465
TTO,2015,53.846,53.67020290664494,0.49815799357240204,52.69381323924303,54.64659257404685,1.952779334803816,1.0236239558265865
TTO,2016,54.604,54.33832722051891,0.4981579935724023,53.361937553117,55.314716887920824,1.952779334803817,1.0347470592715737
TTO,2017,54.549,54.43152396202325,0.4981579935724168,53.45513429462131,55.40791362942519,1.9527793348038738,0.22475430245970784
TTO,2018,53.987,54.056186581373694,0.49815799357325735,53.07979691397011,55.03257624877728,1.9527793348071687,-0.5012354077781112
TTO,2019,53.229,53.61720681332455,0.49815799362204455,52.640817145825345,54.593596480823756,1.9527793349984146,-0.8935140472395133
TTO,2020,54.899,54.58770009716413,0.49815799645363323,53.61131042411501,55.56408977021325,1.9527793460982423,1.4284294666182475
TTO,2021,55.126,55.08335259578045,0.49815816079780817,54.10696260061674,56.059742590944154,1.952779990327408,0.6131903114061359
TTO,2022,56.019,55.89830423851408,0.49816769917093917,54.92189554813904,56.87471292888912,1.9528173807500815,1.0587821844531078
TTO,2023,58.067,56.994019743328636,0.49872098973477996,56.01652660344847,57.9715128832088,1.9549862797603375,2.334252440936588
TTO,2024,52.822,54.06941745271437,0.5298447526191857,53.03092173758076,55.107913167847975,2.076991430267208,-4.6139113126460245
TUN,2000,44.793,45.198247976272825,0.8385278466149939,43.55473339690744,46.84176255563821,3.287029158730776,0.0
TUN,2001,45.689,45.591411379904756,0.7117119796702243,44.196455899751115,46.986366860058396,2.789910960307279,0.8960000000000008
TUN,2002,46.985,46.055595353269425,0.6727999192832995,44.73690751147416,47.37428319506469,2.637375683590534,1.6884208311907045
TUN,2003,45.997,45.95287434315048,0.6609626182943993,44.65738761129345,47.2483610750075,2.5909734637140454,-0.11463438900252498
TUN,2004,45.627,45.749319980748844,0.6573858327245936,44.46084374860864,47.03779621288905,2.576952464280407,-0.43183295433721725
TUN,2005,45.077,45.52830389904379,0.6563077551120503,44.24194069902417,46.81466709906341,2.572726400039237,-0.7857408947164188
TUN,2006,45.932,45.569070820746475,0.6559830706726706,44.28334400222804,46.85479763926491,2.5714536370368686,0.42452707903773756
TUN,2007,44.865,45.31412889288914,0.6558853093570867,44.02859368654925,46.599664099229024,2.57107041267978,-0.8341717223212513
TUN,2008,45.043,45.29744161807178,0.6558558759487885,44.01196410121216,46.5829191349314,2.5709550337192506,-0.2796413513872622
TUN,2009,44.93,45.49547955368364,0.6558470145065652,44.21001940525077,46.780939702116505,2.5709202968657356,-0.2664310158753338
TUN,2010,45.668,46.317559000803506,0.6558443466323223,45.03210408140416,47.603013920202855,2.5709098387987033,0.5918128551810184
TUN,2011,50.534,48.22779024844291,0.6558435434291884,46.942336903321696,49.51324359356412,2.5709066902424182,5.190722664280173
TUN,2012,50.123,49.29027904805798,0.6558433016135564,48.00482617689541,50.57573191922055,2.570905742325141,2.4371127486499375
TUN,2013,50.7,50.27944710942153,0.6558432288154613,48.99399438094323,51.56489983789984,2.5709054569566083,1.9142275593637876
TUN,2014,52.956,51.514217519321825,0.6558432069339156,50.22876483373135,52.7996702049123,2.5709053711809493,3.3063241840112667
TUN,2015,53.089,52.24432244842849,0.6558432006563185,50.958869775142105,53.52977512171488,2.5709053465727685,1.9471586581714746
TUN,2016,53.308,52.68295421659275,0.6558432014850898,51.39750154168197,53.96840689150353,2.570905349821552,1.2873933632891834
TUN,2017,52.801,52.84243203283567,0.6558432255657641,51.55697931072677,54.12788475494457,2.570905444217795,0.19938441735563117
TUN,2018,53.525,53.13816497327811,0.6558434417084963,51.852711827529454,54.42361811902676,2.5709062914973053,0.8334009412944781
TUN,2019,53.362,53.27628732490174,0.6558453378368795,51.99083046274146,54.56174418706202,2.5709137243205675,0.2942817109603766
TUN,2020,53.967,53.42482299178805,0.6558619586456458,52.13933355284258,54.71031243073352,2.5709788778909313,0.7664704731521326
TUN,2021,52.987,53.18636766816261,0.6560076310833657,51.90059271123921,54.47214262508601,2.5715499138467934,-0.559442604299953
TUN,2022,53.185,52.97541015972781,0.6572831465416,51.687135192506275,54.26368512694934,2.5765499344430722,-0.10896254187620258
TUN,2023,51.83,52.44725232020695,0.6683595481070752,51.13726760591708,53.75723703449682,2.6199694285797346,-1.4147870426147264
TUN,2024,51.563,52.135443467851175,0.7585591264534393,50.64866758000243,53.62221935569992,2.973551775697482,-1.0432845079714852
TUR,2000,53.908,53.97144236989647,0.6072733280722103,52.78118664687494,55.161698092918,2.3805114460430645,0.0
TUR,2001,54.535,54.16789723653736,0.5322046611617726,53.124776100660284,55.21101837241443,2.0862422717541484,0.6269999999999953
TUR,2002,53.085,53.49748504693814,0.5215801595195672,52.47518793427979,54.51978215959649,2.044594225316703,-1.2398347407885808
TUR,2003,53.037,53.31157721973826,0.5201105628401086,52.29216051657165,54.330993922904874,2.0388334063332256,-0.5019772181523265
TUR,2004,53.889,53.711497015362305,0.5199081181583898,52.692477103771864,54.730516926952745,2.038039823180888,0.666088220846845
TUR,2005,54.001,54.02558968161058,0.5198802466478201,53.006624398180854,55.04455496504031,2.0379305668594547,0.3590760520007166
TUR,2006,54.98,54.738135161191046,0.5198764097565309,53.71917739806825,55.757092924313845,2.0379155262456012,1.112222718610461
TUR,2007,55.835,55.50933035639374,0.5198758815623161,54.4903736285316,56.52828708425588,2.0379134557242793,1.267663831223011
TUR,2008,56.364,56.162543651932516,0.5198758088501438,55.143587066586235,57.1815002372788,2.0379131706925637,0.9993384726073771
TUR,2009,57.101,56.927090829849334,0.5198757988404566,55.90813426412204,57.94604739557663,2.03791313145459,1.107782522652677
TUR,2010,58.627,57.99769404575243,0.5198757974625053,56.97873748272592,59.016650608778946,2.037913126053021,1.9370183297493782
TUR,2011,58.825,58.401275022409806,0.5198757972728141,57.38231845975509,59.42023158506452,2.0379131253094314,0.9166880373448549
TUR,2012,57.849,58.02376516334873,0.5198757972467007,57.00480860074519,59.04272172595226,2.037913125207067,-0.6358830701506193
TUR,2013,57.469,57.74758972725449,0.5198757972431061,56.72863316465801,58.76654628985098,2.0379131251929756,-0.6159304243051054
TUR,2014,58.127,57.97363267144145,0.5198757972426112,56.95467610884593,58.99258923403697,2.037913125191036,0.42947256598871064
TUR,2015,58.467,58.00062933855744,0.5198757972425451,56.98167277596205,59.01958590115282,2.0379131251907765,0.4993463475923363
TUR,2016,56.015,56.73140088092383,0.5198757972425979,55.71244431832834,57.75035744351932,2.037913125190984,-2.266728522905126
TUR,2017,55.842,56.16871757610674,0.5198757972444885,55.149761013507536,57.18767413870594,2.037913125198395,-1.0140197523955834
TUR,2018,55.813,55.94515867753937,0.5198757973020353,54.926202114827376,56.96411524025136,2.037913125423978,-0.4052297215861387
TUR,2019,55.678,55.86301350400882,0.5198757990524825,54.84405693786595,56.88197007015169,2.0379131322857313,-0.28535157349806184
TUR,2020,56.381,56.22034944609964,0.5198758522972367,55.20139277559706,57.23930611660222,2.0379133410051677,0.5971265761364961
TUR,2021,57.388,56.495327735584056,0.5198774718829507,55.476367890693474,57.51428758047464,2.037919689781167,1.2285506798174097
TUR,2022,53.657,54.5228680154013,0.5199267337077456,53.50381161733412,55.54192441346848,2.0381127961343624,-3.2751732972851855
TUR,2023,52.587,52.945638316160284,0.5214229462366848,51.92364934153638,53.967627290784186,2.0439779492478047,-2.2851810010336706
TUR,2024,49.145,50.73666045740657,0.5650444841850846,49.629173268403804,51.84414764640934,2.2149743780055315,-4.289866138466941
TUV,2013,24.538,24.703251685573704,2.645617672150884,19.517841048157972,29.888662322989436,10.370821274831465,0.0
TUV,2014,26.596,26.195595505556092,2.4597904768489522,21.374406170932147,31.016784840180037,9.642378669247893,2.058
TUV,2015,26.7,26.504089062998606,2.4510042618655006,21.700120709742226,31.308057416254986,9.607936706512762,0.5335364667390436
TUV,2016,25.325,25.63659510279691,2.4505971673711553,20.833424654749447,30.439765550844374,9.60634089609493,-1.2603750709867008
TUV,2017,26.194,26.068539181857357,2.4505783245544963,21.265405665730544,30.87167269798417,9.606267032253625,0.5978643745439314
TUV,2018,26.156,26.102290453517412,2.4505774524353297,21.299158646744168,30.905422260290656,9.606263613546492,0.0906221903791824
TUV,2019,25.515,25.737023024726266,2.450577412072546,20.933891297064076,30.540154752388457,9.60626345532438,-0.6215038433972673
TUV,2020,26.96,26.67988482348481,2.4505774105058387,21.876753098893367,31.48301654807625,9.606263449182887,1.3112917129910322
TUV,2021,26.562,26.701149581816658,2.450577451528875,21.898017776820062,31.504281386813254,9.60626360999319,-0.11589302409908342
TUV,2022,28.027,27.920545151174558,2.4505830560837496,23.11740236125041,32.72368794109871,9.606285579848299,1.4400671568791026
TUV,2023,28.069,30.091610083644817,2.451347020144543,25.28696992416151,34.89625024312812,9.60928031896661,0.3518113004264407
TUV,2024,59.209,52.49335990008693,2.5533612954895437,47.48877176092742,57.49794803924644,10.00917627831901,31.215687523300037
TWN,2013,75.228,75.35916894224773,0.9122956173293252,73.57106953228225,77.14726835221322,3.5761988199309545,0.0
TWN,2014,75.566,75.66000920433672,0.7794918096601754,74.13220525740277,77.18781315127066,3.0556078938678874,0.33800000000000807
TWN,2015,76.4,76.42802484721348,0.7521492581561664,74.95381230122739,77.90223739319957,2.9484250919721724,0.9646563521321525
TWN,2016,78.831,78.10546589281805,0.7465829267604767,76.64216335636752,79.56876842926857,2.9266050729010686,2.8529747533461034
TWN,2017,82.081,80.19589800952879,0.7454548042325965,78.7348065932329,81.65698942582468,2.922182832591778,4.526399266753259
TWN,2018,81.213,80.76351954210404,0.7452263999135792,79.30287579827342,82.22416328593465,2.9212874876612305,1.1661382434083691
TWN,2019,81.149,81.04955622004748,0.7451801768184988,79.58900307348323,82.51010936661173,2.921106293128515,0.460527829549207
TWN,2020,81.416,81.46025497942149,0.7451710760247797,79.99971967041293,82.92079028843006,2.9210706180171364,0.4741826735839254
TWN,2021,82.85,82.44220762497862,0.7451751478926518,80.98166433510903,83.90275091484821,2.921086579739195,1.647333586098
TWN,2022,84.369,83.7129564981331,0.7453129058961431,82.25214320257666,85.17376979368953,2.9216265911128807,2.2601367421777354
TWN,2023,86.793,85.08835379423043,0.7485045767337611,83.62128482383226,86.5554227646286,2.9341379407963437,3.4408389233745282
TWN,2024,83.875,84.49134770462663,0.818942601232013,82.88622020621189,86.09647520304138,3.210254996829491,-1.369960914613145
TZA,2000,34.212,33.97211484610858,0.38952780898583705,33.20864034049634,34.735589351720826,1.5269490112244812,0.0
TZA,2001,32.285,33.106283287912795,0.3536364475128749,32.41315585078756,33.79941072503803,1.3862548742504694,-1.9270000000000067
TZA,2002,35.341,34.484029216136605,0.3506213214689769,33.79681142605741,35.1712470062158,1.3744355801583894,2.537348010232286
TZA,2003,33.583,33.8474602984267,0.3503756462139532,33.16072403184735,34.53419656500604,1.3734725331586963,-1.0380655020624658
TZA,2004,33.802,33.70182779945393,0.3503556837446457,33.01513065931442,34.38852493959344,1.3733942802790111,-0.07675947864590427
TZA,2005,32.621,33.13386595439531,0.3503540620523614,32.44717199277268,33.82055991601794,1.3733879232452568,-1.2028772055350245
TZA,2006,33.912,33.92509173797901,0.3503539303132837,33.23839803456497,34.611785441393046,1.373387406828072,0.9481588234143103
TZA,2007,35.719,35.243614823473564,0.3503539196114022,34.55692114103522,35.93030850591191,1.3733873648766968,2.077242553189521
TZA,2008,35.912,35.786535540333574,0.3503539187420303,35.099841859599195,36.47322922106795,1.3733873614687588,0.7850521102509731
TZA,2009,36.239,36.243936279527716,0.35035391867140653,35.55724259893176,36.930629960123674,1.3733873611919136,0.5507542094526414
TZA,2010,37.391,36.99740599079207,0.35035391866566934,36.31071231020736,37.68409967137678,1.3733873611694238,1.3089750227737653
TZA,2011,36.888,36.9019505690503,0.3503539186652033,36.2152568884665,37.5886442496341,1.373387361167597,-0.12991817783063908
TZA,2012,36.655,36.79455262163293,0.3503539186651654,36.10785894104921,37.481246302216654,1.3733873611674483,-0.2700290568384176
TZA,2013,37.158,37.085818381085986,0.3503539186651624,36.39912470050227,37.7725120616697,1.3733873611674365,0.426036780066795
TZA,2014,37.576,37.31499239641164,0.35035391866516213,36.628298715827924,38.001686076995355,1.3733873611674356,0.5394282743783947
TZA,2015,36.814,36.81584457891258,0.350353918665163,36.12915089832886,37.502538259496305,1.373387361167439,-0.6082530758531774
TZA,2016,35.794,36.0176660529866,0.35035391866519056,35.330972372402826,36.70435973357037,1.373387361167547,-1.1933632513479822
TZA,2017,35.284,35.47568830885584,0.3503539186660712,34.78899462827034,36.162381989441336,1.373387361170999,-0.8501303528185105
TZA,2018,35.238,35.240149408937896,0.35035391869421945,34.55345572829722,35.92684308957857,1.3733873612813403,-0.28830269913143525
TZA,2019,34.507,34.867758767932365,0.35035391959392514,34.181065085528274,35.554452450336456,1.3733873648081865,-0.8131715422050547
TZA,2020,35.658,35.46802608121109,0.35035394835134487,34.781332342442454,36.15471981997973,1.3733874775372719,0.9192312378567422
TZA,2021,35.936,35.8031956976316,0.3503548675276017,35.1165001572775,36.4898912379857,1.3733910807081986,0.53999771519765
TZA,2022,35.795,35.90140947198322,0.3503842460188343,35.21465634978631,36.58816259418013,1.3735062443938304,0.01290922519518034
TZA,2023,36.55,36.413718392082345,0.35132198071670057,35.725127309877614,37.102309474287075,1.3771821644094662,0.7586793652857011
TZA,2024,36.966,36.78580075050628,0.38007806843504327,36.0408477363736,37.530753764638966,1.4899060282653696,0.6322374950789467
UGA,2000,31.588,31.575269040128152,0.336483846011719,30.91576070194518,32.23477737831112,1.3190166763659383,0.0
UGA,2001,31.22,31.489217031714578,0.3114586476539068,30.87875808231292,32.099675981116235,1.2209178988033147,-0.3680000000000021
UGA,2002,33.525,32.99983274995175,0.3101180386582234,32.392001394181634,33.60766410572187,1.2156627115402356,2.2237387541301707
UGA,2003,32.762,32.85689475568795,0.3100478527844701,32.24920096423038,33.46458854714551,1.2153875829151228,-0.2554481137982023
UGA,2004,33.35,33.153151119816805,0.31004418309929477,32.54546452094219,33.76083771869142,1.2153731977492355,0.5295968993815592
UGA,2005,32.369,32.538108846023874,0.31004399124212034,31.93042262318932,33.14579506885843,1.2153724456691117,-0.8599075388006554
UGA,2006,32.196,32.31476250589207,0.31004398121154786,31.707076302717436,32.92244870906671,1.2153724063492677,-0.36961898055778875
UGA,2007,32.669,32.59281658866589,0.310043980687135,31.985130386519106,33.20050279081268,1.2153724042935692,0.38848611744038664
UGA,2008,32.691,32.69547315879927,0.310043980659718,32.08778695670622,33.303159360892316,1.2153724041860945,0.1108278801900795
UGA,2009,32.963,32.937524743683596,0.31004398065828453,32.32983854159336,33.54521094577383,1.2153724041804754,0.29734094586087423
UGA,2010,33.421,33.28266792032611,0.31004398065820965,32.67498171823602,33.890354122416205,1.2153724041801819,0.5259874125411415
UGA,2011,33.17,33.13600906905192,0.31004398065820576,32.52832286696184,33.74369527114201,1.2153724041801666,-0.13073226121141346
UGA,2012,32.666,32.61736222671512,0.31004398065820554,32.00967602462504,33.22504842880521,1.2153724041801657,-0.5338921097116369
UGA,2013,30.817,31.231396215414694,0.31004398065820554,30.62371001332461,31.839082417504777,1.2153724041801657,-1.971075158570578
UGA,2014,30.889,30.936746037446724,0.31004398065820554,30.32905983535664,31.544432239536807,1.2153724041801657,-0.37868902154595574
UGA,2015,30.555,30.62140198018782,0.31004398065820554,30.013715778097737,31.229088182277902,1.2153724041801657,-0.4205877609225759
UGA,2016,29.886,30.37974106732849,0.31004398065820554,29.772054865238406,30.98742726941857,1.2153724041801657,-0.7651679647882439
UGA,2017,33.765,32.96785373073291,0.31004398065820615,32.360167528642826,33.575539932823,1.2153724041801681,3.7040433019414607
UGA,2018,33.55,33.37206953006905,0.31004398065825695,32.76438332797886,33.979755732159234,1.2153724041803673,0.63193454953106
UGA,2019,33.035,33.10059848468535,0.3100439806624825,32.492912282586886,33.70828468678381,1.2153724041969314,-0.37050730393468
UGA,2020,32.796,32.94538111375154,0.3100439810138365,32.337694910964416,33.55306731653866,1.2153724055742392,-0.3237170000392311
UGA,2021,33.752,33.55722844784905,0.3100440102291284,32.949542187799956,34.16491470789814,1.2153725200981833,0.8819816667207832
UGA,2022,33.571,33.61320487702997,0.31004643948783284,33.00551385563382,34.22089589842612,1.2153820427923048,0.020666310220313733
UGA,2023,34.037,33.994217261022946,0.31024836719994203,33.38613046131106,34.60230406073483,1.2161735994237728,0.4707253799996707
UGA,2024,34.696,34.52070854835729,0.32660228209658115,33.88056807544799,35.16084902126659,1.2802809458185982,0.7666319997268616
UKR,2000,44.537,44.50554586626438,0.5800663167297418,43.368615885474085,45.64247584705467,2.273859961580588,0.0
UKR,2001,44.573,44.42646455016599,0.508715642099925,43.42938189165014,45.42354720868184,1.9941653170317062,0.036000000000001364
UKR,2002,43.67,43.9568691137216,0.49810636003734615,42.9805806480484,44.9331575793948,1.952576931346397,-0.89072365091085
UKR,2003,43.31,43.78697365347634,0.49657110784692365,42.813694282096364,44.76025302485631,1.9465587427599407,-0.6930203017296392
UKR,2004,44.774,44.58306133994184,0.49635003568043173,43.6102152700082,45.55590740987549,1.9456921398672924,1.2016727902068212
UKR,2005,46.376,45.56595554040995,0.4963182252094114,44.59317181899951,46.538739261820396,1.9455674428208927,2.057668416881093
UKR,2006,45.315,45.45607942041711,0.49631364842860404,44.483304669497045,46.42885417133718,1.9455495018401279,-0.28054466549631485
UKR,2007,45.58,45.58481622529901,0.4963129899472195,44.61204276500246,46.55758968559556,1.9455469205931004,0.15858802730073052
UKR,2008,46.133,45.82608077298645,0.4963128952088433,44.85330749837712,46.79885404759578,1.9455465492186657,0.613153534656881
UKR,2009,45.734,45.549998717883376,0.49631288157845477,44.57722546998961,46.522771965777146,1.9455464957875426,-0.1664264518544485
UKR,2010,44.151,44.63229075333735,0.49631287961739645,43.659517509287255,45.60506399738745,1.945546488100194,-1.6461267576937004
UKR,2011,43.717,44.10090102000992,0.4963128793352512,43.12812777651283,45.073674263507016,1.9455464869941848,-1.058387802718606
UKR,2012,43.87,44.03571757390831,0.4963128792946578,43.06294433049078,45.008490817325836,1.9455464868350585,-0.24845416077995708
UKR,2013,44.132,44.30114724621061,0.49631287928881757,43.32837400280453,45.27392048961669,1.9455464868121648,0.16775953692567214
UKR,2014,45.813,45.16557260600318,0.49631287928797896,44.19279936259874,46.13834584940762,1.9455464868088774,1.744632407668746
UKR,2015,44.951,45.218765841217085,0.4963128792878962,44.24599259781281,46.19153908462136,1.945546486808553,-0.2002482889970949
UKR,2016,45.87,45.93105151971792,0.4963128792887259,44.958278276312015,46.90382476312382,1.9455464868118055,0.8430443733093114
UKR,2017,48.062,47.345239688931684,0.49631287930754175,46.372466445488904,48.318012932374465,1.9455464868855636,2.5117728381274844
UKR,2018,48.379,48.22152471189577,0.4963128797256298,47.24875146763353,49.194297956158,1.9455464885244689,1.2697336337311427
UKR,2019,50.08,49.42523037667328,0.49631288901430315,48.452457114205245,50.39800363914131,1.9455465249360684,2.1826191657033647
UKR,2020,50.404,50.06808646941464,0.49631309538077034,49.09531280246833,51.04086013636095,1.9455473338926197,1.1518832612673862
UKR,2021,51.505,50.443164507211506,0.49631768020366296,49.470381854012324,51.41594716041069,1.9455653063983587,1.5379176656753302
UKR,2022,47.69,48.66628766777142,0.49641953032010644,47.693305388344015,49.63926994719883,1.9459645588548171,-3.2316566881539757
UKR,2023,46.979,47.73975983195411,0.49867697004090167,46.762352970673945,48.717166693234276,1.9548137225603346,-1.9367907931561987
UKR,2024,47.912,47.83676015175244,0.546430548341537,46.76575627700303,48.90776402650186,2.142007749498825,0.1983612213131707
URY,2000,54.98,54.8927882750256,0.7213190167706067,53.47900300215521,56.306573547895994,2.8275705457407785,0.0
URY,2001,54.523,54.76896822062988,0.6351323122894905,53.52410888854248,56.01382755271728,2.4897186641748026,-0.45699999999999363
URY,2002,54.409,54.9362069856009,0.6203707991877698,53.720280219192865,56.15213375200893,2.4318535328160578,-0.27731343432911615
URY,2003,56.428,55.834779772301154,0.6179456865913703,54.62360622658207,57.04595331802024,2.4223470914381715,1.9091771581244714
URY,2004,56.556,56.214580359728856,0.6175504584955596,55.00418146107756,57.424979258380155,2.4207977973025936,0.8958375995843255
URY,2005,55.744,56.257642273561046,0.6174861334963488,55.0473694519082,57.46791509521389,2.4205456433056876,-0.4508152556047591
URY,2006,57.847,56.980745721729804,0.6174756666391512,55.770493415117066,58.19099802834254,2.420504613225473,1.9211666245622538
URY,2007,56.417,56.78173936496875,0.6174739635504718,55.57149039640983,57.99198833352767,2.420497937117849,-0.6550592899538756
URY,2008,56.463,57.00077968022723,0.6174736864382404,55.79053125480828,58.211028105646186,2.4204968508379023,-0.21823398923556425
URY,2009,58.463,57.98096013021489,0.6174736413489171,56.77071179317101,59.19120846725877,2.420496674087755,1.9119698957960907
URY,2010,58.705,58.611242331729,0.6174736340123714,57.40099400906475,59.82149065439325,2.420496645328496,1.0132408009362877
URY,2011,59.404,59.297660021895226,0.6174736328186394,58.087411701570694,60.50790834221976,2.4204966406490667,1.107715997280387
URY,2012,60.612,60.03971023997013,0.6174736326244813,58.82946192002614,61.24995855991411,2.4204966398879666,1.6548249319366093
URY,2013,60.022,60.24724336500381,0.6174736325936541,59.03699504512025,61.45749168488737,2.4204966397671237,0.07751499508326987
URY,2014,61.118,60.806281358959986,0.6174736325963662,59.59603303907111,62.01652967884886,2.4204966397777556,1.1272676105934494
URY,2015,61.243,61.117919006732336,0.6174736326749277,59.90767068668948,62.328167326775194,2.4204966400857164,0.579711564464553
URY,2016,61.513,61.35495002932036,0.6174736334773917,60.14470170770467,62.56519835093604,2.4204966432313753,0.5038411482243106
URY,2017,61.316,61.45343010887385,0.6174736415904795,60.24318177135651,62.663678446391195,2.4204966750346792,0.0062369196090728
URY,2018,62.042,61.758427155133504,0.6174737236021189,60.54817865687335,62.96867565339366,2.4204969965203063,0.7285158174032915
URY,2019,61.581,61.78085793338663,0.6174745526189999,60.570607810253385,62.99110805651987,2.4205002462664793,-0.1671349372964812
URY,2020,61.866,62.06949636001313,0.61748293270195,60.85922981191731,63.27976290810896,2.420533096191644,0.21758194584759138
URY,2021,62.99,62.704273678589445,0.6175676366719645,61.493841110712395,63.914706246466494,2.4208651357541005,1.2117671158706784
URY,2022,64.003,63.14684333462306,0.6184232182607705,61.934733826831945,64.35895284241417,2.4242190155822203,1.5017965518122338
URY,2023,63.92,62.60119004173368,0.6270063484098068,61.37225759885046,63.8301224846169,2.4578648857664427,0.5227871734882683
URY,2024,57.805,60.186574656820525,0.7079505612192692,58.79899155683076,61.574157756810294,2.7751661999795356,-5.904120727583766
USA,2000,77.093,77.10911418052758,0.17705601690586617,76.7620843873921,77.45614397366307,0.6940595862709954,0.0
USA,2001,77.095,77.2143193209557,0.16423497132077394,76.89241877716698,77.53621986474441,0.6438010875774338,0.001999999999995339
USA,2002,78.469,78.14011991305367,0.1635717843364928,77.81951921575414,78.46072061035319,0.6412013945990518,1.3744344960583277
USA,2003,77.941,77.9791472014578,0.16353827191894904,77.65861218849666,78.29968221441895,0.6410700259222802,-0.2197551962587312
USA,2004,77.845,77.89162001878412,0.1635365806194924,77.57108832076992,78.21215171679833,0.6410633960284101,-0.14536229826900637
USA,2005,77.955,78.00061543328862,0.1635364952687834,77.6800839025618,78.32114696401543,0.6410630614536309,0.07734553964735369
USA,2006,78.568,78.49223123106093,0.1635364909616102,78.17169970877617,78.81276275334568,0.6410630445695119,0.6303751173164329
USA,2007,79.178,79.00608961198913,0.16353649074425128,78.6855580901304,79.32662113384785,0.641063043717465,0.7516092496490501
USA,2008,79.008,78.98215480191764,0.16353649073328239,78.6616232800804,79.30268632375488,0.641063043674467,-0.0011563701751100552
USA,2009,78.798,78.77841605838357,0.16353649073272886,78.45788453654743,79.09894758021971,0.641063043672297,-0.2102597702702269
USA,2010,78.094,78.25693406002219,0.1635364907327009,77.9364025381861,78.57746558185828,0.6410630436721876,-0.7512333501142763
USA,2011,78.284,78.21147129635632,0.1635364907326995,77.89093977452023,78.53200281819241,0.641063043672182,0.021240813219293386
USA,2012,77.541,77.68265441734245,0.16353649073269944,77.36212289550636,78.00318593917854,0.6410630436721818,-0.7382284035780629
USA,2013,77.481,77.4939135086894,0.16353649073269944,77.17338198685331,77.81444503052549,0.6410630436721818,-0.2258377187691707
USA,2014,77.088,77.19874900991627,0.16353649073269944,76.87821748808018,77.51928053175236,0.6410630436721818,-0.4437328245718959
USA,2015,77.299,77.2851272540609,0.16353649073269944,76.96459573222481,77.60565877589698,0.6410630436721818,0.11131860192139698
USA,2016,77.377,77.37202503568871,0.16353649073269946,77.05149351385262,77.6925565575248,0.6410630436721819,0.10300692591850691
USA,2017,77.556,77.51379399421758,0.16353649073269996,77.19326247238149,77.83432551605367,0.6410630436721838,0.20213976748789264
USA,2018,77.449,77.5387940203398,0.16353649073274223,77.21826249850362,77.85932554217597,0.6410630436723496,-0.06159075030133465
USA,2019,78.36,78.13161633703201,0.1635364907360167,77.81108481518942,78.45214785887461,0.6410630436851854,0.8971640794668048
USA,2020,77.918,77.92212392315253,0.16353649098985718,77.60159240081241,78.24265544549264,0.6410630446802401,-0.24045852099527565
USA,2021,77.26,77.53272638376956,0.16353651066780142,77.21219482286067,77.85325794467845,0.6410631218177816,-0.7120172829806961
USA,2022,78.72,78.41290383928342,0.1635380361129154,78.0923692885021,78.73343839006473,0.6410691015626283,1.3000504215748947
USA,2023,78.221,78.29545127226744,0.16365624674493015,77.97468502864739,78.6162175158875,0.6415324872401261,-0.2069529923883806
USA,2024,78.585,78.51367376832238,0.17257377848951985,78.17542916248291,78.85191837416184,0.6764892116789178,0.31750949383170735
UZB,2000,29.138,29.26273324878793,1.0552852655215976,27.1943741283656,31.331092369210264,4.1367182408446626,0.0
UZB,2001,29.48,29.465570765791988,0.9023923296343084,27.696881799708745,31.23425973187523,3.5373779321664887,0.34199999999999875
UZB,2002,30.033,29.7686184315082,0.8673034544053847,28.06870366087365,31.468533202142755,3.3998295412691077,0.6898033930954597
UZB,2003,29.98,29.908656276527175,0.8593797653918742,28.224271936359102,31.593040616695248,3.3687686803361467,0.2625208240968391
UZB,2004,30.485,30.05428617621933,0.8576014853884474,28.37338726485797,31.735185087580685,3.3617978227227137,0.6283163524253439
UZB,2005,28.906,29.67728811366446,0.8572030062451909,27.997170221423886,31.357406005905034,3.360235784481148,-1.2821353616417461
UZB,2006,30.61,30.141789419216938,0.8571137459855376,28.461846477085285,31.82173236134859,3.3598858842633073,1.0974369128488597
UZB,2007,30.511,30.28598983031811,0.8570937530633373,28.606086074313968,31.96589358632225,3.3598075120082824,0.42033474706722984
UZB,2008,30.592,30.212412372503035,0.8570892750365432,28.532517393431412,31.892307351574658,3.3597899581432493,0.27992586716607804
UZB,2009,29.276,29.515368595486397,0.8570882720493899,27.83547558226959,31.195261608703202,3.3597860264336084,-1.183521529824997
UZB,2010,28.233,28.61059712759174,0.857088047400816,26.930704554686137,30.29048970049734,3.3597851458111987,-1.6031184095047912
UZB,2011,26.711,27.535583351472823,0.8570879970841481,25.855690877187893,29.215475825757753,3.3597849485698603,-2.2806991576302593
UZB,2012,26.035,26.81686815491531,0.8570879858142492,25.13697570271938,28.496760607111238,3.359784904391857,-1.7553743005467304
UZB,2013,26.328,26.67896333145764,0.8570879832900393,24.999070884209164,28.35885577870612,3.359784894496954,-0.5377566435204564
UZB,2014,27.08,26.951063991410923,0.8570879827249022,25.271171545270114,28.63095643755173,3.3597848922816165,0.4974987761194498
UZB,2015,27.009,27.25151508638052,0.8570879826017391,25.57162264048111,28.931407532279927,3.3597848917988173,0.16444859772377995
UZB,2016,27.668,28.15513920748399,0.8570879826240225,26.475246761540905,29.835031653427077,3.3597848918861684,0.7368277125616558
UZB,2017,32.254,30.512918440388287,0.8570879833570324,28.833025993008505,32.19281088776807,3.3597848947595668,4.934714529766353
UZB,2018,32.87,32.18944760609677,0.857087994149226,30.509555137564288,33.86934007462926,3.359784937064966,2.9514260805847634
UZB,2019,35.314,34.20985754661202,0.8570881517199334,32.52996476924095,35.889750323983094,3.359785554742139,3.8408057122594883
UZB,2020,37.782,36.22271310737901,0.857090452023519,34.54281582141291,37.90261039334511,3.3597945719321944,4.285717676840989
UZB,2021,39.545,37.545647153003074,0.8571240323959394,35.86568404950703,39.22561025649912,3.3599262069920823,3.7912787942852546
UZB,2022,36.037,36.96717223359763,0.8576141071046424,35.28624858367253,38.64809588352273,3.361847299850198,-1.7137216640222874
UZB,2023,36.402,37.30320977957106,0.8647368599348274,35.6083255340988,38.99809402504332,3.3897684909445234,-0.446043930687928
UZB,2024,41.619,39.24988285385932,0.9627372326630086,37.36291787783982,41.13684782987882,3.7739299520389937,5.005903162981824
VCT,2009,50.715,50.861426601682304,0.7550331957683518,49.38156153797633,52.341291665388276,2.959730127411939,0.0
VCT,2010,53.681,53.22664386157772,0.7262084336513757,51.80327533162102,54.65001239153442,2.8467370599133925,2.965999999999994
VCT,2011,52.068,52.2718435974417,0.7256660022068254,50.84953823311633,53.69414896176708,2.8446107286507556,-1.2130881984861688
VCT,2012,53.047,52.9503522788265,0.7256559342993482,51.52806664759978,54.37263791005322,2.844571262453445,0.8137852376630761
VCT,2013,53.24,53.19986995295535,0.72565574748146,51.77758468789169,54.62215521801902,2.844570530127323,0.3038528382356276
VCT,2014,53.223,53.22201213591217,0.7256557440149252,51.79972687764292,54.64429739418143,2.8445705165385067,0.024390607569444
VCT,2015,53.136,53.26302031019845,0.7256557439506013,51.84073505205527,54.685305568341626,2.844570516286357,-0.0836775293704548
VCT,2016,55.782,55.29395768959776,0.7256557439494077,53.87167243145692,56.7162429477386,2.844570516281678,2.6346015084608325
VCT,2017,52.74,53.02523801373866,0.7256557439493855,51.60295275559786,54.447523271879454,2.844570516281591,-2.6831165192154387
VCT,2018,51.304,51.615546078829325,0.7256557439493853,50.19326082068853,53.03783133697012,2.84457051628159,-1.8014921598862728
VCT,2019,52.938,52.77746113838966,0.7256557439493893,51.35517588024886,54.199746396530465,2.844570516281606,1.3886020622587267
VCT,2020,53.286,53.28010216287653,0.7256557439507699,51.85781690473302,54.70238742102004,2.844570516287018,0.5371543521583177
VCT,2021,54.502,54.461774598000595,0.7256557444266717,53.03948933892432,55.88405985707687,2.844570518152553,1.2891707709883846
VCT,2022,57.179,56.839850207903694,0.7256559084567039,55.41756462732855,58.26213578847884,2.844571161150279,2.852609894753499
VCT,2023,58.462,57.708116396464476,0.7257124428259746,56.285720008525566,59.130512784403386,2.84479277587782,1.6715804229073399
VCT,2024,46.925,48.465544334130286,0.7449427178792587,47.00545660708694,49.92563206117363,2.920175454086694,-11.30929854357177
VEN,2000,42.349,41.56680077343171,1.569748462015231,38.490093787881854,44.64350775898156,6.153413971099706,0.0
VEN,2001,39.903,40.97086891174382,1.3210730573519693,38.38156571933396,43.56017210415368,5.1786063848197195,-2.445999999999998
VEN,2002,41.06,40.88226468635827,1.2278529406624021,38.47567292265996,43.28885645005658,4.813183527396617,0.02077526902736082
VEN,2003,41.357,40.61871809303231,1.1924905147429194,38.28143668413618,42.95599950192843,4.6745628177922445,0.3086900585509369
VEN,2004,38.551,39.667141597565355,1.1790950019497835,37.35611539374378,41.97816780138693,4.622052407643151,-2.6221472037251914
VEN,2005,37.603,38.823989775342795,1.1740287984889988,36.522893330304356,41.125086220381235,4.602192890076875,-2.540938098919156
VEN,2006,37.387,38.22687443989825,1.1721142286106632,35.92953055182135,40.524218327975156,4.594687776153799,-1.770847646699032
VEN,2007,38.028,37.783778043529445,1.171390921647294,35.48785183710075,40.07970424995814,4.591852412857392,-0.4455569592887372
VEN,2008,36.474,36.852030742750294,1.1711176964790635,34.55664005765133,39.14742142784926,4.590781370197929,-1.827663878794361
VEN,2009,34.042,35.510917869414065,1.1710144920402812,33.215729465015116,37.806106273813015,4.590376808797902,-3.554994486619634
VEN,2010,32.063,34.222117802353395,1.1709755096630199,31.927005803413877,36.51722980129291,4.590223997879038,-4.163657131698237
VEN,2011,32.232,33.502292808488484,1.170960785340286,31.207209669221523,35.79737594775544,4.59016627853392,-2.3898399814159603
VEN,2012,32.699,33.144908205590376,1.1709552237243734,30.849835967090605,35.439980444090146,4.590144476999543,-1.0017435934167196
VEN,2013,32.576,32.83921273142673,1.1709531230375607,30.544144610273108,35.134280852580346,4.590136242307238,-0.7386546066400896
VEN,2014,32.202,32.49568461145087,1.170952329771218,30.200618045099283,34.790751177802456,4.5901331327031745,-0.8279659228623544
VEN,2015,32.048,32.10818121257101,1.1709520316842383,29.813115230469904,34.40324719467212,4.5901319642022145,-0.6628558716616695
VEN,2016,31.35,31.48290487965471,1.1709519311918397,29.187839094518704,33.777970664790715,4.590131570272011,-1.1053817958214154
VEN,2017,30.253,30.49880351677,1.1709519881581971,28.203737619979933,32.79386941356007,4.590131793580133,-1.776352046193125
VEN,2018,27.379,28.975383441093303,1.1709527543617801,26.680316042544213,31.270450839642393,4.5901347970981785,-3.9657209551243575
VEN,2019,27.281,27.461012094491693,1.1709588858835274,25.16593267815998,29.756091510823406,4.590158832663427,-2.5352763138392014
VEN,2020,21.237,24.979120118286072,1.1710070326618813,22.683946334268786,27.27429390230336,4.590347568034574,-7.602145172516025
VEN,2021,21.387,23.30418232751978,1.1713846970168829,21.00826832136669,25.60009633367287,4.5918280123061805,-4.522171540060167
VEN,2022,18.834,21.75165356052044,1.1743433004818928,19.449940691575932,24.05336642946495,4.60342573788902,-5.332263052090411
VEN,2023,18.487,21.104262237319332,1.197300187220269,18.757553870367605,23.45097060427106,4.6934167339034545,-3.6241339079623565
VEN,2024,23.548,21.806473476348472,1.364059381162402,19.132917089270165,24.48002986342678,5.347112774156615,2.833658249821795
VNM,2000,29.472,30.84624830907933,1.0867668527428886,28.716185277703268,32.97631134045539,4.260126062752123,0.0
VNM,2000,32.294,31.320383128722472,0.994514001192065,29.371135686386026,33.26963057105892,3.898494884672895,2.8219999999999956
VNM,2001,29.903,31.358656379792027,0.9753615201598718,29.44694780027868,33.270364959305375,3.823417159026697,-1.3412495252945398
VNM,2001,32.732,31.843997279810754,0.9717908351767567,29.93928724286431,33.7487073167572,3.8094200738928863,2.27042728935999
VNM,2002,30.467,31.885332621229537,0.9711394824825782,29.981899235563684,33.78876600689539,3.8068667713317064,-1.3016236194525916
VNM,2002,33.356,32.3604288719744,0.971021143950097,30.45722742983221,34.26363031411659,3.8064028842843802,2.3348538779633508
VNM,2003,30.906,32.35991070259061,0.9709996598893259,30.45675136920753,34.26307003597369,3.8063186667661575,-1.4553709847322267
VNM,2003,33.892,32.8185810464624,0.9709957600341552,30.915429356795453,34.72173273612934,3.8063033793338885,2.3659556400024364
VNM,2004,30.926,32.78260144989987,0.9709950521372063,30.87945114771095,34.6857517520888,3.8063006043778485,-1.9579912733990064
VNM,2004,34.023,33.34498601633843,0.970994923641183,31.44183596600171,35.24813606667515,3.8063001006734374,2.2628003268516963
VNM,2005,31.909,33.50233128971796,0.9709949003168638,31.599181285096904,35.40548129433901,3.806300009242106,-1.149936187899904
VNM,2005,33.982,34.10927140483764,0.9709948960830859,32.2061214085148,36.01242140116049,3.8062999926456964,1.5830707809677165
VNM,2006,33.708,34.5502770012821,0.970994895314583,32.64712700646552,36.45342699609868,3.8062999896331653,0.400465814985175
VNM,2006,35.877,35.107432627135005,0.9709948951750941,33.20428263259182,37.01058262167819,3.806299989086369,2.339618083906565
VNM,2007,34.087,35.23242042578879,0.9709948951497938,33.32927043129519,37.135570420282384,3.8062999889871914,-0.7932079146424087
VNM,2007,36.462,35.676582128269466,0.9709948951452475,33.77343213378478,37.57973212275415,3.80629998896937,2.0370545135552476
VNM,2008,34.868,35.72194429334652,0.9709948951445334,33.81879429886323,37.6250942878298,3.806299988966571,-0.7261148392418662
VNM,2008,37.24,36.02149940415158,0.9709948951446706,34.11834940966802,37.92464939863513,3.8062999889671087,2.062639455255848
VNM,2009,35.085,35.83463491701322,0.9709948951453368,33.931484922528355,37.73778491149808,3.80629998896972,-1.2762143988746288
VNM,2009,37.207,35.94789552540962,0.9709948951469984,34.0447455309215,37.85104551989774,3.806299988976234,1.5782700549423225
VNM,2010,35.354,35.62518264344568,0.970994895151002,33.72203264894972,37.528332637941645,3.806299988991928,-1.1805795265930996
VNM,2010,35.711,35.49767696565938,0.9709948951606233,33.59452697114456,37.4008269601742,3.806299989029643,-0.1459847976145312
VNM,2011,34.995,35.3461238932275,0.9709948951837409,33.44297389866737,37.24927388778763,3.8062999891202645,-0.7781966858046729
VNM,2011,34.744,35.35689077674066,0.9709948952392853,33.45374078207166,37.26004077140966,3.8062999893379983,-0.5825499665179805
VNM,2012,35.361,35.55749632975786,0.9709948953727419,33.65434633482729,37.46064632468843,3.806299989861148,0.36880513433519013
VNM,2012,35.084,35.752012415340964,0.970994895693397,33.84886241978191,37.65516241090002,3.806299991118116,-0.11987091917634984
VNM,2013,36.133,36.09136882604306,0.9709948964638332,34.188218828973945,37.99451882311217,3.806299994138226,0.9979291075580647
VNM,2013,35.952,36.30233737725453,0.9709948983149554,34.39918737655722,38.20548737795184,3.806300001394625,0.24416675826763878
VNM,2014,35.925,36.552266202843136,0.9709949027626356,34.64911619342837,38.4554162122579,3.8063000188295315,0.07702701785440524
VNM,2014,35.802,36.91535339359014,0.9709949134490489,35.01220336323,38.818503423950276,3.8063000607202717,-0.09018271144498158
VNM,2015,36.649,37.50663272541691,0.9709949391252277,35.60348264473146,39.409782806102356,3.8063001613708924,0.8085777405564656
VNM,2015,36.648,38.16787746757995,0.9709950008172213,36.264727265978195,40.0710276691817,3.8063004032035077,0.3434937863381933
VNM,2016,37.599,39.08440411482623,0.9709951490441773,37.18125362269964,40.98755460695281,3.8063009842531748,1.097345204801016
VNM,2016,39.107,40.1586360722447,0.9709955051880768,38.25548488207607,42.061787262413326,3.806302380337261,1.9755228930514477
VNM,2017,40.442,41.20007260678385,0.970996360892291,39.296919739434955,43.10322547413274,3.806305734697781,2.1766696716839036
VNM,2017,42.147,42.12717035672947,0.9709984168844406,40.22401345963597,44.030327253822975,3.806313794187007,2.632368067651541
VNM,2018,41.544,42.733167801423015,0.9710033567862881,40.83000122212189,44.636334380724136,3.8063331586022495,0.5185179409180165
VNM,2018,43.297,43.50880099966142,0.9710152257552253,41.60561115718117,45.41199084214166,3.8063796849604827,1.9739140813451002
VNM,2019,43.025,44.087898704323635,0.9710437426605738,42.18465296870891,45.99114443993836,3.806491471229449,0.5689842389686248
VNM,2019,45.529,44.80590296410337,0.9711122566298234,42.90252294110891,46.70928298709782,3.8067600459889075,2.7464152001935673
VNM,2020,43.091,45.05178673085154,0.9712768549643637,43.14808409512138,46.955489366581695,3.8074052714603055,-1.267892385461515
VNM,2020,48.074,45.833206855823654,0.9716722203881122,43.92872930386295,47.73768440778436,3.8089551039213996,4.442815640934654
VNM,2021,43.513,45.641820457778614,0.9726215054819168,43.735482307034054,47.548158608523174,3.812676301489114,-2.668142572222173
VNM,2021,48.794,46.187515937062564,0.9748985683726041,44.27671474305226,48.09831713107287,3.821602388020608,4.144240365036055
VNM,2022,43.454,45.72500447253219,0.9803480332906024,43.80352232728261,47.646486617781775,3.8429642904991614,-3.574350287871738
VNM,2022,48.69,46.136536990231434,0.9933192255489834,44.18963130815543,48.08344267230744,3.893811364152015,3.7131514195771302
VNM,2023,43.448,45.60216316466959,1.0238134644096162,43.59548877442674,47.60883755491244,4.013348780485695,-3.6600153278807284
VNM,2023,48.451,45.929349745447375,1.0936114173503455,43.7858713674407,48.07282812345405,4.286956756013354,3.4436539098024994
VNM,2024,44.136,45.34931720703669,1.2454254980629027,42.908283230833405,47.79035118323998,4.882067952406579,-2.8478344886049456
VUT,2000,34.227,34.306137882206194,0.8411680180630887,32.65744856680254,35.954827197609845,3.297378630807308,0.0
VUT,2001,33.943,34.45912517782365,0.732575008788167,33.02327816059884,35.89497219504846,2.8716940344496145,-0.2839999999999989
VUT,2002,36.687,35.60649097973175,0.7135064042813364,34.208018427340335,37.00496353212317,2.7969451047828384,2.6409792588905674
VUT,2003,35.272,35.56221403089568,0.7102515508028096,34.17012099132217,36.95430707046919,2.7841860791470134,-0.3494137378052429
VUT,2004,36.323,36.002988877059394,0.7096994177912143,34.611978018188616,37.39399973593017,2.78202171774156,0.9076622998324879
VUT,2005,36.788,36.16344899030332,0.709605860431241,34.77262150385809,37.554276476748555,2.7816549728904647,0.8383769847739018
VUT,2008,34.8,35.32273359843833,0.7095900103821083,33.9319371780894,36.71353001878727,2.7815928406978645,-1.6429628210202125
VUT,2009,34.623,34.86105179339681,0.7095873252266913,33.4702606359525,36.25184295084112,2.78158231488863,-0.8532210880619431
VUT,2010,34.016,34.52076863787284,0.7095868703372066,33.12997837201192,35.91155890373376,2.7815805317218496,-0.9581788781912053
VUT,2011,35.133,34.85281650148443,0.709586793274906,33.46202638666562,36.243606616303246,2.7815802296376315,0.7226204496804698
VUT,2012,34.815,34.90468008210681,0.7095867802198732,33.51388999287585,36.29547017133776,2.781580178461903,-0.020574493851867715
VUT,2013,34.826,35.14896329816478,0.7095867780082401,33.75817321326863,36.53975338306093,2.781580169792301,0.0025316821578229565
VUT,2014,36.641,36.123564245789765,0.7095867776336418,34.73277416162783,37.5143543299517,2.7815801683238757,1.8160420226898069
VUT,2015,36.861,36.81550288225956,0.7095867775713347,35.424712798219744,38.20629296629937,2.781580168079632,0.9674702110549234
VUT,2016,37.254,37.87643744584902,0.709586777579303,36.48564736179359,39.26722752990445,2.781580168110868,0.7912039809877456
VUT,2017,42.589,40.72827596414868,0.7095867778782147,39.337485879507376,42.11906604878998,2.7815801692826017,5.660654031947999
VUT,2018,43.865,42.13950391077359,0.7095867827088538,40.748713816664235,43.53029400488295,2.781580188218707,3.6058856594250415
VUT,2019,41.198,41.413562238950746,0.7095868603126073,40.022771992738036,42.804352485163456,2.781580492425421,-1.182842649980394
VUT,2020,39.986,40.5975352460057,0.7095881069303918,39.20674255642213,41.98832793558927,2.7815853791671357,-1.6988497724815446
VUT,2021,39.527,40.333737198995685,0.7096081321606317,38.942905259960845,41.724569138030525,2.781663878069676,-1.1582346997520787
VUT,2022,41.61,41.32641780004827,0.709929737827743,39.93495551390589,42.71788008619065,2.782924572284753,1.606278687943906
VUT,2023,43.575,42.46208264916901,0.7150761518641741,41.06053339151523,43.863631906822796,2.8030985153075623,2.6261330879728177
VUT,2024,42.276,42.36576924522723,0.7931841980333164,40.81112821708193,43.920410273372525,3.1092820562906,-0.21810196473970933
WSM,2000,49.212,49.232637296952895,0.8730789192436543,47.52140261523533,50.94387197867046,3.422469363435125,0.0
WSM,2001,49.51,49.356446167441824,0.8049941348989572,47.778657663039866,50.93423467184378,3.1555770088039123,0.2979999999999947
WSM,2002,48.734,48.74346636254394,0.8010006739473458,47.17350504160714,50.31342768348074,3.1399226418735955,-0.7074520722143944
WSM,2003,47.476,47.5818456282146,0.8007720485818715,46.012332412994134,49.15135884343507,3.139026430440936,-1.4267703877056448
WSM,2009,45.28,45.86555752518426,0.8007589796403543,44.296069925089164,47.43504512527935,3.1389752001901887,-2.5370659881291004
WSM,2010,45.595,45.71237997448732,0.8007582326438883,44.1428938385053,47.28186611046934,3.1389722719640423,-0.29155001563731275
WSM,2011,46.349,46.060269789511146,0.8007581899471682,44.4907837372147,47.629755841807594,3.138972104592899,0.6842971056662606
WSM,2012,44.754,45.14721846538428,0.8007581875067157,43.57773241787112,46.71670451289744,3.1389720950263253,-1.4314002592353177
WSM,2013,45.244,45.51938046150341,0.8007581873672248,43.949894414263646,47.08886650874317,3.1389720944795214,0.1477850257004505
WSM,2014,48.479,47.78658553601123,0.8007581873592519,46.2170994887871,49.35607158323536,3.1389720944482673,3.2703320103922238
WSM,2015,48.481,48.43926132825953,0.8007581873587961,46.86977528103629,50.00874737548278,3.1389720944464807,0.7838613830308958
WSM,2016,50.249,49.50214604847277,0.80075818735877,47.93266000124958,51.07163209569595,3.1389720944463786,1.9554032798798389
WSM,2017,46.604,47.463699861819805,0.8007581873587752,45.894213814596604,49.033185909043006,3.138972094446399,-3.177507920315655
WSM,2018,48.527,48.19360252620819,0.8007581873592219,46.624116478984114,49.76308857343226,3.1389720944481496,1.1633307281078373
WSM,2019,47.489,47.79029573090109,0.8007581873899902,46.220809683616714,49.35978177818547,3.1389720945687616,-0.7598743023294645
WSM,2020,48.948,48.66319091992688,0.800758189507976,47.09370486849125,50.232676971362515,3.1389721028712656,1.2773314810045093
WSM,2021,47.92,48.81329753602524,0.8007583353033271,47.24381119883072,50.38278387321976,3.1389726743890423,-0.7226193367652556
WSM,2022,55.637,54.07089942325783,0.8007683713249409,52.501393415460946,55.64040543105471,3.1390120155937686,7.54423828887856
WSM,2023,57.073,55.80428056160254,0.8014589168608021,54.23342108455537,57.37514003864971,3.141718954094344,3.2396543579485524
WSM,2024,50.91,52.19826030262758,0.8476427203180004,50.5368805708043,53.85964003445086,3.322759463646561,-5.388472940114475
XKX,2013,36.542,36.87743555571402,1.3609389289949774,34.209995254883864,39.54487585654418,5.334880601660311,0.0
XKX,2014,38.039,38.17608047690844,1.208860548317868,35.806713802205415,40.54544715161146,4.738733349406043,1.4969999999999999
XKX,2015,42.256,41.22875342358464,1.1916688465129288,38.8930824844193,43.56442436274998,4.671341878330681,4.6752571987615354
XKX,2016,43.934,43.931384395067745,1.1897721407891655,41.59943099912098,46.26333779101451,4.663906791893528,3.2151075335473394
XKX,2017,52.791,49.583461900688285,1.18956356286821,47.25191731746659,51.91500648390998,4.663089166443383,9.921980298165849
XKX,2018,50.109,50.018475754462294,1.1895406342651216,47.686976111302656,52.34997539762193,4.662999286319277,0.6072701897604418
XKX,2019,51.174,50.608292346523235,1.1895381147590478,48.2767976415955,52.93978705145097,4.662989409855467,1.2663363379495607
XKX,2020,49.384,49.83193279727055,1.18953787361805,47.50043856497917,52.16342702956192,4.662988464582756,-1.3701505776268448
XKX,2021,50.272,49.79820618824375,1.189539278741237,47.46670920191093,52.129703174576576,4.6629939726656495,0.4337308333368881
XKX,2022,47.16,48.04175852960601,1.1895966634450392,45.71014906925373,50.37336798995828,4.663218920704554,-2.9681978727441702
XKX,2023,47.553,47.49704173183216,1.1918885774153436,45.16094012009809,49.833143343566235,4.672203223468147,-0.5910969122044492
XKX,2024,45.366,46.15606851721668,1.2801550329880338,43.646964652560136,48.66517238187323,5.018207729313092,-2.382976370812088
YEM,2000,24.143,24.20392407101879,0.9140329636116208,22.41241946234001,25.995428679697568,3.5830092173575534,0.0
YEM,2001,24.129,24.3109860776944,0.7890221068293012,22.764502748308967,25.85746940707983,3.0929666587708606,-0.013999999999999346
YEM,2002,24.416,24.769926558312026,0.7638922189082242,23.272697809251905,26.267155307372146,2.994457498120239,0.2816605850341709
YEM,2003,26.922,26.10910896713592,0.7589585604360246,24.62155018868131,27.59666774559053,2.9751175569092165,2.627090214503774
YEM,2004,27.322,27.085023677879395,0.757996232998855,25.599351061201638,28.570696294557152,2.9713452333555117,1.5534919770543212
YEM,2005,29.377,28.372389311911075,0.7578087811024726,26.88708410095023,29.85769452287192,2.9706104219216924,2.7398554753758475
YEM,2006,29.35,28.959686945063343,0.7577722770485852,27.474453282048117,30.44492060807857,2.970467326030454,1.181807630451022
YEM,2007,29.492,29.337002335136663,0.7577651686827932,27.851782604518387,30.82222206575494,2.9704394612365492,0.6634857129795577
YEM,2008,29.853,29.733336999592836,0.75776378449811,28.24811998197654,31.218554017209133,2.970434035232591,0.653779097392146
YEM,2009,30.742,30.218999412414743,0.7577635149616916,28.733782923089827,31.70421590173966,2.970432978649831,1.1774974831667855
YEM,2010,30.518,30.209225432434643,0.7577634624760271,28.72400904598163,31.694441818887654,2.970432772906026,0.29560278831819886
YEM,2011,29.295,29.69624296726132,0.7577634522557208,28.211026600840107,31.181459333682533,2.9704327328424256,-1.0925572017435456
YEM,2012,29.366,29.46359309859418,0.7577634502655655,27.978376736073674,30.94880946111469,2.9704327250410167,-0.4111207050590089
YEM,2013,29.189,29.222464834480235,0.7577634498780413,27.737248472719273,30.707681196241197,2.970432723521922,-0.3584182410908774
YEM,2014,29.075,28.863766101507593,0.7577634498027337,27.378549739894236,30.34898246312095,2.970432723226716,-0.27216183952419826
YEM,2015,27.123,27.910666741261906,0.7577634497903732,26.425450379672775,29.395883102851037,2.9704327231782632,-2.072098846169105
YEM,2016,27.241,27.546196266333652,0.7577634498225871,26.060979904681382,29.031412627985922,2.9704327233045413,-0.7963702181891108
YEM,2017,27.799,27.413230481421685,0.7577634503491334,25.928014118737384,28.898446844105987,2.9704327253686027,0.206579887238572
YEM,2018,26.442,26.565764953463486,0.7577634582701952,25.080548575253903,28.050981331673068,2.9704327564191653,-1.2658409817322536
YEM,2019,23.704,25.31497239924519,0.757763577307431,23.829755787722625,26.800189010767753,2.97043322304513,-3.2965869114381974
YEM,2020,27.487,25.764473765541517,0.7577653661657759,24.279253647856596,27.24969388322644,2.970440235369842,2.328290974362286
YEM,2021,22.904,23.764962945881837,0.7577922481501953,22.279690139507455,25.25023575225622,2.9705456127487655,-3.5555780069793244
YEM,2022,20.875,21.7282618145411,0.7581961087618893,20.242197441367797,23.214326187714402,2.972128746346606,-3.59799592125583
YEM,2023,17.934,19.615564217429956,0.7642395181489399,18.117654761858034,21.113473673001877,2.9958189111438442,-4.528713984636067
YEM,2024,17.734,18.70411232813757,0.8498986811612739,17.038310913061473,20.369913743213665,3.3316028301521934,-2.1984187539917883
ZAF,2000,53.059,52.976620551941934,0.3098036900120897,52.369405319518236,53.58383578436563,1.2144304648473916,0.0
ZAF,2001,51.906,52.19075187773358,0.2911374638654566,51.62012244855729,52.761381306909875,1.1412588583525898,-1.1529999999999987
ZAF,2002,53.179,52.94271334205798,0.2904378465801695,52.37345516276085,53.51197152135511,1.1385163585942646,1.0570899841515953
ZAF,2003,52.537,52.57082521486088,0.29041213039810254,52.0016174392806,53.14003299044116,1.138415551160562,-0.43958255784855993
ZAF,2004,51.971,52.01713792175243,0.2904111858564782,51.44793199747373,52.58634384603113,1.1384118485573944,-0.6502418749153307
ZAF,2005,50.999,51.1552625769699,0.29041115116494365,50.586056720686614,51.72446843325319,1.1384117125665791,-1.0966164612257643
ZAF,2006,50.433,50.5633143703388,0.29041114989077915,49.99410851655288,51.132520224124725,1.1384117075718543,-0.7761627366147437
ZAF,2007,50.276,50.36086067805428,0.29041114984398114,49.79165482436008,50.93006653174848,1.1384117073884061,-0.30574889908448455
ZAF,2008,50.645,50.64931059621933,0.2904111498422623,50.0801047425285,51.21851644991016,1.1384117073816682,0.3104042828177427
ZAF,2009,51.562,51.34996545903011,0.29041114984219923,50.7807596053394,51.91917131272082,1.138411707381421,0.9764879053484492
ZAF,2010,51.01,51.076571668717456,0.29041114984219685,50.50736581502675,51.64577752240816,1.1384117073814117,-0.36485947616417036
ZAF,2011,51.03,51.039754732094956,0.2904111498421968,50.47054887840425,51.60896058578566,1.1384117073814115,-0.04992405448326309
ZAF,2012,51.075,51.041807984868036,0.29041114984219674,50.47260213117733,51.61101383855874,1.1384117073814113,0.03543222792946921
ZAF,2013,50.615,50.75185798718495,0.29041114984219674,50.182652133494244,51.32106384087565,1.1384117073814113,-0.4532095362788695
ZAF,2014,51.467,51.30099485414306,0.29041114984219674,50.73178900045236,51.87020070783377,1.1384117073814113,0.7651439626009875
ZAF,2015,51.024,51.088289970695314,0.29041114984219674,50.51908411700461,51.65749582438602,1.1384117073814113,-0.29636281055125835
ZAF,2016,51.049,51.17058112488573,0.29041114984219674,50.601375271195025,51.73978697857643,1.1384117073814113,-0.031796905838007206
ZAF,2017,52.68,52.43889898535614,0.2904111498421968,51.869693131665436,53.008104839046844,1.1384117073814115,1.6249062331624486
ZAF,2018,53.59,53.211028182692345,0.2904111498421981,52.641822329001634,53.78023403638306,1.1384117073814166,1.2214076497953599
ZAF,2019,51.196,51.619765475350206,0.29041114984239536,51.05055962165911,52.1889713290413,1.1384117073821898,-2.159921455710972
ZAF,2020,51.644,51.727655809451306,0.29041114987071476,51.158449955704704,52.29686166319791,1.1384117074932019,0.03405853646308543
ZAF,2021,53.036,52.7180734982729,0.2904111539366853,52.148867636557,53.2872793599888,1.1384117234318065,1.3985272005110119
ZAF,2022,52.044,52.170016637946475,0.2904117377107949,51.60080963203332,52.73922364385963,1.1384140118263162,-0.7239771074799819
ZAF,2023,52.279,52.03020013243794,0.2904955413294257,51.46082887143226,52.59957139344362,1.1387425220113487,0.0962522957049714
ZAF,2024,48.846,49.50038736344425,0.30228667225216177,48.90790548583001,50.09286924105849,1.1849637552284742,-3.41455358101215
ZMB,2000,37.463,37.58518418424707,0.4075660251402676,36.786354774972146,38.38401359352199,1.5976588185498488,0.0
ZMB,2001,38.332,38.375022432086496,0.3788548650504084,37.632466896587694,39.1175779675853,1.4851110709976008,0.8689999999999998
ZMB,2002,40.928,40.115086951761,0.37742773637235105,39.37532858847119,40.85484531505081,1.479516726579616,2.781340947963841
ZMB,2003,38.13,38.56776339775464,0.37735844190337,37.828140851624035,39.307385943885244,1.4792450922612104,-2.1864532411800113
ZMB,2004,38.077,38.231978972473584,0.3773550814247285,37.492363012881114,38.971594932066054,1.4792319191849357,-0.5344439796608782
ZMB,2005,38.35,38.518637720209,0.3773549184659473,37.77902208001574,39.25825336040226,1.4792312803865135,0.15531034591065662
ZMB,2006,40.611,40.07794566841386,0.3773549105636541,39.3383300437091,40.81756129311862,1.479231249409524,2.2952009338519304
ZMB,2007,39.632,39.86556179313735,0.37735491018045153,39.12594616918367,40.605177417091035,1.47923124790737,-0.4735730895681556
ZMB,2008,41.379,40.85936292393132,0.37735491016186906,40.119747300014055,41.59897854784859,1.4792312478345266,1.6427143220392892
ZMB,2009,39.278,39.64556039880357,0.3773549101609679,38.90594477488807,40.385176022719065,1.4792312478309941,-1.7392573659486388
ZMB,2010,39.565,39.52685102931949,0.3773549101609242,38.787235405404076,40.2664666532349,1.479231247830823,-0.09600240791855441
ZMB,2011,38.917,39.07106566009269,0.37735491016092215,38.33145003617729,39.8106812840081,1.4792312478308147,-0.6691407202399589
ZMB,2012,39.077,39.122678860199684,0.37735491016092204,38.38306323628428,39.86229448411509,1.4792312478308143,0.012648312948940088
ZMB,2013,39.423,39.49524363106748,0.37735491016092204,38.755628007152076,40.23485925498289,1.4792312478308143,0.3487852889459617
ZMB,2014,40.904,40.641053190932084,0.37735491016092204,39.90143756701668,41.38066881484749,1.4792312478308143,1.5578061174431994
ZMB,2015,41.496,41.256802237817034,0.37735491016092204,40.51718661390163,41.99641786173244,1.4792312478308143,0.935044971798149
ZMB,2016,40.746,41.00087832732019,0.3773549101609221,40.26126270340478,41.74049395123559,1.4792312478308145,-0.5440934546418674
ZMB,2017,42.33,42.03916832822125,0.3773549101609236,41.29955270430584,42.77878395213666,1.4792312478308205,1.4641850103724536
ZMB,2018,42.437,42.28206780953223,0.3773549101610396,41.54245218561659,43.02168343344787,1.4792312478312752,0.42942863856182356
ZMB,2019,41.73,41.81799627528178,0.3773549101697919,41.078380651348986,42.55761189921457,1.4792312478655842,-0.6124353853440141
ZMB,2020,41.395,41.45769938934424,0.37735491083034095,40.71808376411678,42.19731501457171,1.4792312504549365,-0.46986458753823257
ZMB,2021,41.103,41.14428563489629,0.3773549606829334,40.40466991195774,41.883901357834844,1.479231445877099,-0.3954690276127266
ZMB,2022,40.628,40.792195765290515,0.37735872311116336,40.052572667992635,41.531818862588395,1.4792461945957605,-0.5620863581195295
ZMB,2023,41.511,41.10291057439987,0.3776425708401135,40.36273113555325,41.843090013246496,1.4803588776932448,0.7592227874764603
ZMB,2024,38.66,39.25100292763987,0.39848193176080676,38.46997834138869,40.032027513891045,1.5620491725023624,-2.6838113127801577
ZWE,2000,30.955,29.858770253583046,0.7533753169800473,28.382154632302154,31.33538587486394,2.9532312425617855,0.0
ZWE,2001,26.561,27.763590230242514,0.642992771416807,26.503324398265573,29.023856062219455,2.5205316639538835,-4.393999999999998
ZWE,2002,24.983,26.212208299513783,0.6185730736051346,24.999805075247718,27.42461152377985,2.4248064485321277,-3.317220614321549
ZWE,2003,25.034,25.361757873517835,0.6132378473239098,24.159811692762972,26.563704054272698,2.4038923615097265,-1.4454574063336594
ZWE,2004,23.409,24.25331456948069,0.6120782348372946,23.05364122919959,25.452987909761788,2.399346680562195,-2.293755143374053
ZWE,2005,22.953,23.52633528770189,0.6118265105837446,22.32715532695775,24.72551524844603,2.3983599214882787,-1.5229258907476293
ZWE,2006,22.619,23.082200391240903,0.6117718825630155,21.88312750141739,24.281273281064415,2.3981457796470207,-1.0431988565342714
ZWE,2007,23.039,23.00791278018802,0.6117600281703915,21.80886312497405,24.206962435401987,2.3980993104279347,-0.0659204601104868
ZWE,2008,22.921,22.805854132053415,0.6117574557770399,21.60680951873042,24.004898745376412,2.3980892266459963,-0.1487073205859062
ZWE,2009,21.745,22.202829099135105,0.6117568975714295,21.0037855798951,23.40187261837511,2.3980870384800035,-1.2452722293686485
ZWE,2010,21.214,21.80306349162161,0.6117567764417008,20.604020209795877,23.002106773447345,2.398086563651467,-1.1110857951536524
ZWE,2011,21.851,22.0368132706929,0.6117567501567461,20.837770040385678,23.23585650100012,2.398086460614445,0.11942205216847412
ZWE,2012,23.32,22.826307546685474,0.6117567444529538,21.627264327557683,24.025350765813265,2.3980864382555787,1.5246304728283882
ZWE,2013,23.991,23.53432826541451,0.6117567432152411,22.335285048712635,24.733371482116382,2.398086433403745,1.3812198862797587
ZWE,2014,24.305,24.14495745924131,0.6117567429466759,22.945914243065825,25.344000675416797,2.3980864323509694,0.9574148166465299
ZWE,2015,25.584,25.0799849221202,0.6117567428886983,23.88094170605835,26.27902813818205,2.3980864321236974,1.7249933465953688
ZWE,2016,26.518,26.05944760699272,0.611756742881597,24.86040439094479,27.25849082304065,2.39808643209586,1.7375550968420619
ZWE,2017,27.769,27.206702485642065,0.6117567429799642,26.007659269401337,28.405745701882793,2.3980864324814597,2.060406747537918
ZWE,2018,29.748,28.50649486492194,0.6117567448228306,27.307451645069193,29.705538084774687,2.3980864397054957,2.938801002674296
ZWE,2019,29.294,28.92333707509784,0.6117567784326122,27.72429378936992,30.122380360825762,2.3980865714558397,0.9149841350040546
ZWE,2020,29.192,29.10502814974732,0.6117573912066124,27.905983662982358,30.30407263651228,2.3980889735299207,0.32422782674357364
ZWE,2021,29.875,29.314508601353225,0.6117685631669688,28.115442217545965,30.513574985160485,2.3981327676145177,0.8340353203688196
ZWE,2022,28.24,28.752179123660536,0.6119722140793504,27.55271358406501,29.95164466325606,2.398931079191054,-1.2464806274464415
ZWE,2023,28.078,28.528289833271476,0.6156733583084396,27.321570050986935,29.735009615556017,2.4134395645690834,-0.7426491157490887
ZWE,2024,29.258,28.86947325828439,0.679627907302801,27.5374025599709,30.20154395659788,2.66414139662698,0.8340511397638366
