iso3,rnd_pct_gdp_sp,internet_pct_sp,tourist_arrivals,trade_pct_gdp,ai_publications,rd_researchers_per_mil,sci_journal_articles,hightech_exports_pct,ict_patents,property_rights,govt_integrity,judicial_effectiveness,business_freedom,investment_freedom,fh_status_num,fh_combined_score,fh_total_score,unesco_total_sites,unesco_cultural_sites,life_expectancy,infant_mortality,physicians_per_1k,tertiary_enroll_pct,tourist_arrivals_lag1,tourist_arrivals_lag2,unesco_total_sites_lag1,unesco_total_sites_lag2,unesco_cultural_sites_lag1,unesco_cultural_sites_lag2,internet_pct_sp_lag1,internet_pct_sp_lag2,rnd_pct_gdp_sp_lag1,rnd_pct_gdp_sp_lag2,sci_journal_articles_lag1,sci_journal_articles_lag2,ai_publications_lag1,ai_publications_lag2,hightech_exports_pct_lag1,hightech_exports_pct_lag2,fh_combined_score_lag1,fh_combined_score_lag2,trade_pct_gdp_lag1,trade_pct_gdp_lag2,investment_freedom_lag1,investment_freedom_lag2,govt_integrity_lag1,govt_integrity_lag2,judicial_effectiveness_lag1,judicial_effectiveness_lag2,property_rights_lag1,property_rights_lag2,business_freedom_lag1,business_freedom_lag2,life_expectancy_lag1,life_expectancy_lag2,tertiary_enroll_pct_lag1,tertiary_enroll_pct_lag2,physicians_per_1k_lag1,physicians_per_1k_lag2,infant_mortality_lag1,infant_mortality_lag2,score_roll3_mean,score_roll3_std,year_norm,tourist_arrivals_slope,unesco_total_sites_slope,unesco_cultural_sites_slope,internet_pct_sp_slope,rnd_pct_gdp_sp_slope,sci_journal_articles_slope,ai_publications_slope,hightech_exports_pct_slope,fh_combined_score_slope,fh_status_num_slope,fh_total_score_slope,trade_pct_gdp_slope,investment_freedom_slope,govt_integrity_slope,judicial_effectiveness_slope,property_rights_slope,business_freedom_slope,life_expectancy_slope,tertiary_enroll_pct_slope,physicians_per_1k_slope,infant_mortality_slope,rd_researchers_per_mil_slope,ict_patents_slope,score_slope,score_r2,score_volatility,influence_growth,momentum_5y,top_kpi,top_kpi_dim
AFG,-0.12874290020581192,-0.06256342331595122,-0.03596996168698581,-0.004830101722373061,-0.11539360932589378,-0.016057569887563954,0.1052389998688243,-0.041575823290114965,-0.7128433786778657,-1.0503590383251311,-1.0092804154595225,-0.0522510205865462,-0.0772025044549638,-0.09630303868228536,-0.22631692177125204,-1.8746213953854387,-0.049669143418014434,-0.09208830851849205,-0.04679952915797961,-0.39091600012470473,-1.237732565389893,-0.08143264301634397,-0.15587665584661792,-0.010581629971268788,-0.10110387370216445,-0.025395071326208635,-0.018392528100598864,-0.01033554572941157,-0.0021242349792646915,-0.0068168405723586485,-0.01814378520024096,0.0014122624711602812,0.020382223496440345,-0.0739895843048487,-0.0009015220772108651,-0.02762050006218869,-0.008199962690572082,-0.02531278615380463,0.0011396457647900435,0.006523339833056156,0.007489968503608353,0.018581525077976807,0.008397754357322717,-0.0018177715435929393,0.023042603859020645,0.060095945746110074,0.03370651683013063,-0.005046017814092008,-0.019427624726660757,0.06447148439913707,0.0436963782809598,-0.040546178195266444,-0.007064788959160008,-0.10839483758523343,-0.015175652679326563,0.011285707391159042,0.0021264225643041154,-0.013609943373732164,-0.003462727851979801,-0.05313928738976762,-0.04649581588816926,-13.585294756791072,-0.0006518733637496544,-0.020415060358561377,0.0031757875106287483,0.0,0.0,-0.04092823085186944,-0.01586789777331311,-0.04753092468800477,0.12211286170314821,-0.013927920810837498,0.02662754950715275,-0.0014321884369883407,-0.04370653605297556,0.07702688475647272,0.04111031801581697,0.08250309166415919,-0.03625553710425824,-0.023532042061454584,-0.2012094241202794,0.0018530419811235187,-0.0005447773447507132,-0.005061369285061892,0.0,-0.07620943162512628,0.019088891834883243,-0.03745845624692223,0.0038618668822139775,-0.03615895030332577,-0.1373104055761851,-0.14309296076837127,score_roll3_mean,
AGO,-0.11311631862174128,-0.060896795427787864,-0.02947713070035469,-0.002450642458397898,-0.10366160620137581,-0.014528476871003162,-0.17319342838036655,0.0038410217267912925,-0.706724363532318,-1.1100352063190462,-1.2645595901337896,-0.040955261370500554,-0.28257448166411864,-0.1232103511518148,-0.24297240853538185,-0.37574625894995073,-0.08580310246234937,-0.09683496188931752,-0.05039755339188117,-0.3895184657220757,-1.6244328383610434,-0.07207357639577584,-0.12901568924866832,-0.008625164697141955,0.014560905113051524,-0.028098526523176907,-0.022890531509759806,-0.010977038193890449,-0.002475465642945499,-0.012683316332212462,-0.023105813857717636,-0.0011336134416745037,0.0045616462048185605,-0.035976709776258026,0.003284116096908548,-0.057369176644440634,-0.010604553885521112,0.0064216556834167625,-0.00220245853177474,0.0014483982542721307,0.009912655899536008,0.009608094100073163,-0.0072302227600732905,0.007460701335876107,0.05678379423799797,0.0679152033377215,0.05007522388391813,0.038624865639890475,-0.0037338834645783024,0.03373704992470595,0.020057960018198345,-0.039169404110695076,0.0013272903259273472,-0.10360895350797618,-0.01765708457400552,-0.11302456965781062,0.005027600865187775,-0.009835362983277933,-0.002956487964957297,-0.2406253193629803,-0.06092640230681806,-15.51104014698271,-0.05379878189364077,-0.023015517219917177,0.005311302196338095,0.0,0.0,-0.03824717294720699,-0.016511152943257695,-0.0484341831409726,0.005733924674287031,-0.006965274867034082,0.03022281053726884,-0.001274439149829739,0.01866797657247822,-0.033399350254302164,-0.009803157427945283,0.007130977243180158,0.015213595620212966,-7.513783708705361e-05,0.02679519270798439,0.0018019257577757371,-0.0004310047240745487,-0.004795887842616066,0.0,-0.07227673176020293,-0.015456169253942418,-0.0003168853792316402,-0.07975600167890372,0.030300498540086717,-0.035566961405815,-0.0034349472192030544,score_roll3_mean,
ALB,-0.17063285606344838,-0.0079343012539766,0.012060055511978812,0.018202732722308615,-0.06984374443629376,-0.01782336856469035,-0.00852706075414303,-0.011056624949372403,-0.5010870098892068,-0.28164318610179373,-0.3136158279315536,-0.042489973004852015,0.1002692835566548,0.1483630209500727,0.054683771349128545,0.24220550480194336,0.03096016619952245,-0.09482638991274481,-0.046790310141825504,0.5401637356919337,0.8442259438887244,-0.002414681570875375,0.20014402375779178,-0.013882901833819067,0.01596608612936575,-0.011915490732431075,-0.008984899785012738,-0.01228504715909084,-0.002434042666565314,-0.0030261744379953366,0.009278916278198296,-0.0026175511000202083,0.01652483208673747,-0.056338492068566316,-0.00529406725482678,-0.043786471600865,-0.01308479991207016,0.01075983937869089,0.007666829020330066,-0.031170402148687205,-0.0037589292552193654,0.028767174250832604,0.003754607602594608,-0.037617656196504166,-0.03619348562674702,-0.0049909934955645816,0.048336483437302576,0.017036703470121213,-0.0028780568116347715,0.027113884436033645,0.020290417780950056,0.020180064067723383,0.002337772172726227,0.10183336695804152,0.0680996126083423,-0.00022264283468455452,0.0030810566464324076,0.001391214879969715,-0.004019995379884374,0.002435269849282372,-0.1561636017522768,-2.520018458521232,0.02208510122508299,-0.13226443005082658,-0.03862044734398217,0.0,0.0,0.036453270421352046,-0.0041023119390590996,-0.024766718389705532,0.02444194749130308,2.9374239190337015e-05,0.03195313578694584,-0.0011736369159782028,0.022716795718769025,-0.001841554253029167,0.0010044181428304749,0.023230732876901652,0.025261092341873695,-0.0074227767607758675,0.042036935981161816,0.0010677429182318332,-0.0004967541280008023,-0.006367320438808446,0.0,-0.05308773030999674,-0.013398734119554289,0.014789867539002986,0.00451242799103643,-0.032020282689736244,-0.0678350925385553,-0.00932332897637229,score_roll3_mean,
AND,-0.11773489319998094,0.14211236839904612,0.11345603878262756,-0.04989111102008111,-0.14614219704710094,-0.049680661919661764,-0.2238044714471671,0.09013868728852312,-0.5944111872194827,-0.9948506197647373,-1.0122259913546856,-0.05040728590519943,-0.5399946930409316,-0.1914452436150005,0.1536335910267216,0.5704855085888397,0.2183004973148809,-0.11953755686503992,-0.046670254980342406,-0.30793985879306773,1.241657886987011,0.004531532694669742,-0.4878409524705115,-0.028296796490521366,0.03456502667340125,-0.011691855549950267,-0.008301973316756205,-0.013703043649297194,-0.002147284186521944,0.007625677588910967,0.14665507298101343,-0.000980687651302366,-0.014228721965775244,-0.0552949150052395,-0.0019253526380298032,-0.05221358610216831,-0.03258473871783417,-0.0027482809047692544,-0.04929649853459266,-0.002925926794225791,-0.0054627907876536414,0.03524558728799429,-0.007878322129709465,0.008211057215537788,0.02228841719738321,0.05177314017559036,0.0018450614919604303,0.06525327085482498,-0.02237603116445115,0.06133792321493216,0.03512536132402275,-0.031619475568795075,-0.003058538042037535,-0.12279125800522832,-0.06368135256902864,0.03816640567173646,-0.017664437359596986,-0.00045572224848284084,0.0012907756793325662,0.05849021405074496,-0.006772446753756984,-6.9191172095744555,-0.008018901860809786,-0.04600741729827713,-0.005223618685826744,0.0,0.0,-0.01896909975882426,-0.02464867947620146,-0.05076617026863114,-0.12008594339439013,-0.01657023425903972,0.03867486074093078,0.0009262611807080476,0.010590079585344603,-0.004125870211455882,-0.017668492481956923,-0.055383532409799846,0.0033461477796015407,-0.015048723703569578,0.025662631348513994,0.001137451105758208,-0.0006436635336703879,-0.005421911044614318,0.0,-0.06801622559989678,-0.009293772402928486,-0.025284066406707627,0.022954198891353913,-0.05978963671263874,-0.000589487315129558,-0.036070466753537485,score_roll3_mean,
ARE,-0.07661178073323936,0.1342155124206354,0.025178859179146865,0.0003512682081390227,0.08309619554655762,-0.0009215126361399005,0.08440210684773664,0.01152284292213317,0.6124116701612049,1.7287131946591365,1.307195382092094,0.09793818770309251,0.09228350278418672,-0.009695368670368316,-0.6187658360332339,-0.4317868708408106,-0.011832410030570768,-0.13873104925993038,-0.06280023196452332,0.392740680986966,0.3195509117825604,0.07129019840736338,-0.13123952536651584,-0.018466397675278735,0.004587525498064082,-0.009365386261717231,-0.0077813305897457595,-0.005821713130846867,-0.002122105515582798,0.03345195081151782,0.07985536595440051,-0.0019981308043998426,-0.004278626291123848,0.05919517195446096,0.0052365611031959195,-0.011306853183595407,-0.0009694080201715414,0.014857411154393724,0.008663919101310778,0.013453443018727494,0.01569767683351478,0.0019146489623039797,-0.02167387683377359,-0.0025390794674419242,0.020579595136755655,-0.06613375310247203,-0.08516918642353782,-0.12942002422266558,0.02522121229177161,-0.03441276583356043,-0.0030188551950021715,0.0010780222335845934,0.01525144382045039,0.08372068147154618,0.06086641114874764,0.001756027075435819,-0.003986166741475002,0.003100956402102008,-0.001512048370336542,0.0005341301435147355,-0.3577859179011853,-0.6668872492822725,0.03334571878715253,0.011993269588764064,0.025482563008145317,0.0,0.0,0.04241072373630633,0.01587205074705292,-0.006863198512993626,0.07096522507790821,-0.002766786405726816,-0.025978097063775497,-0.00036838565445847634,0.008990813243442895,0.0615934868569813,0.02232881331966795,-0.011760486535516226,-0.31878161592916615,0.012597199769810276,0.013089309530257633,0.000993053462642532,-0.0005885810957257434,-0.005686851360125744,0.0,0.22411167649987465,0.04456082609509062,-0.00810762113303787,-0.0003850888503489719,-0.09537027392493547,0.0030742066463465994,-0.0034588611823047565,property_rights,governance
ARG,0.16516742595353762,0.00880531190840007,0.0325736013776947,-0.0004839299406495734,0.0899798965388333,0.10594968606228206,0.13232696072846603,0.01873097334862962,0.6418175700929263,-0.3111970510242345,-0.13264962444708173,-0.0228928533515919,0.04230407452751806,0.02181783231798931,0.052442333029020335,0.23893749391130076,0.0332519804126586,-0.013026554159470228,0.0028055757044723596,0.3278118529055598,0.4695707550157577,0.045804470312429936,0.17083109971579055,-0.009256439838096563,0.012283370901151629,0.029653143286537977,0.022258092284230622,-0.00644158429195875,-0.002352061913568826,0.002256815306341479,0.00958730417814401,-0.0011416760737864155,-0.011667963071776963,0.11537870241300492,0.0034937507542965544,-0.027608520901449246,0.009835427127103108,0.006548529675477035,0.008986826475500621,-0.012899447210481387,-0.008918550014326456,0.11645543833881192,0.01877135996782167,-0.007787294456354918,-0.011586246476773141,0.006348071841050073,0.04504068172776604,0.02050689641129493,0.0002959083648224664,0.06315334666349424,0.018793983249377855,0.012739301970598844,-0.007341156289312598,-0.06585686281227213,0.058520313668463324,-0.00140596795717648,0.031218010143220835,0.0017132402983436835,9.647315086635861e-05,-0.0004368188782715904,-0.18404368532126053,3.3415235254936397,-0.007559273829754512,-0.06033446461938954,-0.0037075433861138173,0.0,0.0,-0.15905514763966694,-0.003598185842694067,0.036907091844263336,-0.012133680779575808,1.632095121833971e-05,0.03245917786212721,-0.0037069310058365198,0.010395818846286235,-0.006642845189846233,0.011295704129595104,0.005668896942726609,0.02289587164049183,-0.012688618143930873,-0.041106582725858216,0.000897896957214203,-0.0004966923869460073,-0.006384106577146419,0.0,0.006891398541576856,-0.020910069515122313,-0.0056600030118681855,0.011827902294604004,-0.040126594961521225,0.05859522341018722,0.10869755720324555,score_roll3_mean,
ARM,-0.10103521636937518,-0.00569289861772659,-0.023013437568236417,0.010778407005358488,-0.07051588867507226,-0.003179367572318194,0.07663711960716768,0.009427712507238515,-0.4198826862181654,0.003847970283849971,-0.29307770713757253,-0.03993513416901152,0.11725306266504625,0.13663750967965224,0.03641875282217097,0.09308097071502815,-0.024937932598724673,-0.08879651943950322,-0.004763547023925074,0.17544681322091782,0.8154013708287513,0.0441645267786494,0.17657506864458927,-0.026480053093681497,0.011780863412709897,-0.009201468376337708,-0.00802142366740229,-0.035548885199192484,-0.0026487696862596195,-0.012086116819049031,0.000923598652602948,-0.001232463241771387,0.0058554641647612145,-0.027214507749394583,0.00036112112179663625,-0.06067600397073012,-0.01511592820219795,0.006944355795225398,0.0029220429520405776,0.02348512613646653,0.010733426532837664,0.006150518905360767,-0.003484037481543802,-0.026711797420416305,-0.02903650966165313,-0.0024777855970421203,0.03325447492729359,-0.001877886709518678,0.0027660331529290507,0.01546207306925287,-0.0009356971670721612,0.0032136805940079704,0.012633221412861394,0.05541704603687733,0.013197108712208937,-0.0037134926593887455,-0.004802705711578463,0.003149511539909349,-0.0014723577669604857,0.010014374960697974,-0.08668901831547955,-1.6443971813819842,0.0016037522923926756,-0.05445639835965656,-0.049370142727315096,0.0,0.0,0.015494544044502883,0.00130342065495508,0.09959824839312083,0.0027019875731407574,-0.014253548213373213,0.025252142904895813,-0.001327470906065002,-0.0015094819939870752,-0.0014553326889113025,0.006976817361214748,0.011217724299225771,-0.009236606269726217,0.010839658287454668,0.03853092415168609,0.0008338193679773915,-0.0004968078421427341,-0.006273659381283171,0.0,-0.04213700043139669,-0.023793159778971864,-0.01136457372900568,-0.005000965221999985,-0.04741056734937397,-0.0049603376238691235,-0.0034324466289055856,score_roll3_mean,
ATG,-0.17206178634001756,0.02970290898454435,-0.019888988225997287,-0.04442710414466423,-0.12415141696121364,-0.03211350465997081,-0.23126470469237498,-0.04599661492459191,0.13491479798155762,-0.9700166004990829,-0.8967257807373556,-0.05105020796924352,-0.7359771289876215,-0.20947824048126074,0.13170876089830652,0.4053854213073662,0.1726507360500879,-0.10326545151879157,-0.055214934359155254,0.4414451011175793,1.1385411364023423,0.01952614200346522,-0.0639650822755418,-0.01124231148373696,0.005938491921056062,-0.010360573997589679,-0.007780632142585137,-0.011288254084594995,-0.0024309157684432323,0.044566927135082084,0.07362099346452311,0.0007789038904585247,-0.013618171407146855,-0.06034619485749893,-7.669897014243582e-05,-0.05688992555823028,-0.021202009450807992,0.0036650026113467203,0.0046417182092520805,-0.013714573214194602,-0.016192048969935913,-0.00043908860584074565,-0.009550288580372079,0.012014461084538991,0.012945885156316657,0.043517966035590515,0.01006634555807611,0.06870298085303221,-0.0002690576407271583,0.06352837028950786,0.02804006809682373,-0.022312058995423455,-0.008807338723691957,-0.06010226167675353,0.1475101629489559,0.006902566687708733,0.021486217064799754,-0.0011696326371090666,-0.0007944932567989026,0.04078697336661099,-0.001375515841830502,-6.3286535900719105,0.07971560028187384,-0.12936822310449997,-0.009995925495234315,0.0,0.0,-0.04577116293270117,-0.012072933891320262,-0.05730658879577534,-0.12180396443233792,-0.011239100303560368,0.03359412868429921,0.007076130339976384,0.013961459596380685,-0.06307585016629748,-0.022168265975633795,-0.0327281091400608,0.007876058086919515,-0.007671423278576785,0.023517746719314694,-0.1783175266297534,-0.00035288787544059304,0.014275675054068097,0.0,-0.0675575333177183,-0.14472393251878,0.02837005295797419,-0.003589405188756374,-0.013094853957041463,-0.17330848949827607,-0.17670472664106746,score_roll3_mean,
AUS,0.10875699186735684,0.047750383343634926,0.008773304874230208,0.013531842221225165,0.30830563137862316,0.024630330804755993,0.17220308539105655,0.017221628482723426,2.1703146330939065,4.092623676897885,1.8631666377007188,0.21225863054487776,0.20725785404813493,0.1288909687047504,0.12862748695473708,0.29005664053488095,0.02754052181567944,0.21643201413117932,-0.02203973802212605,1.0330144175676803,0.9219884827103303,0.0983272387082123,0.1867168061726873,-0.016689227830927664,0.005530146366020786,0.010727061850319798,0.02225476748049966,-0.04019186467459722,-0.02725779849617358,-0.013262684888801828,0.031395096635188684,0.001493280637325712,-0.07575588121475783,0.05987423768464779,-0.018592327955171385,0.4237469060057463,0.01619008099397186,0.007692581407746377,-0.009907078884202105,-0.001777904207952623,-0.014571688897694024,0.036806983937611275,0.035829655086358214,-0.018084956137930305,-0.02773312581969952,-0.06118400103862786,-0.06472826921676918,-0.1338320258795989,0.025857895831262454,-0.0646429253706299,-0.026530908584430128,-0.027084216209374803,0.008570899724770662,0.1672021993814358,0.0446901058095903,-0.003778772232400949,0.028157317799365242,0.00166511806105396,0.005538993331545022,0.07854644967733984,0.06358843290014086,17.270841400046912,-0.029087221164063242,-0.025170575467392365,0.004635639223420907,0.0,0.0,0.05446296910015979,-0.005838783550445983,0.03863900286904217,0.028695666613915097,0.014085424816926888,0.02133142262863552,-0.0006668788364301798,0.015054045926898211,0.024005758856319698,0.05701085961919347,-0.007319898611304884,0.015515776825446475,0.00014332527276240736,0.016923344827024667,0.0004464596614433339,-0.0005284536859644812,-0.0029349131613300118,0.0,0.2737430346370078,0.013955131826215906,-0.025254536937348675,0.013800515414017828,0.1391743538772509,0.07371863219066276,-0.011764505051957426,score_roll3_mean,
AUT,0.13202845188352177,0.059715559613005655,0.113270362778281,-0.005717795568531545,0.14660164044795113,0.021401991853451728,0.10860690347837502,0.012763066121312705,1.7701366185324034,4.155557441424082,1.6892489607405057,0.1550449958449225,0.13153254311693297,0.12035685637394795,0.12394897982258268,0.2876406076806151,0.026230022101934237,-0.13078353692939554,0.008942979608607914,1.0294585127772127,0.9331335904029322,0.09766436465945627,0.19037770262312712,0.030932068918698437,0.020482889466774835,0.017828798441628633,-0.0057124246655836765,-0.0025466864893827685,-0.0020846567492087604,-0.0025029201212290303,0.02436104820177072,0.0054115154670398855,-0.06269823369781335,0.06101900932173477,0.000351617912421007,-0.005506933633192403,0.0015898780705722363,0.016815891456436086,0.002203567075015351,0.002197661267682247,-0.0064002244484729865,-0.005379524390931313,-0.01664298619128464,-0.019486694290369713,-0.030564488486477505,-0.055253429837381816,-0.0835896486077494,-0.0917742095207333,0.03552903485110261,-0.045802157595210995,-0.028332242347856963,-0.024338618933106994,0.011181061077765177,0.1654295218062736,0.04382130578946293,-0.0037516757020897196,0.007010171661070443,0.001592615639711683,0.005731899950190416,0.07348933586996662,0.06426674467048808,14.589994048426552,-0.03161841763743572,-0.058266981417646475,0.0049130013269475855,0.0,0.0,0.05334531672496493,0.006820883338933912,0.10874329037970126,-0.0037617158289285123,0.004248764110996797,0.018223570622041923,-0.000897907882119769,0.010823100259695876,0.010696749231337278,0.011715207448043219,-0.006581209553862346,0.02806004491870099,0.003263057179740016,0.012943206622760694,0.0005509476457085032,-0.0004953307527498857,-0.004169866229295138,0.0,0.29198920592086464,-0.1742104513196164,-0.0031087491603955563,0.007547131599249372,0.09445050648426517,0.06069152288115018,-0.01150465203174044,score_roll3_mean,
AZE,-0.055461151791171226,0.022885706869118103,-0.01598419287214744,0.007523446295234635,-0.028525965285468184,0.00311372173013771,0.1076094167241674,0.004479247011563979,-0.4285023570297738,-0.23659472424264358,-0.5885154569133692,-0.03108234764312429,0.05436547084700054,0.00508630510453405,-0.1968728031756607,-0.5623250458202064,-0.05131821174602376,-0.07695060425259846,0.003986213739743665,-0.3135532008844093,-0.005582418196619147,0.07360850114292887,-0.07054191290005966,-0.01757306648651266,0.03637396191074147,-0.011553662340241442,-0.009204533232671747,0.0033680533183420313,-0.002035028991650629,-0.0029938648353828173,0.054445130991355485,-0.0018576680357998282,0.0016775777915719076,-0.035590530192042384,0.0006351861135541581,-0.037902971729015036,-0.00116469561897538,0.013800798474584342,0.0019128430886435413,0.003904011197157553,0.021442520059671285,-0.007599752966553027,-0.007064973469833027,-0.011366384015316611,-0.0008902107311279295,0.03261446414108744,0.032746320720944876,0.011279004387360334,-0.00908242984350263,0.009637353504330325,0.016235984939727097,0.06349972064280449,0.010592942771958679,0.0503691323891175,0.023807276316040692,-0.0016657452857923982,0.004103322648566076,0.005197779061980173,0.0030070451428838986,0.0078566020872771,-0.09021377974756907,-6.0461165036179105,0.005082398127516962,-0.01595466415450152,0.005048578808854953,0.0,0.0,0.014135117864796692,-0.0014386414703141059,-0.051454504017944665,0.04035018409706326,-0.005136853281029697,-0.04360613710730352,0.0014547659948947298,-0.04027935981127295,-0.029162654507389987,-0.034456379631000573,0.02276185527452606,-0.012240026087832555,-0.0024754888937550735,0.02429242903321154,0.0012739903516774966,-0.0006496921946781303,-0.005431925935983617,0.0,-0.05185129127191953,-0.02914712881809495,0.014286317687703776,0.007174127290030941,-0.027964640400602096,-0.016356428928152783,-0.005022345587933206,score_roll3_mean,
BDI,-0.06369403627868767,-0.10249223589051,-0.019333143122463467,-0.01751470837882886,-0.032196031356124206,-0.01416393870450718,-0.18618097580730905,-0.017412141455471652,-0.6600155587966623,-1.1434979863767238,-1.0321387294694486,-0.042440361301882085,-0.16164564238372003,0.025800477174509884,-0.136755042136802,-0.5394288168121503,-0.07476116354672782,0.0070850448340467696,-0.038904341236668735,-0.3838270880679906,-1.1371780167861956,-0.07413893277143456,-0.16023992392360045,-0.0036994517087969854,0.021035254278555016,-0.007006341279992403,-0.01852206889072783,0.0008263729959496275,-0.0024594038235235915,-0.02545392295321122,-0.024351139173448853,-0.0028191032073388213,0.00784689306734519,-0.061251844451333,0.00967354224949295,-0.02893416280243446,0.0212787754304777,0.0334029880363745,0.008076376339826209,0.0051963929329891766,0.01577582822422702,0.02353740518619569,0.005482161846574687,-0.00365534079545909,-0.00918988508658248,0.04455829222883629,0.03368590277230751,0.03420811156528497,-0.004714928621248838,0.025374686229096197,0.023299504088610222,-0.04517495154208296,-0.005775139060433875,-0.10517196996911031,-0.01410104427652288,0.0022137735998760777,0.0005675461576120697,-0.007701473113164927,0.0001900216840693191,-0.042071858610944875,-0.06620949839436109,-11.747446903918512,0.023493183931040332,-0.010194152286090852,0.0029316755497726596,0.0,0.0,0.12137373027535822,-0.013958512361673893,0.05605013548084339,0.04196936595715604,0.0018253177538148854,-0.03869195175911941,0.002957897439062648,-0.05582908099058082,0.004225016730010288,0.016201124513126955,-0.01444438505350722,-0.019212779208902277,-0.017941502412142735,-0.005880945734411261,0.0015768690076236119,-0.0006762667359371698,0.01967023846237276,0.0,-0.05401352105991945,-0.016064814244451418,-0.01622710134147197,0.003802763782735638,-0.041284217967584906,0.03883384626776862,-0.058708953763183074,score_roll3_mean,
BEL,0.11157840475307534,0.06527244037577529,0.015818679922443134,-0.0019461296308801973,0.19613045678562183,0.02701334250756528,0.13525801858500464,0.013202352800060801,1.8104259703773928,3.999818179685143,1.6875250578887349,0.11580652787939547,0.1833929598945532,0.12041994200511003,0.11655877424104612,0.2846386115764517,0.03296882472987986,0.09141048128042684,0.027477524119615796,1.041815158134679,0.911617476561677,0.0959327323137189,0.17672776966060869,-0.0350656983776339,0.009662368688307506,0.01813970431116533,0.019930490148804627,-0.009112516898584232,0.00041141150397662837,0.004008104918734946,0.028562844037502467,-0.0007591937159600357,-0.07904446072739915,0.034552943661507525,-0.0015948461787758078,0.06661419389069184,0.0007756664591668607,0.008686205358856785,0.004090648012641747,-0.001715913693453572,-0.006935338201050578,0.008059620837699136,-0.03367937376804039,-0.01567279607251526,-0.037828126771317756,-0.04903250371290221,-0.08146493993077703,-0.06044288545041214,0.03369336147289422,-0.03702669588999805,-0.015823412563550496,-0.01482620394395764,0.009616218538089704,0.16666898144124656,0.04572607804043753,-0.013136015690529326,0.008744627369701276,0.001616320264270201,0.005256878518256067,0.06705231382856956,0.06033230715177179,14.380825236864945,-0.031209404244155983,-0.058336550220509785,0.0027243184929025173,0.0,0.0,0.03867548692624742,0.013888602722495938,0.09134674610305746,-0.010318726535926075,-0.06872357599420574,0.02499933214707576,-0.0009103990904294602,0.01451673290746378,0.008911781932506462,-0.03770817814606314,0.0044123265587578415,0.04431266749172863,-0.008465672598194697,0.013456550794494966,0.0005003941750526415,-0.0004870101384951983,-0.004718194873346953,0.0,0.3849043058200919,-0.00972060576324853,-0.006822634924611667,0.0016676014929819787,-0.13402446679498156,0.0650468598075387,-0.011426033794244778,score_roll3_mean,
BEN,-0.13477874840318835,-0.06750170801747166,-0.01945583885958809,0.007018394634411464,-0.07124058239577757,-0.01521778682375574,0.03459560105492114,-0.015281729871607166,-0.6047387444661588,-0.7530781817032782,-0.276232403385867,-0.04060084804275805,-0.05930206869089456,0.05194729798085341,0.060643203396041505,0.5349969501828634,0.17409810140017629,-0.09170421724275839,-0.04268451028617914,-0.40458167713936705,-1.410563855574074,-0.11375955072984151,-0.11915862709010028,-0.0027085816454324517,0.011088907169648124,-0.01781152084895082,-0.015206394828064941,-0.00901541422515299,-0.002441342472207601,-0.010573635507802407,-0.024766625427588042,-0.002406694529403995,0.02550756945583918,-0.01591158423538077,-0.0068284561275234355,-0.046323769645136244,-0.014448755022405972,0.0125586399815781,0.012739012499576043,-0.013966005114451228,-0.006092776891154048,0.03183421823528278,0.010862667098073368,-0.015234809634855684,-0.022710341567551234,-0.014332334813021761,0.04623386311648545,-0.004699799033966464,-0.0009271464692988768,0.01523292752011575,0.017521480400860302,-0.01559553274588429,-0.002478401945047353,-0.08855741976396649,-0.013441744392153197,0.013542521795841266,0.010067906621553468,-0.008270833972939505,0.0006113232193248408,-0.02188440134737318,-0.05655614283880978,-7.914026646597282,-0.013431731955541992,-0.04288830299503427,-0.005234714301217525,0.0,0.0,0.014632126197784779,-0.014827632012568648,0.007330023437014361,0.013780565000856004,-0.01307168083281131,-0.0468524772913294,0.0007261529226027014,-0.05366652146456815,-0.005054442677561507,0.012708050165821447,0.012911037943360716,0.02273660954123662,0.008182266226089224,0.0027490338315369818,0.0014590392387238051,-0.0006957980768274534,-0.0037589302748931757,0.0,-0.0866369372557773,0.0156158141717333,-0.004586264552283972,0.012467610000558158,-0.03397028670353363,6.552667078424481e-05,-0.08804404580466318,score_roll3_mean,
BFA,-0.004466569434426642,-0.07369126450858716,-0.006823587339944625,0.0019436545346588191,-0.08099238927514371,-0.013310370911886544,0.040232125237773794,-0.002221357266410551,-0.6333791098682369,-0.766907444506851,-0.039531783707255304,-0.034747141898158716,-0.09525310829111908,0.0944251690709196,0.010747229536000153,0.18414101029467925,0.05636892721268799,-0.08944768320358384,-0.0011117446133179524,-0.5016737279964901,-1.4251696340579294,-0.12569263039801673,-0.19920944039713503,-0.015323635262569739,-0.0005156088515282587,-0.012732884864508567,-0.01772951708069355,0.0027479886057665114,-0.0024639096050493624,-0.008585992176144147,-0.024548417911915435,-0.0019113911803268126,0.0018978304906702068,-0.029911124827280235,-0.007759294578137057,-0.05275855651773889,0.0006364450026757318,0.01253960266627425,-0.007160743409436451,-0.010357167977896145,0.01376498501520489,0.020336305269186953,0.004463778183476178,-0.020472108348563087,-0.02893050297062176,-0.05193505161535682,0.06423132494253198,-0.005639906908236576,-0.006385476343214113,0.012142372424353943,0.007312350941540389,-0.04643546641641686,-0.006291239776458869,-0.0928801581190984,-0.013940968330565342,0.009253564215362432,0.006759037148716494,-0.007147708370756799,0.0009963484330583916,-0.03256521879713079,-0.06742580730804824,-8.872664053696417,-0.013030077048394723,-0.02824989681958464,-0.007775081368463146,0.0,0.0,0.027092376540010826,-0.010998189596346481,-0.06451659561183379,-0.017484001936571403,-0.04586125150828936,-0.03141484547828132,0.004655654525367476,-0.058028536695476356,-0.003956250853452209,0.006005699944284169,0.015232471165889066,0.01676024425497828,0.010967100295458028,-0.008090593522497603,0.0011198564984349333,-0.0006863275818846073,-0.003706673319484928,0.0,-0.06887717096117704,-0.024531911951649985,-0.002747405357685314,-0.0011415897462617908,-0.02407332915165209,-0.0026317975490407486,-0.05654586220751422,score_roll3_mean,
BGD,-0.1337679097267822,-0.07184430306914409,-0.007174438652492916,-0.007037423538865089,0.28284609992379683,-0.011978592095960337,0.16419570209905088,-0.02483932830135968,-0.4897524001223165,-0.8569755867131283,-0.9535662366232116,-0.04478745177943264,-0.11391758975415245,-0.005837351977149954,0.03527282360350216,0.13649228603653227,-0.01109783407749604,-0.09723848975229858,-0.04326488029826406,-0.24829466478890708,0.18289662622282582,-0.09935090521662834,-0.08839432467021256,-0.014494775641077894,-0.0016650816005339322,-0.013789082339812596,-0.010911842577073776,-0.0007315780149207279,-0.002027003406838561,-0.009735144308746899,-0.0191160212806829,-0.00018191277282008657,0.019502253797426435,0.09616714416921289,0.002738423965220294,0.04887937372237938,0.06753482296289762,0.00555900332618528,0.008856136222818455,-0.0016906463077957185,0.01001447520975208,0.03264766415350008,0.011056675203476975,-0.002281489473934692,-0.0031015203828884496,0.02810932983917572,0.055175514370817635,0.0315146159565175,-0.0022706833175916243,0.03982175503636072,0.02392893662723786,0.008921101044231916,-0.0032274244642521983,0.12565073195537552,-0.009561412732595621,0.0003873716327228363,0.005419617788949881,0.003115071817121891,-0.001311121232072876,0.017170096182968376,-0.059138133617287106,-4.8330590357081995,-0.018859326179019757,0.001631019693518848,0.008624186648038712,0.0,0.0,-0.016326937848257256,-0.010334315438144224,0.006692865672968242,0.09182561036867724,-0.0031584793184005434,-0.01826906189366876,-0.0023092251116835064,-0.04020523291051072,0.0030215062687590916,0.0022948737226701544,0.021268951194503366,2.7481914065200507e-05,0.003385730277942998,0.03666994210947953,0.001788597639674894,-0.0006672254495731196,-0.006141213663298387,0.0,-0.04839269907680415,-0.017240013451357405,0.017500361274516717,0.007957511029867623,0.028544488686202348,0.008274517641069061,0.005251436816386459,score_roll3_mean,
BGR,0.19040927176708408,0.005011053580255039,0.06686610059594807,-0.011479919521650776,0.10485980604689647,0.06964098314912767,0.10007231274145527,0.023728075104524914,0.7630084215949262,0.2054116161858907,0.7080011505535463,-0.023555822277785937,0.05921663007804148,0.08778774586151124,0.13190854181189185,0.22939687799442737,0.024588367445718934,-0.01989710623599816,0.006500850511086379,-0.0833541159309433,0.42902860958970707,0.07007812911029493,0.2080109306366791,0.01108532825028027,0.018694612088755825,0.02480121060123145,0.02118390612158979,0.0020721353269217706,-0.0023061506828489413,0.0016218633490682104,0.008458792087308318,0.0011283762869905161,-0.024160956639247125,0.08453824140167507,0.006180531199981696,-0.023736635266955085,0.005808817062541109,0.007295284682378878,-0.0005445834722686877,-0.008646216283546145,-0.00972074042414669,-0.05500386107848131,-0.03189371956372511,-0.02109336103818625,-0.03185507054632827,-0.03346856841497164,0.05152107782494222,0.017439794556113854,0.0008741293554394628,0.014104651386188627,0.012144468218106854,0.02019060680678548,0.003568151481448617,-0.2102923754164444,0.007174877370068936,-0.0013483111309989762,-0.008057023530863575,0.0019431491367074946,0.0009039809778251687,0.023011416309842606,0.013928090924792904,5.239898289435608,-0.01843625684482566,-0.04328109113581542,0.006161313342204318,0.0,0.0,-0.03687031799130312,-0.0036360207350090283,0.010412252731035776,-0.005893044429609778,-0.00173097506744319,-0.014068836769455974,-0.0016682192689100594,0.016723611837252187,-0.0011266657233441131,0.019626664450998057,0.01104038718961399,0.01570541829334198,-0.005533704998285182,0.02747829821192879,0.0008446732251838943,-0.0006339434568292196,-0.006337464640307476,0.0,0.3443359427582439,-0.02174671212147875,-0.004553642268606961,-0.0006958555909569241,-0.02970619355257569,-0.008136451077722248,0.008787806673514219,score_roll3_mean,
BHR,-0.30009465019973575,0.12104174920496469,0.06832687736215605,-0.03973578512564024,-0.07612518394421335,-0.0014672036579996461,0.031150600572583037,-0.01847067020973577,-0.5447320350782932,1.7761278163225689,1.290388370182084,-0.019331476954581876,0.18135042915093383,0.09994445317776308,-0.1737191722302362,-0.752640152288205,-0.03224804089142962,-0.09994621274615156,-0.007923349501044986,0.3112869218489544,0.4782341893283255,-0.36270771710323774,0.1550551477340207,0.01294692368528631,0.05290407549655203,-0.008766432073809947,-0.007784648912785895,0.0015420604355574374,-0.0024722112514916324,0.06193332399526993,0.07930693934417068,-0.00022359503733604974,0.01541121589807602,-0.04524569821676449,0.00010623115311024473,-0.038673941814853535,-0.002256285827680025,0.03199067502272912,-0.0039748441122859765,0.008183524990417378,0.018780995335564866,-0.004867488739439868,-0.030697560806798974,-0.020250943653538613,-0.023487954481831105,-0.04854165198226174,-0.038427021020151234,0.011952764712642363,0.013018597099173756,-0.019618902379318542,-0.010453027401590965,0.01984384923563539,0.028697203421134333,0.09134814301763904,0.06003359250218271,-0.000294360047195588,-0.009674444734329825,0.0035833345658281613,-0.004263300298093823,0.018630221655559616,0.016040034333602408,-2.2664816284252858,-0.004237340810527338,-0.016343781588550665,0.00828670013938335,0.0,0.0,0.004364197564406412,-0.01713286123649775,-0.08773250544483333,0.024243830004799,-0.00538035943394856,-0.08493897370650623,-0.010149719119986552,0.001910950497519514,-0.00995684297377144,-0.06624317200188626,-0.025709593396838485,-0.009894538844072494,0.0073216838300578105,-0.03577640959110814,0.0009973716295321137,-0.0005988778627554653,-0.005216271734832602,0.0,-0.05032856448153487,-0.007900744239261605,-0.04738485484665821,0.007310350602648768,-0.06543875776427,-0.03147433284946293,-0.013113619553198777,score_roll3_mean,
BHS,-0.059870987081642825,0.11145348249715502,0.01995492509112561,0.023502263549298588,-0.09225252505726686,-0.011645220448387384,-0.1004451660557687,-0.029810532076912165,0.3170408855397342,2.297032313771231,1.5946515688054734,0.07801010880083384,0.2236785111803533,-0.011699992533804571,0.10001945733604341,0.3776325281074908,0.06940453683778143,0.010549354416323264,-0.0377668342258632,-0.13772180453287716,0.39449802761532365,0.06642837620152817,-0.4359179038152988,-0.0077834650467120455,0.026479173303799466,0.013576398161093038,-0.006454910153952576,0.0012491794071455788,-0.002322937521468545,0.00616288226249174,0.056338167846324214,-0.0016563502170727914,0.01784780988668229,-0.03330030878530564,-0.006111423377338771,-0.052522024705374155,-0.008157305845828359,0.015760774116390857,-0.003748766339507447,-0.0030737864035956476,-0.008734644885934681,0.01577987945744713,0.006046007640612855,-0.0033154909068948773,0.0023504941296925794,-0.06623071465741431,-0.07159255073378759,-0.0007874836153421422,0.014849521146289131,0.001429330498518161,-0.012650847602169757,0.042506720972411705,0.02273877425611427,-0.058166381104649736,0.012380640285786131,0.00896191056679211,0.0027699154082539874,0.004261282747851703,0.0012642515029973162,0.012012111583509868,-0.18063352336421584,6.416200302651697,0.020404383957003086,0.012715400796005083,0.00705531947858068,0.0,0.0,-0.10347491635632339,-0.010162274214443358,-0.06743945058429972,-0.12610647620965681,-0.0032717863949100322,0.02626672111153626,-1.639969882347424e-05,0.007983688485730047,-0.003126378615234438,0.01947081896467038,-0.015783649024321268,-0.023198842020320198,-0.010569619740389023,-0.07718951157242972,0.0008032083434127918,-0.0006759482592034912,-0.006221363464183853,0.0,-0.07629363666355543,0.011521348215146143,-0.026837229329312193,0.013828643543581069,-0.12253540369892559,-0.16404821320835514,0.1793418065357637,score_roll3_mean,
BIH,-0.13084937411740122,-0.0009806325926888394,-0.002232733382627876,-0.0010876260038373644,-0.027416237487441153,0.041330603763192156,0.07266101256198727,-0.0003194573406033938,-0.5245972256262372,-0.7535824256924277,-0.29845266360914235,-0.04440773207826131,-0.1886359320470947,0.031959635228165334,0.05654728062843496,0.18756700786177669,0.018605393848248362,-0.09407349857219174,-0.05086607659884751,0.4462740808103672,1.1777302646092151,0.017291138414759596,-0.22792687711620885,-0.01227778249383787,0.011555385818997994,-0.013312871445981216,-0.008474558192940199,-0.011740737102145002,-0.0024650414119070795,0.00550119785178455,0.02174856157735822,-0.0002663981570307325,0.007990821983019675,-0.03911794250313044,-0.00028728505246040806,-0.042254976663346815,-0.008711271887025201,0.010128647393624114,0.005674304991419502,-0.0029507288254204895,0.004651768624206261,-0.029845528457499108,-0.011752487187373517,-0.01595018135163645,-0.010463753389569296,-0.0038068362590145473,0.03472617040806404,0.026762025054428214,-5.339376062841059e-05,0.012025277487308313,0.020119991665779477,-0.0012344872693341863,-0.0003889769512675972,0.11520772308120017,0.09432628898986808,-1.0330143299280143e-05,0.002596228462232122,0.00010301289148627336,-0.0009557287885888355,0.0035387682286214727,0.0031175674101717476,-3.7876693684738645,0.010700380687148656,-0.11590883386268505,-0.0037037675374776585,0.0,0.0,0.011135310115606496,-0.0060658091166664995,-0.013962457475530482,0.03596559383703466,-0.007518816521666322,0.0009706119287093386,-0.001627074793481301,-0.04379794594763382,-0.0022810152515538194,-0.030952496449672674,0.011686277796076883,-0.015555753852341972,0.009601471034131783,0.03585084204503716,0.0013400134715315737,-0.000663101808239904,-0.006132779920797075,0.0,0.005470177249113065,-0.008475575619935432,0.02761765564421085,0.0008366567408315251,-0.07348058112026307,-0.07527758375365572,-0.010837449237621574,score_roll3_mean,
BLR,0.15667033157159663,0.010640163555031034,0.05732679528455284,-0.002635869628116131,-0.02541418029106208,-0.012153099274734975,0.09559520328968224,-0.0037369211520002954,-0.02283726810727675,-0.7068123730988579,-0.09567488206645085,-0.027446441341774007,-0.09800741829312722,-0.15015229752786843,-0.39772730393759836,-1.2121722442471146,-0.05469659457783324,-0.07630920801443256,-0.06156820232128977,-0.12318984294890246,1.0968010208731893,0.04005452046863758,0.14721978962719945,-0.004827296731495523,0.057680566527206996,-0.01245848725355057,-0.01042009565949849,0.007346292389800963,-0.0023297362935064615,-0.00048197430792113973,-0.0003565332932116361,-0.004979460854723534,0.005138049240729601,0.009238937352768942,0.006616157179923075,-0.027369014788295353,0.014328594495168014,0.008751442703123417,-0.005950386301370078,0.010177662433691961,0.015687971198301457,0.008128570821734954,-0.022047825671489135,-0.0007788333825164581,0.014873497915686358,-0.01742705134412197,0.0256838959254104,0.012859102639828375,-0.007133801037815286,0.033564473625818464,0.019945552257983015,0.009877631809381629,0.01399207307784088,-0.10542322308136151,0.02793220815963794,-0.004998336703141049,0.01378849211316888,0.0045761314292062875,0.0008351864512512414,0.06146376233378593,0.0039016191718769465,-4.8230251832468385,0.044598011314614314,-0.024234643537932313,-0.01074436204635467,0.0,0.0,-0.0723350811467398,0.0006685169567138452,-0.1301600179951618,0.021662060110474307,-0.002728136424846144,-0.02436203306301206,-0.001869612089230233,-0.0175063185884955,-0.008323700701568917,-0.013990547851309652,-0.044144072242477586,-0.13302086695159282,0.0025712602589783268,0.03344433777501809,0.0012602829962989085,-0.0005436296893511286,-0.0042753945157075505,0.0,0.000950384455851041,-0.045822038080425787,-0.021966352591062197,0.004562668041887881,-0.07391220427258442,-0.012650247721930425,-0.1312325294520271,score_roll3_mean,
BLZ,-0.28335992177195707,-0.019218397020989163,-0.016810586584809134,-0.008693971086741619,-0.10593814849675316,-0.02500735847727081,-0.20962180383347206,-0.01688700068830678,-0.3091955673755423,-0.19019581525327317,0.2818753220458593,0.038777888855577564,0.09467482622235673,0.027900223177035402,0.08397919259292816,0.40520893109761014,0.06918487023780101,-0.10151066349498887,-0.046494692976830565,0.04209834151498645,0.6358479094830705,-0.5095766344052928,-0.2667456841388676,-0.013214622664548257,0.013735943513638221,-0.01094565255463549,-0.00721324566399266,-0.0027914344506664245,-0.0024759658259476103,-0.0037129248703184057,0.002843153794623704,-0.0004175343784341565,0.013503012694780738,-0.0473271393074481,0.0033391180759891254,-0.05431177062996883,-0.015147474872326705,-0.000419905983450468,-0.00405477800404468,-0.005991701246308311,-0.008750677345342317,-0.022785251483688665,-0.01663872195671463,-0.010457963955526324,-0.014830078656216529,-0.02757224087451287,0.024583084200495754,-0.0071760028285515805,0.0170688760817555,-0.009830372341104903,-0.0030421392080933586,0.010720167157835829,0.0016246799053417282,0.03869768473665682,0.025103095060813187,0.005305373070554853,0.004281031960845415,0.007899789103286162,-0.00111321546714658,0.013005901814094563,-0.09203913278018229,-3.421202552818026,0.022695847698212836,-0.0736122997793503,-0.010003984938769533,0.0,0.0,-0.054250678088025854,-0.007655641710223926,-0.07898865648496493,-0.09774066088530128,-0.0031743318524297846,-0.018620201136124444,-0.0026811392094942665,0.007194034809232666,-0.0090957978202974,-0.00946298091196187,-0.04184662535318778,0.022478525751589203,-0.03686256923756399,-0.026722913726532113,0.0014121139683433868,-0.0006917361765490329,-0.006451272867766699,0.0,-0.0619429198159032,-0.019634504379067098,-0.09604683607862605,-0.005942580526091512,-0.06127869378143871,-0.07296775158720013,-0.00725457082069447,score_roll3_mean,
BOL,-0.041050037954160935,-0.014485433516541291,-0.0020870007729448027,0.00733042011958615,-0.07118337037807493,0.009024310016891395,0.02199715548791754,0.0404852826944178,-0.5270759391309392,-0.7514334750988099,-0.7250275175826688,-0.05370595481242182,-0.04288859582672664,-0.07672288067466113,0.06164178656003621,0.4354643971204726,0.09600903519014352,-0.046603230410430345,0.0051586433630903495,-0.39876304967569004,-0.08839386450103133,-0.007424797065028893,-0.4196164058578142,-0.017137492785092866,0.012703106967452294,0.05022327471105839,0.028782960553269506,0.0017005234459403424,-0.002477817959582542,-0.014278286696859552,0.007840082602130056,-0.001114320666666167,0.017433834651739838,-0.025511530362687877,-0.008003168344983956,-0.04154419681386313,-0.0034581807957528173,0.01865892617395247,0.0031781237785817474,-0.013341480041640645,-0.001034396982066769,0.03154926756329802,-7.829466487559937e-05,-0.002643094653509479,0.021837007667016507,0.023341478046904795,0.03574128782561239,0.04536064233411055,-0.012668853341877223,0.0385691269127182,0.02245958863786895,-0.021148793969868806,-0.002159786417644247,-0.09331161342833343,-0.012215392801524767,0.058301871389270836,-0.0029722037151061914,0.0019961499821001434,-0.00010672362412217804,0.018857593938994915,-0.09015407242058368,-5.939819776476329,-0.025274957865062158,-0.04346128934186346,0.003803005357050094,0.0,0.0,-0.06364502387263282,0.016160566736070123,-0.03836201094179704,-0.11349728522278658,-0.0034065422123888568,-0.02722030814140648,0.0017181472328770028,0.014850198794574856,-0.007686977495279501,-0.01326342752917638,-0.022727216602359088,0.039567627479654664,-0.03281475434308982,0.012976768110346724,0.0014405924077303758,-0.0006959832999918385,-0.00652793944999353,0.0,-0.049865463750951966,-0.023312716248912145,-0.08486195957932965,0.0024095690228409404,-0.04361387910214695,-0.14976908057014968,-0.0019911927002775774,score_roll3_mean,
BRA,0.2307417091764416,-0.006184414975463734,0.03325929859303437,0.003387332667461257,0.28425146058056927,0.045554831617855916,0.23010974404079948,0.014081785378081454,1.121021074791362,0.3995876849635392,0.5901445247716695,-0.021125067377355217,0.001281201316031268,0.005878960309051428,0.0977066471118887,0.20813643464172268,0.026814763085577682,0.10088555609520226,0.04803989674708169,0.24049741172961905,0.20482757416793254,0.042894579748665854,0.19021507577437938,-0.026732294728425834,0.004104571391244955,0.018342567810565064,0.014608700152626877,-0.01242780686390321,0.006964132630823827,-0.0014209701997796914,0.01092435466549264,0.006678993280288554,-0.06445047462999993,0.09813512436868085,0.00818507583076479,0.2353626533501883,0.0023532602522697917,0.006910934788958676,-0.001961976077243174,-0.00867620064969797,-0.009908140839337515,0.0830273443388737,0.024367342978383926,-0.006765785939494705,-0.01787997564753496,-0.04466857416839913,0.05548533868245602,0.013351659969574952,0.0055559867508714654,-0.0029593075031937354,-0.017991698615201914,0.0204549745372671,-0.006171081739935437,-0.056793288620572965,0.05891658202467386,-0.006666425139576389,-0.006747078515843712,0.0010448664976035176,0.001010958972767399,0.026585623747739925,-0.18504717575267843,8.401876475195346,-0.06230576687511766,-0.03894183443810468,0.004990757412898956,0.0,0.0,-0.005200304541421945,-0.007227573064701277,-0.14496129112180933,0.005386463393653911,-0.0023571627745456467,0.023481774167331545,0.004041116322982909,-0.022786983835595246,0.006099883592955697,0.008514995163291622,-0.0043369003731241655,0.007216078817940666,-0.0004771777063203714,-0.027684573573461328,0.0008965288145207933,-0.0006954893715534785,-0.0056970016341642594,0.0,0.3486120428916403,-0.007510834956088992,-0.004739973792543213,-0.0069227576749966244,0.009037639465420202,0.04838762666867586,-0.01013761385593173,score_roll3_mean,
BRB,-0.3227823927159212,0.027477901191476306,-0.033235540363278956,-0.020471246804815234,-0.1153887915443443,-0.010324313744505632,-0.07713971116828496,-0.02428771309315032,0.8113666657949079,3.063755409942968,1.837484871703826,0.09096648019925643,0.164400801102911,0.07288268687264744,0.09720581042287435,0.3517224399459068,0.04421771534003045,-0.2515507729534752,-0.04890417807442269,0.5835474894943611,0.2881616543724196,0.09564096547375273,0.1647353240075962,-0.028112750505868537,-0.003953941626815239,-0.010340049508092744,-0.0076447486545688495,-0.016947798943994244,-0.0025262273483285043,-0.007905732185193219,0.032277306368281036,-0.003067694885986732,0.032240709216819874,-0.036073859777355465,-0.00792694806665391,-0.08166494318842435,0.00438669485808531,-0.0023092356287864675,-2.111306523037204e-05,-0.0028384578332158856,-0.010097291153856778,0.0710606293238596,0.015456744514552779,-0.019368198213409165,-0.026393281687572396,-0.05893432956262541,-0.06603577214776092,-0.050922940706558825,0.019211775853431284,-0.03751077298178041,-0.006031557309099489,0.02465412092460558,0.0053085847346435455,0.09161145230315831,0.04742923144678242,-0.002038394130124568,-0.0037602100549140437,0.0015299269577178486,0.0014697141935238317,0.0020299407548185922,-0.6386932163943652,4.225309359083036,-0.008132492127878596,-0.07348605873912868,-3.976921837830095e-06,0.0,0.0,-0.0017133918934391385,-0.002155229665479538,0.06044394085637734,-0.026007144271885933,0.00977765972921743,0.017373768602246587,-0.000796006925540524,0.009969038108858286,0.00912561627770203,-0.022193896375113268,-0.013497052504572086,-0.03670270028163117,-0.01359105782969829,-0.03650553266782742,0.0006970203081881893,-0.0006746613962814194,-0.00615847243193757,0.0,-0.1853877032902787,-0.009532897184766454,-0.04766710491991865,0.01272010983443021,-0.2193364619980758,-0.3008331448330255,-0.09631326607297927,score_roll3_mean,
BRN,-0.10723203572244033,0.22570776160563227,-0.008331421503009143,-0.004158804925316871,-0.05839884545367629,0.015981165588844593,0.04658875845893485,0.029652411515996204,-0.3982372304011127,0.312683582477265,0.3585808826979304,0.04900281306863605,-0.11421980222674104,0.04479256201112328,-0.4336871605764941,-0.11632909730462537,0.018593465128349765,0.1037225650942318,-0.015353434710986914,0.3675237543463142,0.7392714065706009,-0.005643668188701654,-0.20394455145422147,-0.022099896889269596,0.01160594626508273,0.02408617746961952,-0.005272720451465806,0.00667450098607018,-0.002413429403699168,0.09057990455060255,0.09463957285432144,-0.0025686113149292677,0.014098936259143578,-0.029184673017276935,-0.005116989283910636,-0.0273968376166842,-0.0038249882912570555,0.03212253204864373,0.011772150451961463,0.007473593881552742,0.021696154521907453,0.0033707314799538003,-0.00947272741795526,-0.012336697656005301,-0.010681618066178365,-0.004010624964043617,0.008431557338324005,0.019664431245754167,0.011119974810340319,0.03383047903365716,0.016693627270578746,0.048570142095960084,0.005405545234747565,0.024136256741146826,0.08148196850592848,0.013035720788562199,0.0026158890021338193,0.0005653416258687156,-0.0005338117400382646,0.054688011745737335,-0.08169739253837059,-0.43583267272966036,0.051526538758819275,-0.054486910518091014,0.012007764401310933,0.0,0.0,0.01433021630513102,0.004627796353737635,-0.018845579883561017,0.01645822906965266,0.1146203764994919,0.041455831239977904,0.0004890016771091598,0.03561943384469049,-0.00505058966488264,0.017971445554365372,0.0033993821764497544,0.022065228801807144,0.17848322023169413,0.04506960004519269,0.0009626437267999195,0.12354220009730033,-0.005733906794701826,0.0,0.009839101491245018,0.003941292953795534,0.05566469570208495,0.02437106613666212,-0.048525055242813475,-0.057911571839356704,0.21562429033347744,infant_mortality,human_dev
BTN,-0.13476245660686742,0.030029802751736064,-0.010932719901416211,0.007484859085528524,-0.10148580110572457,-0.002620815764108598,-0.04581778511002721,-0.019592735283150246,-0.36594225674043124,1.6375197909918688,1.4558360665739907,0.08408031713531816,0.05487353002258753,-0.179329533551207,0.04087994745463849,0.11092132680059714,0.12924246896092542,0.023945467736086537,-0.01748278079754547,-0.5217899069211595,-0.4245602582705732,-0.25699700388462476,-0.09285985100162111,-0.030308074740208434,-0.00786206210207912,0.01980172233327108,-0.004738748808316543,-0.0018607249927684224,-0.0024048031258706764,0.01484094668183631,0.027623826226066715,-0.00089074618975859,0.015434843416900304,-0.025239728391446215,-0.012293313911216628,-0.05410280668756255,-0.0011655508548217364,0.020754362930881443,0.006477949068268327,-0.0036964162889394567,-0.0006650372808138223,0.003449589521544286,-0.008178874459999593,0.005855949269710631,0.022320376371432426,-0.0971179026146291,-0.0582045763703035,-0.0031952774171467406,0.02394649673780483,-0.029124938859119015,0.005965667425636053,0.03490440955889102,0.005144840155156271,-0.06274568795616489,-0.0030155686224123996,0.01926896896065971,0.004226205157777974,0.007051173779576248,0.002315641493111133,0.0441042425444598,-0.059002404913285206,-1.4864781573516919,0.017651434692231738,-0.027579002917242385,0.015445067283455238,0.0,0.0,-0.042632668568505325,-0.012962664082032652,-0.013022099794022985,-0.012330914816610928,-0.0016042930101076995,0.05150781348450526,0.0004662531110109326,0.01250647013278346,-0.023668747316327222,0.09483451987046745,0.018639879134816933,0.03607749693166159,0.005885491922038766,0.10010452486500769,0.0010332991100848537,-0.0005216794977255438,-0.0062847979476227216,0.0,-0.042655973520810256,-0.04055883988392274,0.046223471215198965,0.01896320752798768,0.06647833782845265,-0.049440759386515404,0.15337836728872845,property_rights,governance
BWA,-0.17791539032832637,-0.036948553323502754,-0.009859747418433075,-0.007012865755140919,-0.06363704206386932,0.0025755746743076724,0.046202950364456645,-0.0172560743375606,-0.4903627959028203,2.419023463874968,1.628413628619516,0.021871946911903396,0.10738805766510451,0.13983059758369643,0.05197509716671175,0.3051180528386801,0.04369244986847353,-0.11357601607161552,-0.04007655380843778,-0.5305393612985047,-0.4259875642442546,-0.22788384744033702,0.026834364438156556,-0.012572613825609329,6.268342542984639e-05,-0.011537116274975705,-0.007007362139183212,-0.008755334582576196,-0.0024419363764811514,-0.029051262962548022,0.007579706728926739,-0.0010237178972542264,0.012184785736428576,-0.028926166250788504,-0.0005280740088412094,-0.037469296831366926,-0.01036363247305815,0.013175254601817227,-0.0019480620029097247,-0.030281732630887532,-0.009665451515798076,-0.003342075662221764,-0.018281372008008372,-0.028745699205021128,-0.02985589308864319,-0.0668214993257245,-0.053518831332955666,-0.003062028130309137,0.014620958568972142,-0.02745306827140913,-0.0018625230428500927,0.06933471640511757,0.003930403424784007,-0.05854116195465719,-0.0022818739149370634,0.0038751081290593916,-0.0022352587268164113,0.002064778740850473,-0.0019839789333604948,0.01172647332140627,-0.07829453238429396,-0.8034944298247422,-0.009508272739874509,-0.06407148927901327,0.013701468714311627,0.0,0.0,0.006940459581815768,-0.002785946897950457,-0.0163815101884865,0.0026935042892292037,-0.006257579674025352,-0.019609659265786058,0.002431816461766608,0.026675272356090414,0.0008046546348353544,0.04673799325096814,-0.004906530360876491,0.010140335411348613,0.008286564699741043,-0.024545384428593723,0.0009146834375442829,-0.000679426993604181,-0.006344610060788732,0.0,0.0011265930788081308,0.1470943519852068,-0.030679145721173563,-0.0039638049978767955,0.13348303579743867,-0.04543561914260615,-0.014868076439291826,property_rights,governance
CAF,-0.1589017665901286,-0.10873951764595251,-0.05307133735106639,0.016820873572264645,-0.13856725070822296,-0.014629961610441146,-0.22100202064383578,-0.00037125133425809523,-0.7079368361223655,-1.0343612028459246,-0.9735565232497682,-0.04484157743887465,-0.6554497414421483,0.013208911522931147,-0.08786206739157235,-0.904261703122451,-0.12598584727159845,-0.09735451763229812,-0.042813727778396336,-0.3891712608277463,-2.288083982488327,-0.07385594042213102,-0.7395257482971667,-0.022612258523267946,-0.07961746120638735,-0.019651771443967604,-0.021171518913723087,0.0007517076752469365,-0.002456629838696038,-0.019876731718923624,-0.0416297171628687,-0.004278501048803732,0.023049148387573958,-0.050066656340153164,-0.004621580443693274,-0.15119763331655078,-0.02549640224201783,0.005304659574879125,-0.007028465001608557,-0.007143587223173719,0.011412224898999991,0.015257488892302244,-0.009737942756125644,-0.007403799281217419,-0.029259230304900602,0.004006061726850467,0.025127090776655626,0.02807421874469377,-0.009617869047799018,-0.006880925755761038,0.010769160072942253,-0.06343175570878938,-0.011486013653058,-0.103856095247067,-0.014255339491405797,-0.3542099912416811,-0.014047523738485009,-0.006049332520442727,-0.0010201305424936086,-0.395672587468326,-0.06880099686563662,-17.414408585874412,-0.04714840698806218,-0.027809883623680795,-0.012623496213718303,0.0,0.0,0.003562303481132254,-0.016314690977416765,-0.002385139137213641,-0.16262545343588897,-0.013643421105225421,-0.11749553740008255,0.0009285123296555475,-0.034276080232802875,-0.001977213134917417,-0.02282145533682629,-0.031891460753145424,-0.037356540009990676,-0.027632118563113376,-0.5055780284336377,0.001786514628202707,-0.0004605279066036489,-0.00424655603256387,0.0,-0.07671579854549494,-0.016101726389625762,-0.06380605689435583,-0.014179736040276822,-0.05626641757782457,-0.12117957016257697,-0.10327840391093103,score_roll3_mean,
CAN,0.08901020157580712,0.06878188051598073,0.12852993111046543,0.019852712498343136,0.35462663378433595,0.04962464216874715,0.19931970758119755,0.003731387091273412,2.1525327154292175,4.1094469850695665,1.8343317020221521,0.11710092398378054,0.21549055589181004,0.05489247553062304,0.1227682869689924,0.2858469349051692,0.01864761696079027,0.20965308115635073,0.020982850820873436,1.017275999133796,0.916324056412854,0.0907996449748284,0.17927486687268243,0.015407248180549829,0.003097566400294816,0.007732543188309322,0.023920624431864063,-0.03558505027437944,-0.018769097923894036,-0.01891083023983712,0.02406745895809392,0.0009243460282656157,-0.08916678567757634,0.06350759872241213,-0.02427994163868387,0.43050245912280327,0.025048973713033152,0.01127698831698277,-0.007538790094275502,-0.003764906343142404,-0.006414676989241982,0.027251191181751535,0.0036347299770662996,-0.01758675317630715,-0.03077437799388892,-0.05901284697506286,-0.10382859878913689,-0.09151934938074506,0.032436158415667965,-0.05034368192297793,-0.03621088644612133,-0.030748430802842983,-0.0014809034690452655,0.1668730335268483,0.04355549974470205,-0.00017373473276773992,-0.00551305217609674,0.0009173393898704771,0.005168176170403013,0.07620618816924919,0.06418803374690779,16.846960202639014,-0.029547167703207186,-0.0352344517342173,-0.10735051762276973,0.0,0.0,0.06875292150760255,-0.10871910531672788,0.12412818266155697,0.016016395888494992,0.006199247817032635,0.01684607105454583,-0.0006326464382179364,0.005802937529683833,-0.043324611845705574,-0.029876898857507155,-0.004894971508631343,0.04536686650890645,-0.005876249460191178,-0.015497895024081913,0.00045482791241563256,-0.0005007699069061272,-0.0029458512597814435,0.0,0.273711392293368,0.011892195684210134,-0.011340803147020174,-0.008891663051675984,0.13236805243143746,0.0761460305314822,-0.009099723525769975,score_roll3_mean,
CHE,0.09751311349690753,0.07320042673986198,0.07734271736575962,-0.01399619097519573,0.24754667645108067,0.01948240948131571,0.12302227156665511,0.012241418350677283,2.107149471416362,4.143714388954453,1.697340365663361,0.1844315284675775,0.14235063344793164,0.12717595088453965,0.12337385675218573,0.2779922169719748,0.0331466165653368,-0.13237868761123792,0.0018910142804654977,1.0244598420037971,0.9221456634641798,0.10290563023432751,0.18745638550156302,-0.007174975893847061,0.011917565338564428,0.017390775049514043,-0.017219884020856214,-0.01332651206795176,-0.006769888867955566,-0.007417094133349777,0.028343677817307514,0.0015916022029074917,-0.047242306030296215,0.05373754553744683,-0.0026505240373330486,0.17919355281814095,-0.013532672436060126,0.002641732210289591,-0.007742531845791185,0.0031001954247578288,-0.007072926076751169,-0.010262013241548993,-0.03097486585454606,-0.01662164397775572,-0.030956737226590952,-0.048037352777376974,-0.09891052176497123,-0.10313721014312056,0.027290148862841243,-0.0467688924881874,-0.030936043986992255,-0.02946592045259523,0.01289105446894512,0.1650399520868946,0.04434514896120966,-0.008022514963723219,-0.00018169746178016088,0.0016952747144573055,0.006301839848292102,0.06913300939130858,0.06563072515885958,15.705978356594626,-0.01802170536298763,-0.048625666373559626,0.003826424972120459,0.0,0.0,0.06788228783993942,0.015903336511479762,0.09960004933719818,-0.03422330968044225,0.011444334141029001,0.01969365468347658,-0.000802948991631931,0.015845188491683558,0.013516370510766838,0.04351919120385874,-0.006855437638835541,0.04137551305144428,-0.005928675860897858,0.01522296621628276,0.0005290699469537849,-0.00043417906973926783,-0.00293465797455146,0.0,0.2736518198771496,0.019445905873221835,-0.005062481444032474,0.003999430820584155,0.12969936939653448,0.0631333401526038,-0.01110436544000017,score_roll3_mean,
CHL,0.013732848419217725,0.036595461522700046,-0.00891674893194554,0.03307153918814396,0.05373392207603187,0.02402170819612346,0.08367197894538098,0.005548636177746289,0.5566656140349281,3.409643300103808,1.8332004126012267,0.08991626712100714,0.1409653316517463,0.12526829369825607,0.07693171867934541,0.31760161296714995,0.030807890162847254,-0.1538898635156324,0.015683778761545895,0.6842370697276726,0.3542699668579549,0.08880505330892412,0.186147117786435,-0.005496880772157855,0.008878606260834709,0.022067212595840588,0.01459113771137168,0.00234482143169403,-0.0020660058143470443,0.008840984936503569,0.022333322982451054,-0.00101323417837738,0.018614432389429364,0.08845866253095265,0.0035452805249477242,-0.028548519153097515,0.0062872793927969475,0.004792490190962451,0.003494921652057155,-0.0019387574333710272,-0.013668192889952895,0.05294713839730036,0.016547232041937355,-0.022838138808411502,-0.03340287602401046,-0.05308878224133453,-0.06261527193917832,-0.05726564752151766,0.049741241649296386,-0.02087989722722393,-0.0208079256947025,0.023698335584524232,0.014803562940373242,0.15348981658591343,0.048533422636143825,0.0016768193398293196,0.070010056930032,0.0012755933803106586,0.005504997447996319,0.01436952549862217,0.06356496003237024,10.332196199394122,-0.013462752343630743,-0.05376576163475066,0.0103016222490578,0.0,0.0,-0.049309314879038633,-0.002043941565162773,-0.0861182042430682,0.007326542670826461,0.008901521079205778,0.04817637470950284,-0.0007762176091889178,0.01672937576376896,0.0011564729806546653,0.041879259747282994,-0.0035246464085093776,0.02355215260183857,0.018127133060047165,0.009079515420743919,0.0007689609208075168,-0.000598975687171895,-0.006323101091528515,0.0,-0.005100374186052782,0.06812754847222936,-0.003931806558021442,0.018751832438793886,-0.0836087530834142,0.07591067098558493,0.009293808396689395,score_roll3_mean,
CHN,0.18473354405924408,-0.018685225247009486,0.23203261101314268,0.021784122639072045,0.6937661147371175,0.10788549584148352,0.4016798975900145,0.016893313093721586,1.7262775381311126,-0.5924306786078591,0.38988717751901164,0.05262670948415196,-0.07434812811307213,-0.12412207099097407,-0.5365780130078792,-0.6088368295350582,-0.029756130939283608,0.627921155889812,0.33193294806647633,0.23487746162516276,0.38941861539540623,0.005959210474510843,0.1469482783226281,0.10087931181957385,0.022474240235792003,0.06713502214297354,0.06406634886409346,-0.002950769121379862,-0.004090975418248361,-0.010200393509398688,-0.003915214404224317,-0.00819255399743508,-0.015870449575848683,0.2347443772101623,0.018305225213244757,0.3285995002313358,0.08373265675426599,-0.004141912445971365,-0.007469290000254358,0.0013024678706866793,0.022122223084109036,0.12803672277587017,0.026351728779309733,0.010658602367957933,0.04134628031690902,-0.06615181774501758,0.0491592460363648,-0.02433513760493383,0.022430371926373528,0.06585300339279015,0.02888529512727296,0.03261995231962169,0.0013029542744426143,0.09460714496256026,0.058362537107166,-0.0015387420094691818,-0.003782847617788444,0.0009785724025129484,9.641918945472665e-05,-0.03630034156846858,-0.37843726579587217,9.271909743054657,0.00867829339057764,-0.0009686342479751398,-0.06511927972219848,0.0,0.0,0.03526964732685295,0.035973046147695635,-0.13540092444749877,0.016914688403335536,0.006550633065502635,0.0217578370247108,0.0006725689486089038,-0.012804174608526595,-0.02263923766616581,-0.02384670997682154,0.01591828783172516,-0.03939093352829085,-0.00010285803638421131,0.06182786642504842,0.0008663571078730301,-0.0005125612552937457,-0.002232649271487029,0.0,0.2893995056314886,-0.2254603645423428,0.012359979534858996,-0.002185060118754844,-0.026283332672143396,-0.015251540253090152,0.19292119647430675,score_roll3_mean,
CIV,-0.14904726396408033,-0.06334466692426625,-0.00729288538503017,0.005956027124208211,-0.10288147834134513,-0.012799196137405931,-0.179888035390003,-0.04742427872446054,-0.7094828187841331,-0.9027743370164671,-0.6303627179154371,-0.04295497649369207,-0.03901641549896596,0.11594313260657055,-0.07920427511748394,-0.26969498074334425,0.00791416937700283,-0.09204249183327232,-0.05168459588573521,-0.41841979927134765,-1.5789366221514043,-0.10824397427944862,-0.10883325301170638,-0.008417033030955113,0.003535077208180056,-0.014927091498507057,-0.014999005178516682,-0.009235642169488155,-0.002451643653102102,-0.013865210935510762,-0.015245435797124625,-0.002128269211574167,0.013540768762729482,-0.15916736735775097,0.010483126940474253,-0.08525143009745373,-0.012179769829334507,-0.003308407345414746,0.007935105935893475,-0.00028588364357877037,0.0033724198819636586,0.030650959144167152,0.0003666480400689059,-0.00959891178784112,-0.011925152237505026,0.005003706109655888,0.03229987448262508,0.0018410548730432845,-0.007326669710298716,0.023440071906118357,0.01729989947467569,-0.04848558794089091,-0.004909066312027862,-0.09941098751291952,-0.026537924724751236,-0.0022608565484477684,0.00864296020635647,-0.009117787064510526,-0.002593593785296137,-0.13782100126227573,-0.06069594497524767,-12.141166080012558,0.09212576759530744,-0.058295454702310304,0.010282832880224685,0.0,0.0,-0.039704874926401075,-0.013642561231536636,-0.08404208696616206,-0.11538145834190347,-0.014932852503010715,0.06067913598701722,0.025452570214127515,0.017282922888180417,-0.010203632958134413,-0.012844847368220464,0.0075860560303511616,-0.006227188680380105,0.005330117712093031,0.036404073146622175,0.0015545269623262773,-0.0004968776101103924,-0.0045172564988190415,0.0,-0.07232676427884983,-0.017570395184066917,0.017031237190258074,0.0025293885438356896,0.03486928312611444,-0.051731405627987656,-0.07996852473344172,score_roll3_mean,
CMR,-0.11927349572666479,-0.058370557141572264,-0.016887676199327142,-0.004912240050497881,-0.06018362627036662,-0.012737425860806204,0.16280558447695878,-0.0145456711881035,-0.7243685624322573,-1.012394508148408,-0.9950909533338026,-0.041915082544809044,-0.13435352113024673,0.014365678012507512,-0.16861820521430432,-0.6869784417929599,-0.10935081719440903,-0.08990968353127111,-0.048806704404969425,-0.3920948534293136,-1.4558774012668116,-0.07381539027132979,-0.13222889468542046,-0.012464942118544051,0.01614722830363363,-0.030928138028398656,-0.01927111089590952,-0.007776814578962818,-0.0020249017720034563,-0.016343937680948866,-0.010312111224857859,0.0013974505988573083,0.01737924810595913,-0.027043810871491245,0.0035157862205205575,-0.028925788259141286,-0.0012439448591526703,0.02650607431768212,0.007718438169728047,0.005008586442670975,0.008558345092981014,0.024086828859183763,0.0029393899412707867,0.006384785579000856,0.022229855959983235,0.06520932501688209,0.04112618076100023,0.033718958231856125,-0.00433103564101079,0.0172424339391519,0.02045352175766066,-0.03600322742003682,0.0007536715735032304,-0.10227659742166795,-0.023371158323669886,0.006022586256483132,0.0038686177473187576,-0.007157801598337863,0.0012839286527351204,-0.0855700743655477,-0.05605838775840386,-12.768132128088002,-0.02533704463996035,-0.013113678573745912,-0.0013999917172326972,0.0,0.0,-0.06202713220149683,-0.016223819004922743,-0.0008667821595482532,0.07566566786677864,0.009548342890464372,0.035335995703349755,-0.000499359549553809,-0.029929832090215686,-0.003538168853781143,-0.002038693069024907,0.005533497468195289,-0.016258711649151256,0.001471661746437085,-0.00906586353204571,0.0019240187410257193,-0.0006671637085183247,-0.004523387238190153,0.0,-0.0776298659780546,-0.0005710244595271129,-0.008874939543846262,0.0037045917754079095,0.03802098325929774,-0.010808595354703297,0.007500798722081013,score_roll3_mean,
COD,-0.03205707000236169,-0.10844679552941403,-0.030353346523536065,-0.04781640882614984,-0.1190576339481486,-0.014979928069957711,-0.024385677160320293,-0.02411129908684143,-0.7012912215389144,-1.2398030714776132,-1.1086340056665258,-0.04333832421474592,-0.3302172112167919,-0.20587404954004845,-0.24920700273970467,-0.9088417817041892,-0.11179644910425159,-0.06301084945580236,-0.037834020294040795,-0.3845887784777669,-2.0539005289995997,-0.06922006418840987,-0.1114894689968169,-0.005152588366129068,-0.022784714592366084,-0.02222287156805766,-0.020016792168475437,-0.004561456658202537,-0.0024716272189677533,-0.025976977996345636,-0.02929500120842895,0.009165035552951385,-0.002193517910289408,-0.07112669551895524,-0.010879567352995683,-0.044118118030640384,-0.00758007178149247,-0.0026227758662857557,0.006414266073404103,0.003548358643861872,0.008625194958215269,0.008858238956160119,0.0013152910254620512,0.009771262186275591,0.05805121950597618,0.039702019603977824,0.024882560041204545,0.018601779785088077,0.0006077451460697669,0.03271770333794921,0.03107462168654278,-0.04308172173580584,-0.003999848038786993,-0.10486172744430994,-0.021228682680699388,-0.15063788328541647,0.005306175017176337,-0.005956384676231866,-9.260502046895669e-05,-0.26801851190574466,-0.041063430451962556,-16.52717507722503,-0.017227070413690503,-0.026451718048677166,-0.007319937369500442,0.0,0.0,-0.04027680751703512,-0.015339916670745982,-0.007985443896739412,-0.07881327804059335,-0.008228933418982452,-0.04193821224856413,-0.001488185223562785,0.011349729937029958,-0.0009150325273854498,0.005752972312173882,-0.007743319128415968,-0.0035959960185114213,0.0024371518719192215,-0.003761950483962965,0.0016751929273835053,-0.0006239651918354514,-0.004436289919130403,0.0,-0.0732253877286861,-0.009721847456805993,-0.011557448072051781,0.0007159264668005745,-0.03442501884633601,-0.02840369393942197,-0.07764040096241057,score_roll3_mean,
COG,-0.10850607870504961,-0.054156880116968314,-0.03796626320121603,-0.0007822390685320156,-0.1027669711985237,-0.013994090201374772,-0.08356473433669351,-0.0017699927919932312,-0.7195216199041016,-1.1586799973369226,-1.1801532497206555,-0.04102602753293213,-0.24927158769618912,-0.1318287171209574,-0.18691593308245522,-0.39786369799929394,-0.07096862837580882,-0.09860465801608953,-0.03478002864742417,-0.4131312653139964,-1.1526037010648127,-0.07347703707577159,-0.14943068526418266,-0.014069386095759034,-0.009363014667827881,-0.02774818095809419,-0.023377895620504043,-0.002744132423639316,-0.002482801070625239,-0.0128927850355208,-0.03076725287090494,0.0009275461018652446,0.01853404107890963,-0.04762585980795922,-0.014099747390638772,-0.06262865355626313,-0.0028967275218542824,0.0260827790931808,0.006955854814338911,0.0020942431056760187,0.013250725078885852,0.00560872914372092,-0.020562539351767505,0.006285266088805406,0.04111443389418398,0.01825597734650211,0.03452014977022889,0.03526031179805267,-0.0020707076260743137,0.029324789643994268,0.022522928509238326,-0.038060471403253554,-0.0012866253151005036,-0.10334264112570382,-0.014341666057097507,-0.033075939478042576,0.004475003616707322,-0.0064888851443318084,0.0005880927299411884,-0.1466890287217643,-0.07064684053146925,-13.71994670666126,-0.013147741251065968,-0.017318655724329262,-0.008815837651476827,0.0,0.0,-0.024414202434428184,-0.0166293647452937,-0.043211970447417064,-0.1448455396798556,0.004887855977579258,-0.12310347606498542,0.00011163556938576167,-0.044943085398335025,-0.02975624808413265,-0.008649528633064237,0.001409338710698028,-0.02223845618903074,0.00438823641821646,-0.0346848431932439,0.0018680720843310434,-0.0005709654471854246,-0.006789794535495354,0.0,-0.0021055220522758146,-0.016140641541452463,-0.030420831078647098,-0.0016131279199483783,-0.025859373853666465,0.030898168888478014,-0.06299706283201031,score_roll3_mean,
COL,-0.18162238369431055,-0.008400891691912904,-0.006731584765245251,0.012373607463494883,0.07295303889801565,-0.012912396520252379,0.10589633172992258,0.01975778377346701,0.34606032556281596,0.15681007594491767,0.5902739212252703,-0.03600017716865767,0.14685102281251203,0.10052713306050842,0.05397685391376003,0.19108416306370926,0.009636041372382805,-0.0314817968629051,0.0026030770239934176,0.38613335478497013,0.40914449788366125,0.0447156615844731,0.21093668245996575,-0.022029671987053755,0.008565136849284932,0.02993360321306829,0.017159872019228833,0.000981266443474007,-0.0021780506087079664,-0.009818488241301345,0.006484700172163832,-0.003330614989145261,0.014284929822741023,0.046056876354170745,0.006134660786159493,-0.01980174573399998,0.007820762998709055,0.007823362467416044,0.006187658356448852,-0.0021541809947363123,0.006429260749144378,0.08264344333487016,0.010564591633394429,-0.02298723979506066,-0.0244025448066927,-0.027685427508770708,0.0482385833412383,0.022393642230172435,0.0013386121205142365,0.008891167823537667,-0.0004945723301327135,-0.0062811218041953784,0.0108996621282019,0.0878833680735205,0.06741337565796156,-0.0007219355589672519,-0.0027881874778898975,0.0023608920441271085,0.0005459891175449236,0.006360736751947637,-0.30988408407134743,2.1392503259154965,-0.014673193908124906,-0.06525757190622143,0.0011646714337070524,0.0,0.0,-0.0027489775548900815,-0.00429974851405535,-0.03003335524989688,0.0332104025783412,0.003036174314150121,0.022861760832351266,0.007742844612518051,0.006763576389154289,-0.00025041851518774183,-0.0014104695335826337,0.008010241305741444,0.02234472365258906,0.003566816876368437,0.00885845284287173,0.0008245841910121489,-0.0004968776101103924,-0.006349898834429069,0.0,0.00885099541850988,0.05880433199721457,0.00924388167228845,0.0002568118444111702,0.03579949775305659,-0.028811885168808313,-0.01333957227045015,score_roll3_mean,
COM,-0.14513263073784227,-0.03764215788133465,-0.05137753375376868,-0.009995354832376823,-0.10075709246487158,-0.014558402988967835,-0.25178853821891606,-0.009087131808119531,-0.7158360251029845,-1.075355051207574,-0.9508651098931339,-0.0548468613918281,-0.11680285227833523,-0.10818762679289522,0.06717753725398029,0.3286519908559479,0.09721307527259558,-0.0217269184441144,-0.03298035003732945,-0.38031993371348116,-1.6614080646678548,-0.10479552957225494,-0.08860954670068373,-0.016293107001845483,-0.022799478350030572,-0.013213449283154554,-0.01960594179314223,-0.00537708019653412,-0.002468464865579957,-0.0005257395966314663,-0.024780199262725046,0.0001537777996256656,0.019090392543436654,-0.04466211532340375,0.0032170702728537806,-0.08509535284876384,-0.004971400425651696,0.006861852448004906,-0.0006667715267794356,-0.004335445264312732,-0.001950197365489329,0.017348948062023133,-0.002750398939876943,0.009545541624009272,0.00703329672282825,0.022343722417139854,0.03620615308639387,0.016179104008536872,-0.005758897235499411,0.023350911399606877,0.016044314500204687,-0.026738508977121826,-0.001694360206311411,-0.09234770112796437,-0.00828278868214408,0.029851178817078376,0.004942841247629007,-0.010136138583241746,-0.0028916003777593336,-0.02724520161318587,-0.050573450981913855,-11.41459575626829,0.003638952557576537,-0.051108904919784634,-0.019056892639227482,0.0,0.0,-0.029510571296095064,-0.016895907648011525,0.023104881707903178,-0.1185340513628818,-0.028113202330292214,-0.14464033583013788,-0.002002007524248647,-0.06396445958471891,-0.01265202484589876,-0.0033025172294835984,-0.02051652683754005,-0.015666597878137442,-0.014840437377125124,-0.007741715088107012,0.0016872652801622698,-0.0007868286285413629,-0.004083131747593081,0.0,-0.07415270071660517,-0.01844538138791724,-0.005792312522023657,0.017352468907799637,-0.05172556856893683,-0.003713095306639898,-0.14895763067982162,score_roll3_mean,
CPV,-0.29495606173715533,-0.011719192492182203,-0.0075739475202003005,0.00482265417292232,-0.10477094389084946,-0.0029238342748600273,-0.13566038913517572,-0.026277208347756577,-0.44263137326688395,1.6003680498084156,0.5180402942175,0.07665718561294291,0.029835289061859217,0.10726998086047944,0.07253117214412154,0.5857658148488407,0.04771631774421912,-0.101238251256644,-0.042170622152292295,-0.48694395651043487,-0.16851390392312976,-0.2061683504417662,-0.23976981250838578,-0.01410374336808971,0.011588633913429063,-0.00891871602526301,-0.006338847186972253,-0.010171421716318896,-0.0025927045696691386,0.0025523464640700992,0.01385594167251774,-0.0024301341007663194,0.021646222235968633,-0.028547514559227608,-0.0008890663766871022,-0.06942679122732313,-0.016258076043209557,0.010299974270618644,0.0038931096257818322,-0.013030825684823616,-0.009623158902213151,-0.012889210448571203,-0.013271601517272072,-0.023207717571114596,-0.020427976853635666,-0.03998320519070268,-0.010278440579395054,-0.023638684633296728,0.026400406063759665,-0.014164671479252253,-0.009013897224467328,0.021927418484831845,0.007818154243355609,0.026063432367273567,-0.005217773405510364,0.0026048051111142926,0.0018131766352187794,0.00227188479572748,0.010765656179535748,0.005276763589876899,-0.15421921164538255,-2.067120005347742,0.004346894302491859,-0.09966105858646443,0.0006401677774271547,0.0,0.0,0.003309409299996705,-0.00683412830161356,-0.0015423196916089068,-0.08855794592742533,0.0013583966786511778,0.039294285893428274,-0.0010635429070979282,0.028600358989343794,-0.002485012542618068,0.008352902546234607,0.04378521543042488,0.01934694419359489,0.00011193133472979484,-0.016010978793141104,0.0011114470717489037,-0.0004927539687771767,-0.006404695003499428,0.0,-0.06941620691345554,-0.03291240000222226,0.026164582952776204,0.004811375930658764,-0.07135171008378707,-0.024883183169792926,-0.0039758364074856615,score_roll3_mean,
CRI,0.2195481502759509,0.013718301009678082,-0.007980947103487582,0.023536804402407126,-0.04783828064076326,0.03508340937647196,0.04100009021137738,0.01507423172085597,-0.42918545542219383,0.742351855330612,1.543929032784429,0.02710682016896957,0.077800895664671,0.1249528776777899,0.07921388273544705,0.39537234538605887,0.03294228505974695,-0.09369920724791041,-0.04442505658580135,0.5569582484611835,0.528357897462759,0.05786328499454032,0.202751476188658,-0.017688337640209023,0.010901893458949223,-0.012786493162559172,-0.007389239366839079,-0.0064006132135494085,-0.0023525370145548096,0.004898922473333046,0.015929456436608595,-0.004184636940804254,-0.008747114552526893,-0.034358114921430274,-0.002037688753088774,-0.03768715628818701,-0.002641624141103116,-0.02322795883841441,-0.013489311338321597,-0.00571519369099088,-0.008391661271718946,0.02290105768410398,0.0010057837331052455,-0.030124728498616013,-0.03599637605274898,-0.054427265636629335,-0.026804599148612218,-0.025896092014902727,0.012911389145965244,-0.006557305880557035,-0.014760963119696584,0.032027392059140215,-0.00040864764900271506,0.06487265165101377,0.05314053838764674,-0.002401757748104162,-0.006004077975563422,0.0018481027600235616,0.0008748614834873692,0.020093432061972557,-0.21489618338887742,4.791521639575256,-0.014563555618806916,-0.05451850828454183,0.006230629623296702,0.0,0.0,0.004097196780527809,0.008596677670743562,-0.06231059467335675,0.007000045905374923,0.033216008394474264,0.03595742825854037,-0.0012241304364958307,0.017794874118299327,-0.03208116127022397,0.022804867226842475,0.009232454856238933,0.01993613461922068,0.0020554859913795615,0.022103182401261,0.0007762914507658155,-0.000695833262895547,-0.006323663427094918,0.0,0.007835779078298688,-0.009454453811540078,-0.00399983533952044,-0.0031459879572454715,-0.02723981084145314,0.0066217827694419465,-0.011932870930053322,score_roll3_mean,
CUB,0.0988407882506792,-0.029033060193061965,-0.0021846340495903756,-0.02700956272561046,-0.06964695223542272,0.007617811375610934,0.10133698058699922,-0.008757237158322361,-0.869076772588466,-1.1954891137995087,0.13758748024136444,-0.06321805972574783,-0.7290676445737472,-0.15023314008168548,-0.3272916074543217,-1.6822567147479643,-0.08884558194160755,-0.007581284050843453,-0.012904140916605557,0.7718365329614093,0.9348240984277045,0.04021763262949635,0.16766562500507323,-0.027465121246371686,0.038796933271812495,0.0441948313604302,0.032792097105233925,-0.0138952117840705,-0.0024568933040939205,-0.016374969900816876,0.007477915970504798,-0.007719829140054015,-0.017525565064927903,0.015672433824416982,0.008112508034649933,-0.010782654519284254,0.045327800729048115,-0.013019315478358266,-0.0037798840628768503,0.008264684189028879,0.023192404064763,0.010505487128656985,-0.0008967756191303342,0.00835004528947514,0.030472059634598408,-0.05056792176006073,0.006288023587242568,0.04772599091135131,-0.007893852207278947,0.05749379815708086,0.032268813168600224,0.0026287091818050666,0.0006342613166159058,0.08350907044040518,0.14707675808928203,-0.0019098049033311726,-0.024260441038474106,-0.0014542505290851423,-0.04334559323975628,0.017118027186547632,-0.008221512699298252,-6.854967563659357,-0.012588127522643653,-0.05801709458805684,-0.0008411298107779823,0.0,0.0,0.09241507379066392,-0.00834808808100596,-0.015485493655560949,-0.008078721043500804,-0.006559550715742937,-0.010829255495066345,-0.0028022928305999027,-0.0030014571863522573,-0.0012146415685622108,-0.041495118343469306,0.028677783969168057,0.04260442965699226,0.00697731859420619,-0.029622992046096478,0.0012766324257224074,-0.0005709427413129128,-0.003094480193463633,0.0,-0.05862656270982337,-0.012122039761025443,-0.02213167319396525,-0.009344891453251175,-0.026845161323352622,-0.09470905564829979,0.01881819893960636,score_roll3_mean,
CYP,0.07775944206583063,0.04076755242007074,-0.029906796421877085,-0.015560679805034491,0.02903128368546494,0.07187129434647044,0.027461382300717506,0.009563893924274574,1.1874772859628384,3.179802522468983,1.414232772828886,0.0803539853067747,0.1338270155953736,0.09104106631996389,0.1250713365130745,0.3342304338689045,0.03263681349202004,-0.12697871457085055,-0.0016740122367591545,0.727187038428173,0.8986606438750985,0.06631859257354768,0.18856376210064876,-0.019708099627300194,0.007882544079474694,-0.007907807550277052,-0.007176747419145839,-0.0043184599796597875,-0.0021758372066037327,0.015584937234662638,0.03413568360465184,-0.004975883049974964,-0.00966790331739938,-0.005370531263045855,0.0015163562510594653,-0.03687353909924685,-0.013252822709754435,-0.005146303503605229,-0.006383380119133894,-0.0025163213669047776,-0.014938791199207359,-0.045185830982918215,-0.01542259102237963,-0.015957121390625474,-0.026045128198662625,-0.06098601878355457,-0.052166335821905496,-0.025127492406598576,0.020215046353445187,-0.036990479257904434,-0.01837637507076471,-0.015597487354974682,0.018824435603091393,0.1668971386758022,0.04619726441264725,-0.006206436853031635,-0.007265554358257989,0.0009216594278051334,0.003150537764915455,0.32359221839482766,0.058760542874379526,7.240107332422632,-0.017565942971020418,-0.054947892476808716,0.008650447596907918,0.0,0.0,-0.008842216534655492,0.0006535302381754649,-0.06242432927803268,0.004219466622186406,-0.2655020235535133,0.017834470826262168,-0.0007272349251740482,0.01585088285698497,-0.005050149099067085,-0.028586228525885448,-0.006080405544658789,-0.24547823767720445,0.0022750392816696624,-0.01896293860024216,0.0006420347012333771,-0.0005609718783116909,-0.0063462894144550195,0.0,0.2699541907913702,-0.013360995739810349,-0.001245755342313806,0.004716693241009063,-0.1347916642379867,0.059685059885170526,-0.027509948390481775,score_roll3_mean,
CZE,0.24836404561461184,0.017233400868820872,0.08736504492858742,-0.013114092603557807,0.1882628057692671,0.03331554570678099,0.12834935323025382,0.018161083934155192,1.1463773904981454,3.262143744561613,1.0070281014707272,0.02096455266355205,0.10976288607868737,0.12129307523661095,0.11862365176792988,0.2848889420116008,0.03286671026280566,0.03447321560899214,0.03158406627082183,0.7719496005503531,0.9235777974006794,0.10022910539651676,0.17541867696629698,0.022570688588319857,0.012081136100024092,0.013501049068147647,0.01837037537131494,-0.006255825156004972,0.005629694092513893,-0.003046183030566094,0.022728571073060297,0.0018535176326170888,-0.049525703940848056,0.07451590861550306,0.0023209967911081704,0.14355240683428694,0.007184135405138379,0.004147771338366526,-0.005901271321067663,-0.0010136648416662853,-0.008083240088670968,-0.007627760282679755,-0.03224056327852035,-0.02316899174469289,-0.03202485298878901,-0.0350873590805686,-0.016984596281457244,-0.010122473804096664,0.017405527476392953,-0.046613343497002864,-0.004863412050832931,0.02116096420874651,0.009679821984938391,0.1715838162355615,0.044098901068617795,-0.009653493625517344,-0.009300159771697493,0.0014992495143317092,0.006182871832353253,0.05717597714897648,0.05582418599464483,11.264014698718501,-0.034728801726220546,-0.07091799975456947,-0.004325251958117145,0.0,0.0,-0.12485705242886799,0.009933044042287302,-0.03912388892961066,-0.007033943397876314,0.0058177665445506635,0.03325983562866159,-0.0009924277334361297,0.017479849245624252,0.0030124335826983923,0.007912613463632943,0.0049218631003591865,0.03422286115008652,0.00046910204727303975,0.017304680004089218,0.0007382158278028833,-0.000587451020729426,-0.0063242257626613205,0.0,0.2999463098046505,-0.002281145003010565,-0.004130411998729664,0.002011635405522022,0.09701954886908463,0.014901731099035477,-0.016810547998901543,score_roll3_mean,
DEU,0.1512802015217537,0.05667704652311682,0.11005547436608225,0.052631485649359246,0.4894878722801497,0.07393204467765097,0.3261909077176292,0.016286822651884688,2.2375353161852245,4.048133527710317,1.8496150909593276,0.1305464345060474,0.1857203725646591,0.13313300206804973,0.12110903122771477,0.2588209928454351,0.042654901353897365,0.7115212636761538,0.7675052137260424,1.0093269841500876,0.8977680995643379,0.09992649867996989,0.1866479539757346,0.09110005106818055,0.016283858049936227,0.09921831914884757,0.03197941904740591,0.008015078710625513,0.037686784839341604,-0.011594367648896884,0.03390353168604029,0.040868694509840056,-0.06606175157388225,0.1365430796133465,-0.03366030965093627,0.6937545148080614,0.009053858869289791,0.01096516020869203,0.04456800792008729,-0.0003532724430005553,-0.013311623007116741,0.014244680595208541,0.016228075429871983,-0.02580401595392209,-0.039133372110746495,-0.038394293803423026,-0.045880909838359074,-0.07194422467476108,0.027145579756487487,-0.043742313745356524,-0.023734905096204052,-0.039441667197640654,0.007747381008158332,0.16570944542924346,0.043659567861863646,0.0004435169427250099,-0.011740696072350544,0.0014814822073788204,0.005912735858516335,0.13941571751554677,0.06256431964300797,22.011733379397228,-0.013410708879347392,-0.022444229241926777,0.03383542729318847,0.0,0.0,0.08648113583095,0.03462641402750925,0.20129610748848767,0.09688284290385024,0.007707892650696241,0.021113854220736708,-0.0006664322580589347,0.02228910212307657,0.02109630371571403,0.04785814818313619,0.008172605935616379,0.13003341980162586,-0.001893967614317433,0.03248928442877594,0.00048602391728657437,-0.0003022314161408952,-0.0029337803626349906,0.0,0.27248783215351946,0.01704799264286191,0.037547609509173324,0.007999262867906741,0.14530900390050447,0.0758419445365405,-0.009278810492943799,score_roll3_mean,
DJI,-0.14368771375442269,-0.05636422191769614,-0.060629074486708505,0.020370064360773172,-0.11131511705189691,-0.014614530153801056,-0.22592254076048743,-0.025539802356065792,-0.6958915779258887,-0.6718166814876906,-0.4372136132104796,-0.05274214700759514,-0.17518639550947984,0.10064349667379452,-0.08636295705097796,-0.18371349782085936,-0.10892367899537315,0.016464645768148836,-0.04558120334608092,-0.37631255375829753,-1.5427594174389805,-0.09173326604708407,-0.12728383391265743,-0.02203415839868501,-0.026711671735043633,-0.0066774222410444,-0.017994857169839035,-0.003195741128426972,-0.0024854762854328773,-0.008930517813058932,-0.020134394534908628,-0.0009223444417264863,0.01854350971338103,-0.033835475902896164,-0.006254669945297179,-0.06073489102701957,-0.017309518931458923,0.009222336333592034,0.007996221677019128,0.002790127245392468,0.00996076835974186,0.029132266666166355,-0.030486406532401464,-0.019290839375139965,-0.027098059898833137,-0.014057513514302867,0.040824540453581276,0.03852398291421319,-0.005837348989540687,0.023731939716129493,0.012536237358064018,-0.02357466778288502,-0.005022029375224534,-0.11309587376056328,-0.012399482005162244,0.006278153480177509,0.00536571980378376,-0.007913810210194128,-0.0024773523762840017,-0.03052848269541565,-0.06703790270411802,-10.576501739895427,0.020565798732429072,-0.045341316604057935,0.02109588196741989,0.0,0.0,-0.03704696218342018,-0.014310602374309473,-0.051137022694569156,-0.018630616484809227,-0.005196197204093942,-0.070119445018232,-0.0023354892192527232,0.005771295840595627,-0.039952364014027936,0.01653560773710314,-0.012695128247033314,0.0443560933863252,-0.02082776159466434,-0.01339305708002225,0.0015162600444413254,-0.0006164030861013907,-0.0035354627114214275,0.0,-0.07882370765375822,-0.02119058024151537,-0.007080702977400929,0.021983028381199893,-0.04334064992676178,-0.0018819418072996794,-0.005096545966450964,score_roll3_mean,
DMA,-0.15499497340662916,0.04427535744099624,-0.010882434730555163,-0.007741552040047526,-0.08957342924832046,-0.005793087677668905,-0.14996465919114155,0.016915887548890257,-0.3902670635734287,1.2938902270317336,1.3870052648017843,0.19679780113972276,0.08220466997361407,0.10861540857154657,0.07646753328390936,0.4902682644671047,0.15868840371992793,-0.10938228501581336,-0.018846888325187744,0.4033054558549183,-0.9234461756944647,-0.526289196828779,-0.2483858227095754,-0.017124012480823597,0.023609321126882216,-0.011811953071510324,-0.009145216526357622,0.0008230367692912111,-0.002429487784548629,0.006773563207656668,0.05599153916492603,-0.0037758431900349037,0.026826164963261307,-0.015707353232113377,0.0007972396100866218,-0.10320781257654027,-0.01828394842079588,0.00496660868541239,0.0003303761121716438,-0.009714633450288205,-0.009106418646123866,0.08432566834131187,0.014263639052653123,-0.018817072458255313,-0.03309592255674526,-0.05094589219490543,-0.03413447546676973,-0.10032427193831818,0.07275010430363744,0.00017332232878236435,-0.006948280931246796,0.052451447921253454,0.012764190671050024,0.0019698276968874804,0.053646483225020455,0.006758426495409199,0.0014213427747671763,0.0010009785030393407,0.0034408922297286064,0.060489838352027446,-0.1383370882220101,-1.5662294074026857,0.07120735575380766,-0.14293292839620225,0.029279233028684314,0.0,0.0,-0.04669057698729918,-0.009909204318579237,-0.07910554543795875,-0.09551773502804022,0.097939465543943,0.026465708474401134,-0.0010089138804355057,0.02078401410508634,0.006994101148151605,-0.012985999907986245,0.004449149017822158,0.015478043751437102,-0.00013748900192540992,-0.03192480460640944,0.000882457374678529,-0.0007710992590838262,-0.006305525697255865,0.0,-0.046146133691766775,0.009078538023662274,0.018512004142381418,0.005358309212781358,0.002956729687700029,0.006969427619501681,-0.09049333649181383,score_roll3_mean,
DNK,0.14094008268044625,0.10438615147216819,0.11260979351771365,-0.0014972519365648923,0.1359408452037948,0.022531353939727175,0.11514990296055932,0.011449833530645458,2.052370471845987,4.115661985922356,1.9918768004762262,0.16412972980691978,0.25523069629460776,0.1302002575641224,0.12397623272427427,0.27622610107602735,0.027981929866640762,0.15592707617240115,-0.01375361763864956,1.034931864271347,0.9362852692794702,0.10517043590467212,0.17289260384504004,0.018208515070024477,0.016146113228063894,0.01984588843149409,0.02522217760822249,-0.01994814236626884,-0.017127547828409983,-0.0060284097673602155,0.046448341636389404,0.003120790051050962,-0.10843925443236717,0.05641680578977279,0.005913778686062494,-0.037812726112962075,-0.026019828356776215,0.01633898498184906,7.49548038332415e-05,-0.003280175562514843,-0.007017986465702279,-0.008440889479823601,-0.01585892921856076,-0.015572774895487149,-0.04524066107955733,-0.012717331721958079,-0.20570284553643195,-0.09405278121910879,0.027317007731850734,-0.04758611047305497,-0.03121799268890217,-0.007173249720761259,0.011349316147867796,0.1655855641671848,0.0432101819836624,-0.003333581263293407,0.003349486009564586,0.0015233600605171786,0.0055837806415592675,0.07016850905814383,0.06667175067819801,16.446571783104105,-0.03429480476302983,-0.03216725487297786,0.005776410770687408,0.0,0.0,0.05725601536381195,0.02074737667251507,0.05327859092179314,-0.03559199598832707,0.008010878252412375,0.019694453437009696,-0.0008222752649730311,0.014007937917467342,0.01379356400156215,0.0025958935903317034,-0.008578786588073057,0.043963895060065275,0.004295517626955101,-0.004276438957196839,0.0004231955441994343,-0.00048019802800797624,-0.003758039262129702,0.0,0.29998590170523354,0.026256455949312207,-0.0046035738249339455,0.00021851494121322645,0.09318321421228294,0.07762825905445378,0.0001381100580964062,score_roll3_mean,
DOM,-0.18438866978814872,0.008367817132093582,0.035427551139731214,0.010611959239424054,-0.1078773720408347,-0.011433305173833286,-0.08168421516037555,0.004018779983747354,-0.46826896617865144,-0.25776795425162224,-0.7115648689061989,-0.04349141686360494,-0.011865438549295115,0.0700366878796104,0.07316059341212591,0.4401562985578492,0.04743664482508407,-0.09539722128932089,-0.04258650972320348,0.036057472338248873,-0.15445430547694372,-0.03690513629422822,0.18942070722099,-0.018209513275796726,0.020043434895922002,-0.009814447369406282,-0.007807226823068023,-0.007566476065146919,-0.0023837265945449767,-0.0002395215673213036,0.03387941151973247,-0.0010596306451673533,0.008870327610240881,-0.036678804821245296,-0.017000283314538577,-0.038478983476202204,-0.008627720572981001,0.002745008263766116,0.0007342755364255591,-0.009663596755068119,-0.0073450684463212046,0.021888549017754583,0.009432758677487612,-0.021022203163800605,-0.028360816415108764,-0.010419396266626534,0.03636167634510481,0.022713130607854688,-0.010027714170528404,0.024315404416004483,0.020238415480725355,0.008545109758397083,0.004052660864416463,0.04491023467934434,0.009124678450785646,0.002693846127198299,-0.005335309520760555,0.002000635995414315,-0.0007894319799028251,0.02386740750709385,-0.05939182432754737,-3.9726199437105447,-0.028696230934229985,-0.06977911766858562,0.0016054809969209944,0.0,0.0,-0.003035976344627128,-0.0116330902722584,-0.00024667477406972683,-0.1298053521147047,-0.0018157596904018359,-0.043106292245440186,-0.002238498247903081,-0.014373238881915827,-0.02390628416227353,-0.027372372282346714,0.010967827170587328,-0.003099215421140595,-0.006380476901404419,0.015153378444296475,0.001466076184294971,-0.0006959215589370433,-0.006410159303325603,0.0,-0.05111297909297347,0.006436449095526931,-0.012810438189457936,-0.0010647457639927148,0.030368484508644773,-0.018874597683670724,0.0009109282132282299,score_roll3_mean,
DZA,-0.08939921909076091,-0.04229757520749325,-0.018840344691176673,0.008929047892984517,0.3035583123854272,0.01465052508797546,0.1486708765892911,-0.007026880471119129,-0.4165420050936952,-0.7313419497254682,-0.23257632192347433,-0.0427296419082224,0.08528050402235657,-0.0413199839782596,-0.5164476561822707,-0.12673702500822748,0.0014076632476048246,-0.051765656583185625,-0.008911354503340706,0.3712150282710686,-0.28321905131869984,-0.015276101400629894,0.3073768029732861,-0.020693231468635723,0.003095197852201766,0.04767297964563449,0.02910931885635605,0.0006093526278025145,-0.002017332761345685,-0.011456461422521593,0.009989293215122345,-0.0010398079999856898,0.011460361813734695,0.05340462119906803,0.011011540561868314,-0.0007554028558297864,0.057971745020305866,0.006427544737195125,0.008584219768470711,-0.008909046992290648,0.023976861089136544,0.01964648369882265,0.0029063426366860105,-0.007316686741812867,0.007054119175184729,-0.014916146644742863,0.00037619904318345705,0.016203286293425014,-0.004425504768780638,0.047087301636138675,0.04237981212188022,0.0373555975517689,0.0006100420344612739,0.026328881850091114,0.06692061042909306,7.61082100019167e-05,-0.0070695906131296475,0.007012848886451679,-0.0013134453382054475,0.005921276165194479,-0.09129946476993117,-2.876109590077948,-0.0022943209279568913,-0.017872535905559664,-0.0015925083103098209,0.0,0.0,0.06525406309222839,-0.005133597303000008,0.012677565795094293,0.116445246491246,0.00027772427903894264,0.020568979073116136,-0.001598126938673848,0.005705387496590998,-0.015995063757428436,-0.003721013000749624,-0.030711514723342267,-0.0045323040478260045,-0.010414887708707007,-0.018218052665144754,0.0013339378967736249,-0.0006958598178822484,-0.006388855205950591,0.0,0.3581100656000244,-0.008242778050358716,-0.0199057204783505,0.008529208938585416,-8.377608553982855e-05,0.043043691653426225,0.0005415558687932798,score_roll3_mean,
ECU,-0.07229060744386097,-0.016470187849149585,-0.022156488896433277,0.0054774369151224375,-0.019714795751286523,-0.00010542400053183688,0.05365883995782302,0.014002102052898209,-0.3733173523870974,-0.7534654498936443,-0.7089492243007877,-0.04943814186736233,-0.04781894775549942,-0.02072118757991767,0.0461124734988744,0.2920727656026997,0.06806400336032217,-0.09422149860496479,-0.046137341065469496,0.38162819537244064,0.7497609534885246,0.022012188886921982,0.21056497548166547,-0.02103331696277726,0.0016298932036531103,-0.01417491708848675,-0.009843976168503198,-0.011927688067574436,-0.0020592304876780486,-0.003746072133367453,-0.00018273142503452884,-0.002588620249247383,0.002340326867204936,-0.008462137983343216,0.000654094994449288,-0.027054458912599434,-0.0075459413686306395,0.010679849500430834,0.0036967905254088255,-0.02378237024290268,-0.0006821598992205668,0.033228823744448646,-0.002159168595552811,-0.003693683700830018,0.026439540793265173,-0.0022669409229755222,0.050653247210777505,0.029734810904123346,-0.00760434402361982,0.04019444166323919,0.026014820197541467,-0.0003750569570199844,-0.0036985619582929593,0.02365290757651263,0.07688068524059843,0.0015606096326506059,-0.010318051675515773,0.0013905141128420745,-0.00040566252426006715,0.019804580049269698,-0.08572355090351193,-3.028431336943555,-0.0200107865316778,-0.12884745074463133,-0.007989033318495192,0.0,0.0,0.01913148649616302,0.036457039074246335,-0.06823470994011639,0.08622235788336179,-0.010070877404246916,0.019580999711757287,-0.0024568352275297356,-0.007318724902239099,-0.001965756841288449,-0.008744201627131933,0.013055959179824021,0.01755712027250192,-0.012287431370798043,0.008617877958385346,0.0011609260698618158,-0.0004967541280008023,-0.006370346963161097,0.0,0.007395737693175775,-0.01191945676216038,-0.007664349176477868,-0.0022424557711805113,-0.06535973659557143,-0.02416408648360237,0.10817002800919388,score_roll3_mean,
EGY,-0.024823982913608593,-0.031844215080023816,0.17549269580334775,0.00024725595418110006,0.3264856475136405,0.04537206104082105,0.2219979121691058,-0.017970079121388448,0.383845668035077,-0.41600749748095517,-0.19547011714076298,-0.0314034255278922,-0.04124668598580743,0.05005404392030164,-0.1733484143415624,-0.2301453163117023,-0.03140030770102116,-0.05128408565603738,-0.009940384296033982,-0.3060475895568606,-0.24351086048557233,-0.08006372638479119,0.10997706586389448,-0.030172504272677057,0.026783837683887864,0.042632384674559126,0.020966562166250098,-0.0038972030377167786,-0.002013764462675918,-0.015414079324436282,0.007258902250250834,-0.00012645097287689348,-0.016794592161868755,0.1590827828139597,0.01068478007774751,0.0620913098174938,0.024794777990201373,0.014625603047167526,0.0038709421475870576,-0.009886569122873891,0.024640078669089523,0.020359081043498987,0.007194567372776311,-0.014343952561455747,-0.02493343204808014,-0.009205098579237776,0.021113406221418805,-0.00023475966872601284,0.010813742828633946,0.027297289033166628,0.003859998069810046,0.023184126708447984,-0.00652252176065358,-0.12037474795285853,-0.006728181591288864,-0.0038856003750955908,-0.00014383421503926105,0.0017366406875465301,-0.0012747514960495202,0.001966745829788123,-0.16599136956554272,-2.2169230906128887,0.001299859119688906,-0.024386498411207262,0.0016848810558883654,0.0,0.0,-0.017110362955996605,0.012964373823098898,-0.025113460540604655,0.05705349592678652,-0.014843520211693136,-0.008984964617569976,-0.004327802451961851,-0.0655451716025708,-0.026678584693917495,0.0003186521306266374,-0.03646820386084244,-0.15266057814926762,-0.019884486793465203,0.002742441678006342,0.0013155584955823075,-0.0006862738677426755,-0.006311740980584236,0.0,0.010485949534016246,-0.030802579492117177,-0.01226773618863632,-0.0035283408226720477,0.02430024343631965,-0.007448224344086335,-0.05147179367814944,score_roll3_mean,
ERI,-0.1279091854828202,-0.13784294252865148,-0.041090840276395146,-0.05228342448848288,-0.12377183624192556,-0.017994816347845083,-0.18170460795310914,-0.06532649769298865,-0.7077581985413217,-1.1642889905854477,-1.0314996276983635,-0.05045233759297587,-0.6176780436095214,-0.2434269628739082,-0.2868305154162566,-1.9923724968190322,-0.1156387347705921,-0.09980144513453945,-0.05275990060010694,-0.35451485638689084,-1.0180696274913228,-0.063287188320052,-0.48867230641363835,-0.012324167228993528,-0.06705072069722927,-0.024338327872691367,-0.022117844285374475,-0.006806410404069576,-0.002465258466506251,-0.017452641872943903,-0.05730808195350082,0.0014549019569199812,0.004869299098962114,-0.11644074995981808,-0.0025928603763010717,-0.13714757142531103,-0.03146875337138397,-0.02384933008617751,0.006872486708016382,-0.0004943380728231905,0.013449028602626503,0.016191694021176525,0.0026399144545626056,0.01214899195460176,0.024768195311565693,0.037866488501853764,0.026523028103876734,0.03693148829906187,-0.004277414610123428,0.011412821858076284,0.022575870635776117,-0.06398663401590961,-0.01649684619049284,-0.10447036744203692,-0.013013185672407475,-0.31570534299746583,-0.01015708409458393,-0.00734453895036621,0.001269796511566706,-0.4015146457436113,-0.07154014887833468,-17.620301505639528,-0.04304723644667947,-0.004829820830109243,-0.014449439336681089,0.0,0.0,-0.06563552133534507,-0.020562071504090826,-0.0060982056437204205,-0.17791508122795688,-0.021012640871961072,-0.024650102456361022,-0.001318314633572694,0.005216907414126085,-0.08062633758159597,-0.019617868965885358,-0.05196465608702796,-0.04567382021057645,0.0025718693527920582,0.10318366222063682,0.001948173649617526,-0.000426127108589389,-0.004727032151661303,0.0,-0.05463594120176574,-0.009993782187244884,-0.030748866825988055,-0.026344564411848338,-0.04968739838228085,0.04424673019548462,0.0011518582052606765,score_roll3_mean,
ESP,0.24178218500145898,0.060322153808489626,0.15658700685411073,0.015603687665657038,0.44071493597697425,0.06964144616067648,0.16305464553458673,0.008542271166528516,2.0638436982681996,3.5806354916696064,1.5792353796989789,0.02603578996149885,0.12350871181746456,0.14422768583849988,0.12096466616127514,0.2966886897518,0.03618093210798905,0.7749674059238558,0.4117534902357107,1.032452524006725,0.9317198825010204,0.09827997844415506,0.19907912668350733,0.03609996361791577,0.01109248220433224,0.09014599194471415,0.031047592089411373,0.0036743954328473977,0.020913388688941104,0.006942988992763124,0.04023359787067573,-0.003108070841743893,-0.07978657409622482,0.04995365538916091,-0.049508894348806363,0.6793986879596364,-0.0021762293213977296,0.014763057711214231,0.015164402657590292,-0.0025613920917460487,-0.006384821493727238,0.020286970204104672,0.016694221339938718,-0.021130835993895692,-0.027646832102637475,-0.06213831206638556,-0.042564282406247614,-0.007460229662055757,0.021995401211474662,-0.05094103168857623,-0.007962571034038234,0.007367834086153514,0.008911067442674045,0.15966998262373167,0.04420906435779297,-0.0007108567937609739,0.04889339626271663,0.0015384709990280798,0.00573185969819549,0.19903696038692736,0.058041915333143984,18.714267077401356,-0.026920629483416364,-0.020686618627447403,0.027104774595399193,0.0,0.0,-0.05718352935892258,0.016356124722309497,0.15747824539170482,-0.08789148733708904,0.011946827911428955,0.025005239609658548,-0.0006074410107299823,0.0005908789966488805,0.020945355734685506,0.014766037555519626,-0.007781316601166869,0.045316186319007204,-0.0009829975611963266,0.006855301076137175,0.0006938254912202941,-0.00036487273252731563,-0.0036203942121581824,0.0,0.27658388856525634,0.024329959922147513,0.024752190524970654,0.015236279141011427,0.12674437289638238,0.08110801892561692,0.04025653172937583,score_roll3_mean,
EST,0.15238473916647155,0.07727132268215156,-0.003947792465586564,-0.009932239301137857,-0.0032590791728498627,0.05340322924686209,0.04445946623653732,0.026696802525864722,0.5047471008522872,3.3974717583434026,1.6837270895006748,0.2113797003773381,0.16674921250290814,0.13008260454544554,0.12598327860336409,0.3382746938597612,0.03256041431711044,-0.2510242093067843,-0.039184789105972256,0.40834404689821624,0.9161230513760736,0.09563664404130894,0.1935882787756945,-0.00022464686281736563,0.009958935714810446,-0.00892498287822955,-0.007047558437315626,-0.01784771282753147,-0.0022858419264702046,0.009371822976948729,0.027580109125288268,0.004369895022331673,-0.03741256494314721,0.015126938523158813,0.004255402183875242,-0.05654402673752404,-0.004840246669718321,0.008755487908476339,-0.008110452688318727,-0.0022428055792300863,-0.006747317308883159,-0.008613621670673071,-0.012092415939743107,-0.015532488393732396,-0.008027684589211681,-0.055063298115824104,-0.06317667854922314,-0.11140828681862207,0.031590741433432455,-0.03161872685127067,-0.015742120436485426,-0.0005850746574236765,0.019909333545997075,0.1628702482316124,0.0459480002839107,-0.007795514021566263,-0.000992770255505589,0.001888967156497846,0.004910866721695845,0.3251512615289748,0.05177189584126896,9.831537183155932,-0.019165232237478486,-0.07298942767330713,0.018347045238655213,0.0,0.0,0.004461103882775085,0.011143542281233692,-0.03231731329460448,0.0017856067199956793,0.007264102581812865,0.041443339752888546,-0.0008015405562900274,0.012758606471543102,0.0014918139114009981,0.025768882517674566,0.032783419659420304,0.03376173768573171,0.0032077189733324706,-0.020904915333749843,0.0005124363425962479,-0.000461127750588241,-0.006323663427094918,0.0,0.23768982794235988,0.04552154568942615,0.0037800875345052605,-0.005473676548737994,-0.14858664723509174,0.001002621885265024,-0.009723267843832185,score_roll3_mean,
ETH,-0.039499469488872986,-0.0729324768898435,-0.014573649564570518,-0.016418308439367393,-0.013805480354054678,-0.010560845699429233,0.15042707319558157,0.014905214421031624,-0.44464527926379305,-0.9442961817237914,-0.389858032941591,-0.031602453574358653,-0.05444406920138779,-0.07517846340203611,-0.07982039075040431,-0.3484223179051114,-0.0881829706399659,0.11381876121061904,0.05606082859942935,-0.36539646885712956,-0.8704557707942032,-0.07887055839144586,-0.2256047776856702,-0.016820519477461406,0.029991423458786456,0.18007222033570686,0.16011001253216142,0.0025656391461931494,0.005249484314637556,-0.02799960260971627,-0.026094848643760136,-0.0016009575862495592,0.0011306942861765738,0.026901243773049116,0.015589725165395639,-0.023313696439124475,0.021621658535187126,0.05529013361664653,0.00574630081604564,0.002240491930930992,0.015591775323571908,0.017170438085234052,0.006361794429176747,0.005738026804501888,0.025097822028587808,-0.0024182787818026684,0.03335648663395445,0.027523142987598108,-0.0011373083096446698,0.029440746342935493,0.029794206088459646,-0.004521479508987434,0.0008906845247098013,-0.11564621727206087,-0.01264962644382517,0.0008728186215942408,0.007445554647981268,-0.015467499542945408,0.0006660947431799463,-0.01957889184994236,-0.06350168603822846,-8.443815545748366,-0.010646909260326196,0.0030257757624444926,-0.0051472139055936585,0.0,0.0,0.00031931717756120153,-0.010297650426279321,-0.00782289159758586,0.18889909860426168,-0.013520774940860555,-0.017175030337107086,-0.0057562688350612685,0.019656215797492816,-0.028941720106252372,-0.0036807407761244282,0.007271464839686168,-0.007186338502472784,0.004979809626821739,-0.027184741618661093,0.0015731144001724143,-0.00048704469575163947,-0.005975649084217576,0.0,-0.0059027317306722445,0.020597635501147873,-0.006831176580023275,0.005196869655176565,-0.03953667531239288,0.004541424303478518,0.10367802745916173,score_roll3_mean,
FIN,0.17815030411268828,0.08095335312004712,-0.0025911466077808256,0.016639266569088075,0.16819960642354698,0.03949739460149033,0.08541433400631293,0.009609544084735177,2.1468331167884234,4.169960202967257,1.9539065564894043,0.14907650726954183,0.21318168133330492,0.1312552544606476,0.07885086880603212,0.3028957498251298,0.04022616768207501,-0.19420820034146014,0.0014017294007746984,1.0400920414545096,0.9516447196146278,0.09896005264511104,0.19415568024828475,-0.0256878012097454,-0.0007559864139348078,-0.008878627274493924,-0.048257369564734684,0.0004283127576991832,-0.004335156459010204,-0.01715171283833858,0.024172275644846572,0.0045892767418494115,-0.10368233479785907,0.05288564453292625,-0.0010736795488517031,0.011577496495396212,-0.019310596759164647,0.01454930025538383,-0.0028718317350100997,0.0018836804607072716,-0.007440933146238793,0.01949694864238566,0.005741433208295416,-0.016082430363450112,-0.035661172193447395,-0.014680695199522819,-0.1978093966947724,-0.09430584978531784,0.03476941215142449,-0.04273572631875812,-0.03227715147142247,-0.008867005588493971,0.006332610982245106,0.16660182098663626,0.04302608733266115,-0.01612510759739917,0.01946687828462904,0.0015806742445502878,0.005446955066097532,0.3914014677201053,0.0658941136274258,15.711167662410773,-0.015134178226354166,-0.04485168994009597,0.0020116242822204883,0.0,0.0,0.06382929282234263,-0.025910962318779412,0.10893733911625364,0.0028606579692301505,0.015150935909582539,0.019262356386948832,-0.0005906249397907446,0.016768532209636613,0.014772342725941141,0.04151325593689972,-0.00664861614627019,0.041491422294968015,0.004737447230925019,0.01862427507030022,0.00044637726466024936,-0.0005008163642755585,-0.0029344027877729086,0.0,0.01775153419068767,0.03091941154270739,-0.008422403529465806,0.010224024159395502,0.11600252971901824,0.0777263156973196,-0.0019518007824622125,score_roll3_mean,
FJI,-0.2026510265101219,-0.017841615373332044,-0.02301194946880671,-0.0050917486817528765,-0.0648009581104393,-0.009410249819264341,-0.01624792863325299,0.011443237752136726,-0.48253059233549456,0.02368084493423603,-0.10497396400049058,-0.024770542891427313,0.034338389908360425,-0.04767516667504387,0.04088744998514496,0.14561942917981008,0.03420103624672679,-0.09681412727055384,-0.0414813882169669,-0.44925280797860806,-0.2173227629824855,-0.19201052189067083,-0.07029874834285461,-0.01618808532964109,0.00719563500626576,-0.01411549839492596,-0.007606558666200508,-0.008538267726090353,-0.002429509462768471,0.0005031282916841742,0.008296132520190102,-0.002005192789435595,0.012876085971389522,-0.03139155694876961,-0.008293885736596571,-0.04426758460067993,-0.012072528286374536,0.00816831088482041,0.0011195137864427995,-0.004034503645041018,-0.0009645801456766609,-0.019757166693473036,-0.006712718471211751,-0.0027104195658079716,0.010971897641052261,-0.043539439885335984,0.032634648605094185,4.598515349698573e-05,-0.004173995326030981,0.006296440424735163,0.017708958188027656,0.07131239577725491,0.0004014860305404938,-0.07072687707820861,-0.015019104359218369,0.004606393682004387,0.004292432020394071,0.008000519407248982,0.003383210304380879,0.003185307655397953,-0.07766654228454778,-6.508655117053076,0.07318894191701884,-0.08279313502866366,0.0019128739198140965,0.0,0.0,0.04350300485263988,-0.008995704850665434,-0.061144580513061174,0.0044936354469776885,-0.0013663383915138595,0.048261794916518316,-0.004309586960804726,0.012422660557854992,-0.016991351749612013,-0.04501756453997566,0.019930727113314926,0.010718955434141053,0.002499407233567314,-0.04569001613033921,0.0015155747818631595,-0.0004349612490573636,-0.0064327024154359315,0.0,-0.05658729797197887,-0.042320220503527135,0.018737964334519467,-0.011801426322116431,-0.0466594571237328,-0.04803440256576571,-0.010020593489961226,score_roll3_mean,
FRA,0.18416018926133895,0.04679272814941311,0.16536106048865254,0.022262200379663533,0.4515428778849537,0.0717646981555035,0.2202801389397195,0.01579992187964555,2.2549828311729896,3.8605583814666637,1.6907105551382835,0.07696821949536828,0.14877730646117265,0.03619595695412719,0.12102429278950019,0.2521197312433422,0.04202249075466366,0.7967250987146715,0.28533643577790285,1.0088496539417313,0.9280450833037314,0.09108762540639144,0.18089245078735697,0.022380715888797257,0.0135412771538673,0.0989312037070126,0.033315002269089615,-0.006740507286559056,0.020543085579264465,-0.005553677854152338,0.02010278773110362,0.006159515235984882,-0.0569831075235409,0.04997448698281609,-0.04754208880718595,0.6891116748744244,0.02780261128309295,-0.010194828492378443,-0.0508039637077376,-0.0011290260133397043,-0.005121779756030736,0.020707429550886367,0.028414218172742266,-0.01678342795303395,-0.021711897727566643,-0.0473917426667079,-0.039144142220803715,-0.04170625154065283,0.029298238046228123,-0.05278558153202754,-0.009195673576487859,-0.04561702830224824,0.009955348068456783,0.16666885635814066,0.04429392506517278,-0.0029306428504088434,-0.004143428471252539,0.0018875774515557057,0.00520648660280689,0.10695776227008627,0.05546076214470063,19.560846374372076,-0.03057874007310237,-0.03166935375961037,0.017720647437329432,0.0,0.0,0.0604919968799553,0.008941079750793713,0.17437371250631853,0.054627278177297595,0.0069516463988186505,-0.0158673519395289,-0.0005956284791425917,0.0009568307475203295,0.019489146662654534,0.025452090494835333,0.003293140000881384,0.026367523830899468,-0.004982461312726931,0.011601012216301226,0.0005126532957499025,-0.00040403624458033795,-0.002943378826140393,0.0,0.2721219994601914,0.028107134660993714,0.02411488993315304,0.01703346991366939,0.13579502596142243,0.06933451575933505,-0.00283570925236448,score_roll3_mean,
FSM,-0.1249654409797802,-0.038412241445280236,-0.06862102411160131,-0.005845439590071025,-0.11109298210620303,-0.009237248985510428,-0.1450377115583181,-0.04518024825768471,-0.5329789500276182,-0.4290306506021668,-0.05415873703579584,0.14585523424140723,-0.035176534325084025,-0.08312050148857561,0.08120456389371397,0.6854528230303099,0.22080437396888408,-0.1097956344987893,-0.04133188299645729,-0.3466791631671874,-0.1836812588302047,-0.15585944490897347,-0.18869021623812776,-0.03503982457145314,-0.024338979931715115,-0.008504394593966916,-0.006790796642309658,-0.008333640079852536,-0.002489975679038526,-0.02530532567212222,-0.009517095830577228,-0.0015101162020693855,0.012694112320210576,-0.02639918989137334,0.00896205472645763,-0.0850354895691035,-0.02098812472397972,0.01613553617821451,0.00862807849995954,-0.003972743183743466,-0.013292774631646248,-0.02638271643600948,-0.029115810425346396,0.014330249100649357,0.0304480773204122,-0.06640698962306042,0.03431919736631684,-0.011703050103799382,0.015779419773612885,0.038176207537137866,0.020295542760383988,-0.03798797003006865,-0.0013091936417873014,-0.07696745566311769,-0.004549446860664296,0.017038357897738707,0.0042375449206349105,-0.009448040932306877,-0.001711385848895466,0.03654434947493464,-0.08753665302295344,-7.035970420327818,0.07087308915041497,-0.05314720701885537,-0.008943740425686459,0.0,0.0,-0.02472972273934216,-0.006645362498674709,-0.30254618278785067,-0.10837215294584147,-0.005865806150343462,0.013828686101392004,-0.0049436723201697974,0.013236705786018823,-0.015177332006879865,0.005255886329266102,0.03155566393192863,-0.00797307998074192,0.0024713479137318463,-0.026684210289532082,0.0014434521780697762,-0.0007814438149729544,-0.006361293255929099,0.0,-0.06828502052217111,-0.028065478685109578,0.039288908507190135,0.002924131105643726,-0.03701190007032583,-0.06230427015587105,0.13319829913649822,score_roll3_mean,
GAB,-0.10068362141755895,-0.037897234584917255,-0.009299227295356786,0.001443819903766423,-0.11015302408454714,-0.0083121798985319,-0.11777620067332453,-0.007134031874917536,-0.6324359197395336,-0.5758985377182173,0.12061007565178934,-0.05498948610414902,-0.054828862086002246,0.048791642022940215,-0.13240642190928323,-0.3227078392695873,-0.04767510230754701,-0.09376701807442826,-0.057929075602536705,-0.49073748306216053,-0.9208053449178669,-0.13071647477921794,-0.25831020149537154,-0.020955773352664853,-0.02166812023533371,-0.009657718356721379,-0.01598082801979578,-0.0034431946726643224,-0.002508927885996383,-0.0170434352512131,0.014524941532362416,0.0006008968647432145,0.011401713325466599,-0.05506087975869613,-0.0137121413548633,-0.04896782250885735,-0.005154293903933527,0.01461528616338138,0.00044535137270809293,-0.03312675703500452,0.013090434412015796,-0.0010710716414703695,-0.0025890119434528332,-0.012222439027903145,-0.01572038498789826,-0.054849771516607915,0.011524486075638411,0.036263304821440516,-0.0019147071431809368,0.008204231015275463,0.006077700015170659,-0.05592427156151054,-0.003913413654901085,-0.08413517168742984,-0.010851502493002556,0.001502489709265401,0.0008090676852931095,0.00146095155041449,-0.0005100808454915234,-0.0007292485916814159,-0.07233464662585225,-9.41225523800826,-0.03626887064328328,-0.03404952714403702,-0.03509254277267573,0.0,0.0,0.08214134746931961,0.10225489422142826,-0.03222692416560437,-0.15875385125758373,-0.04916842434659115,-0.10009817863889552,-0.00455910905403947,-0.05004373772965705,-0.007465114405487824,0.005288756902868851,-0.01829525212428177,-0.003885006888663386,-0.04056475034878896,-0.023663345355975685,0.001416537198092991,-0.0006957900499145901,-0.006483901608252735,0.0,-0.058842290121439725,-0.018991485785365095,-0.0563658992310339,-0.003223684377347852,0.018457234689010296,-0.13089594470395693,-0.0773205456391979,score_roll3_mean,
GBR,0.10288332209091655,0.0724470618321807,0.13352448403418155,0.005067058618554916,0.4785937647812297,0.0422631464739288,0.2858151720042237,0.017663871362461513,2.180778743808619,4.067142360043812,1.8425227223401572,0.14319674818397218,0.20730243445078272,0.14355843989865247,0.12225960897765004,0.27576621454569666,0.040869738245529176,0.5923672284539169,0.2212923561405843,1.029672602734198,0.9061391548963923,0.09063364670723682,0.1749593483314143,0.03160804698121041,0.013194608985711835,0.09381821332780625,0.030564567842732603,0.006147583115151612,0.02024995133103816,-0.017698758212663188,0.05020654477740307,0.01084970528753228,-0.1041030746922657,0.0715982034238598,-0.017007616275950033,0.7098786625390733,0.038387626849366224,-0.009353177094510893,-0.03319102736568917,-0.0010776827890937384,-0.00581252293193669,0.018824491238237387,0.027668589945691487,-0.022688136965033356,-0.04165424414791772,-0.05149622451941363,-0.10624432022634615,-0.10388262774956682,0.00890582978519995,-0.0626010927188757,-0.032519219834387825,-0.017529723994676383,-0.006078994702275246,0.16620885717839623,0.04471748806901958,0.0020598861714690485,-0.012816124888500709,0.0007424815873384069,0.005013758028566905,0.12368504426762554,0.06383187290375322,19.905300776820308,-0.04813613473983756,-0.03178318680299063,0.029242504038376794,0.0,0.0,0.06239851317679242,0.032022240404628075,0.20308680078891597,-0.0002098406596206659,0.011594940758839583,0.0217743783040794,-0.0004721626392108808,-0.0030891430545448083,0.024043396214586118,0.014675957369333734,-0.003661921681222046,0.005165675231058884,0.004003210814109387,0.004857436535288643,0.0004284657010837897,-0.0003425972999103899,-0.002934290736192094,0.0,0.2731161691381925,0.01748356036596395,0.03283563014355011,0.009452205786477326,0.1358039916014367,0.08009166412643966,-0.010201845351059648,score_roll3_mean,
GEO,-0.12131276304563833,-0.01856113641604429,0.011544323309704016,0.0025906740366241163,-0.07965231646853574,0.0194274075110146,0.05768499212013914,-0.006112535327968013,-0.32925885455252646,-0.041278059042341525,0.39659835879370275,0.004827306597976134,0.20293209154142172,0.10290125684033864,-0.008323431264890815,0.21615608233548309,0.011054426587035357,-0.09387823680235863,-0.008287772988053664,0.088197569762432,0.8021753692532232,0.0853785091075129,0.18490188795231904,-0.010118495248176035,0.017810435434396563,-0.009909558068914932,-0.006161650493307537,0.013293567514055096,-0.0027581234321533733,-0.00400921002776443,0.0060400971057757765,0.00646580989461827,0.013686434276310722,-0.023022151031879955,0.0014579440585917789,-0.06278270151036812,-0.010052421236348521,0.013774727053023522,0.012301908652892279,-0.005089180418981843,0.00584244190241503,-0.024485290709646744,-0.014877318518649464,-0.02045447172002936,-0.01996334978585808,-0.02596325025615392,0.00846701560302845,-0.018386631707166205,-0.002578672951630068,0.018065029143691708,0.013090552867763193,0.03699745326404262,0.015580024183056039,0.016002010967685706,0.0015819992479404904,-0.0030415811228255416,-0.007874289993949438,0.013812032470830118,-0.03434337571678523,0.001178072639776217,-0.07716657068015893,0.6739157338158849,0.04056674977177668,-0.07403570613116658,-0.04959875756901889,0.0,0.0,0.022530423635454686,-0.005038242544725813,0.0779219710853524,-0.0013519023174434935,-0.008971453602545558,0.01944043046923509,-0.0012540494931931297,0.003989875853934736,-0.0033993095340152306,-0.024786773309537494,0.051209408651389066,-0.0006114226359643718,-0.002319027674422672,0.05094043119919149,0.0008367478184975715,-0.0006877360173254073,-0.006344786670121177,0.0,0.27520824148376927,-0.019277416832193837,0.04887920115489595,0.010172482882801757,-0.06786141996866511,-0.05225462554294479,-0.07588415926143688,infant_mortality,human_dev
GHA,-0.22532596844916533,-0.04655480729381259,-0.016041238221198434,0.008832787078882244,-0.039637385331431234,-0.005507345329739244,0.08270995564750355,-0.003527159607961019,-0.4634751844112065,0.39591925184947435,0.7776686447144873,-0.018095600929130155,-0.018462343376924917,0.07753516551151682,0.051558800742553014,0.4137410682668649,0.10911970105795579,-0.0945789145138019,-0.04195265078880373,-0.4208383158270219,-0.7557118796077432,-0.1639758670588953,-0.015650482752156483,-0.0201202096841379,0.0051194149785938215,-0.01465145749037961,-0.00919641861427976,-0.00870541773843581,-0.0020546271583912297,-0.009794540798860975,-0.0038568806604463847,-0.0015447174867439508,0.011275811401541687,0.015508238904860791,0.015227564088968948,-0.03303330036714314,-0.0047698903421344325,0.015272417195223773,0.005735743594910271,0.05070541029356976,-0.0053102299766792285,0.02767665249408234,-0.00262938297746921,-0.018081154222935273,-0.027052719000165117,-0.03271844179895209,0.037085065265629914,0.017339897627504652,0.008332618380533502,-0.010080601955671835,-0.019011803715507692,0.00534453704160957,-0.00020659228731921024,-0.07589811712062505,-0.0049102088401939605,0.0022828855063354906,0.004355865374971261,-0.01189804143119676,0.007469034687623464,0.016418014703598296,-0.06472064977523395,-1.940541671321119,-0.004202897926945923,-0.0899211528752483,0.004812594652510876,0.0,0.0,-0.047037965716888765,0.05906454013438223,-0.015037207709556116,0.05313576018927901,0.0043582724852139106,0.05124224856128183,-0.0010349017193205842,0.01791022034873412,-0.024782040558926046,-0.02348461567619523,0.012039181189188248,0.010517544438658284,0.00114655970499576,-0.002494039481388839,0.001243175600809114,-0.0006874890531062272,-0.006370683529082481,0.0,0.00048553080562722424,0.012752174013498105,0.005094534684961023,0.0075310279860092985,-0.028092684183314887,0.005410501621393303,-0.005356452845097031,score_roll3_mean,
GIN,-0.12302551449706148,-0.09773960475911529,-0.04135236219479324,-0.0004306734001662295,-0.10570848218018047,-0.015372387275623033,-0.13670753582578138,-0.03404719944970281,-0.7152105196903303,-1.131812210898257,-0.891397451021132,-0.04654903724989842,-0.10677072093874104,0.020733450110231172,-0.09442639097050934,-0.24480901901656513,-0.08384775353131001,-0.0022746284649018105,-0.03328036835174717,-0.38786828605512674,-1.7675243983554805,-0.08747027982000226,-0.07957003302446504,-0.019385302519917186,-0.02265557767834267,-0.005598865989268708,-0.01787297797262458,-0.0032321026840803724,-0.0024719694985251704,-0.02766192277320353,-0.022940506794422787,-0.003891571530204826,0.024527242755496902,-0.033042094572567515,-0.0073871687817098864,-0.06545692858095531,-0.01128179477261191,0.005946841085474254,0.006872116533860702,0.003667350794536617,0.014392331863752408,0.006246700496893465,-0.004567659674648377,-0.0025574502081813625,0.0012886901832401838,0.027272691195256347,0.033330223875471916,0.031231200645820443,-0.00876571687091523,0.023229726253730557,0.026646702340213633,-0.04805701648354464,-0.004408651667958756,-0.1046641118838404,-0.015767542587892605,-0.02429951605649496,0.0038276797934886668,-0.006712803668897919,0.002128241922900446,-0.08885422397580575,-0.05182441009897017,-13.083041777286924,0.004165014145346859,-0.03659860093061193,0.006030534912176564,0.0,0.0,-0.004879588943486923,-0.015693605584167655,-0.05550124264869567,-0.11479607176795639,-0.051922596142366634,0.04010492822252163,0.01486899905265412,-0.0041882046126258034,0.012898213357828068,-0.0001611390559893927,-0.017878164053190173,0.03266141751461774,-0.011682550738840303,-0.04970400652573624,0.0017859382278196312,-0.0006692334507828323,-0.0045842821848717154,0.0,-0.07848468307226536,-0.015147557404019319,-0.008350787517840687,-0.00746289535645071,-0.04932742854219584,-0.013151300160945489,-0.05316134555792298,score_roll3_mean,
GMB,-0.12695024221946016,-0.045861631388040225,-0.017101979419958058,0.0020970066661000746,-0.12270245002764661,-0.009054987477685962,-0.020054307757947205,-0.023413840952850214,-0.6927798579229122,-0.43518297344359375,-0.2489514371559722,-0.032179068465339515,-0.05850363941734438,0.07413336201364244,-0.030864527144967135,-0.17789954246054,-0.07122349826085837,-0.09932623344841941,-0.05063264537041686,-0.49894909382592423,-1.0293843193996772,-0.12816075971193297,-0.5922796018089453,-0.014301348856050253,-0.005760856302869487,-0.02343463429617195,-0.01616984442384412,-0.0034710067300279773,-0.0024554568204921577,-0.023754861075378993,-0.018254805697059114,-0.0033307248117612352,0.006251377671319891,-0.038172240037614096,-0.01556855702634568,-0.08873194996350627,-0.006724884549386564,0.017528734319577077,0.00662353228749919,-0.003488207811846248,0.0029502640084900843,0.028844762044533175,0.002839649581001161,-0.01742827205424424,-0.03140126160161802,-0.004745534262518047,0.04492427357092276,0.010818491600684125,-0.0015584254863482178,0.013330302248834674,0.00035548185192765146,-0.06367045847180382,-0.00628500916714184,-0.10009730595168093,-0.01181297716332738,-0.010736019496968943,-0.0019829737574126017,-0.005603493562689233,-0.0002960646263349602,-0.05434281623883006,-0.06643478136349187,-10.658936625124236,0.028959783448249343,-0.06544462747063015,-0.007070627311835314,0.0,0.0,-0.03599787878032938,-0.011979867600022407,0.039872949227087486,0.011012229755198834,-0.012855011079456191,0.03933367195801539,-0.0003788144542529001,0.006588453184661932,-0.004829520907627466,-0.002839388824206445,0.02041493907566228,0.01302295664255253,-0.008378535352870293,-0.01604480986368291,0.001480370338032442,-0.0004968776101103924,-0.0066411934273679476,0.0,-0.05338617379732674,-0.02509091275547952,-0.004850126309284031,0.0015634183174248013,-0.06741275886381012,-0.03524185146803144,0.046149896179201046,score_roll3_mean,
GNB,-0.13859665838784663,-0.0823792703483663,-0.054782044973069544,-0.008217408286500926,-0.1252921589205033,-0.015527775537807096,-0.22986448896044467,-0.045636670124848504,-0.7039478617875887,-1.1436430859990252,-1.1541500804692828,-0.03174099004804501,-0.5057894829659597,-0.15110882197752804,0.05528776319275127,0.09154858438927115,-0.049979352980339196,-0.09413226287355761,-0.037076070185140156,-0.38164211686397725,-2.119364822631483,-0.08028654890228352,-0.8789473927606757,-0.01741897752317326,-0.017894147554045888,-0.024810423998630093,-0.024625049968449747,-0.00014843801222490493,-0.0024583875195228126,-0.01790280491309792,-0.03378268560317792,-0.0007854878485529556,0.01228102993367887,-0.028164664050001308,-0.0037584312214127553,-0.08695293933946859,-0.01967233344302048,0.0010031177158387674,0.011274265957080665,-0.0006616332635442642,0.0035204025782947907,0.030364682463282167,0.0034697333404945002,0.005378076235971612,0.04048872600192068,0.04231903379239948,0.039958685533801136,-0.010553666559274208,0.005692341062995927,0.02581567844268128,0.027104379066075858,-0.04298809155695769,-0.003021805901102268,-0.10559126234857671,-0.014438501766723559,-0.20544052728896517,-0.01875447534181818,-0.011361185449499956,-0.0027372881329608017,-0.324379133636511,-0.06607099992501278,-16.20465673815782,-0.029002339787862624,-0.03938515655390189,-0.008875019899914762,0.0,0.0,-0.011539783512251284,-0.01731147195528024,-0.01860689867831462,-0.12525320459953262,-0.015995926722044487,-0.04816789085534191,0.0013187513106481905,0.0007840892372842426,0.0011945839899304197,-0.009247757836178476,0.017170235073689828,-0.11401845443406539,0.014999348015649793,0.04285626407434588,0.0017899251165445905,-0.0003865157013957135,-0.004557545915424344,0.0,-0.07259358532838722,-0.013782028956157053,-0.014171997105498739,-0.025842713313967303,-0.04290102337640273,-0.013808620959746599,-0.06054495913368583,score_roll3_mean,
GNQ,-0.13240160188171898,-0.058252946742813984,-0.061710620030927955,-0.011909436273540122,-0.13458866680180756,-0.01389689346690084,-0.501216305970958,-0.059704576806942675,-0.7667456347432763,-1.1885075283952125,-1.2205789938272629,-0.0476787005334691,-0.25194314856225586,-0.09620608418901236,-0.2600307524163867,-1.7593572997594626,-0.13169183777120483,-0.030928495832774985,-0.03706336959379596,-0.41288393344687563,-1.777854306574716,-0.0788520479022738,-0.7147716938237252,-0.022468838259921103,-0.10685039598534875,-0.018847115918496048,-0.01997624643037535,-0.01274104844811161,-0.002478899002841938,-0.013218539105538052,-0.025695478121152155,0.0005500639730230456,-0.0011872240265527207,-0.11519144808441599,-3.380916610831556e-05,-0.17117354175826996,-0.04090416771583483,-0.02362447600590558,0.005121026743502475,-0.0014552469413456057,0.009193844432415778,0.03216461198260174,-0.007033361068841037,0.003902644057597592,0.038810130934614266,0.041295390578088516,0.02725809214735556,0.0442088425569155,0.0019435797125193061,-0.014996401948194783,0.022181256884945846,-0.05331111554662838,-0.020816933958963647,-0.1033146793236948,-0.021461431692771916,-0.32565133347599484,-0.004157283795786468,0.0009730796769389437,-0.0006678075048247193,-0.36130371168634484,-0.036362974689784174,-17.874306242425813,-0.024308607062440406,-0.018671826625941454,-0.020245200087361113,0.0,0.0,-0.06963272156557596,-0.015672615217095058,0.05027314225440932,-0.20033139302356925,-0.022644961619810694,-0.0255889294287858,-0.0007451166125369658,0.004785325783762357,-0.0442483662738761,-0.002121797821144144,-0.020876922592498244,-0.0351757852655617,0.00040654623288203335,-0.0935949071880918,0.0018809943659627046,-0.00046506973308406245,-0.00466507907647681,0.0,-0.07517033660513076,-0.014864913446603194,-0.022238897872491944,0.013335689420374388,-0.05152239652215948,0.002235999314065818,-0.07008590517230436,score_roll3_mean,
GRC,0.18673668929711945,-0.0007323183202730632,0.10530424422105866,0.019445984787820555,0.18976132502952553,0.025692890747434072,0.14655909302859726,0.009568606113313912,1.3091896898911015,1.0030689273160132,0.8840256060549494,-0.0008134664773981737,0.12222217307540398,0.05638532006006549,0.12477227208506476,0.22036663164280143,0.03371627873631835,0.05217845976745452,0.03610319849362004,0.8511929632833045,0.8197198799141865,0.0681733045041509,0.20075591570392315,0.01944582884074093,0.016931007288646535,0.016685377626038393,0.017595057789158174,-0.003910458703230843,0.006101318339274767,0.004140833830712575,0.010228211479690838,-0.0013557394508602128,-0.025954959071748145,0.0673957412414016,0.0018447863547998494,0.07031742734944241,-0.0013790080427315973,0.0010580628854039915,0.002191691514693201,-0.0035402355214620186,-0.010352233193939677,0.034928869126008635,0.019302782232201676,-0.0160856412802535,-0.02797533326932386,-0.04050422178969671,0.016773486172913344,0.0013769270720229237,0.020076892696305658,-0.01086878316297338,-0.006912192923625153,-0.006392298107128555,0.013952613556889995,0.16196981671481375,0.051342036945036966,-0.006786358605804656,0.0342765594318942,0.0025322466166671324,-0.12583065442397418,0.05065947020011524,0.03997571605893079,11.23132446555811,-0.026250025705745993,-0.03695626557330661,0.004455617734664672,0.0,0.0,0.0035994705198585664,0.007348186259968604,0.07347130838584431,-0.01914892818469993,0.005810003746170489,-0.0011871055943888725,-0.0003436858574253032,0.005879390423632454,0.003506752025882624,0.01487878360274846,0.0014329243673965762,0.0179922287066797,0.00135464488042725,0.013381542973033204,0.0008071497617267226,-0.0004968158690555974,-0.006359003139280213,0.0,0.3860972309574612,-0.009093605592581995,-0.004438641797734819,0.005682778336663251,-0.07197809657585932,0.06412490671847411,0.1142274283325251,score_roll3_mean,
GRD,-0.14355008541696299,0.04467669396541018,-0.02063545524213972,-0.04753276139501398,-0.11230083711224476,-0.012852792261050294,0.046626992860727294,0.07211922765774938,-0.42776109464363365,-0.7654025508524313,-0.9390006473218774,-0.057900792160477915,-0.49165401022942556,-0.13507683023594405,0.07992523498898098,0.47975496163606396,0.2745923289537478,0.04357467509910012,-0.010006011423433717,-0.17180277376481815,1.062490041957669,-0.008239775726004504,0.4708184453681477,-0.015372541825653193,0.01940986257843393,0.025379189497553193,-0.002362700519421784,0.026755018080636035,-0.002435494853752348,0.023937034994540987,0.044101278843961624,0.00036185906862547164,0.015107586259056232,-0.014336102802940684,-0.00940898748891095,-0.07929076071597076,-0.011665916437939504,0.0076063754698147265,-0.022687230111900183,-0.03031347125988712,-0.0059136165680013,0.08143749855037045,0.007706591060407649,0.006111248061686717,0.0332617928966445,0.04294665540978462,0.022163577139658164,0.06608246958559959,-0.01724644104389619,0.09430902338886389,0.03630796361515509,-0.0448586558740397,-0.0041143471155480485,0.02725728372255436,-0.0081601337272654,0.02725584341266933,0.033783903197620396,-0.0013257863966617226,-0.0007281799499863293,0.13502345583918707,-0.07317702131444045,-0.01607993852999076,0.010698685422108485,-0.09076465922731858,-0.004277363750953136,0.0,0.0,0.03687263582159951,-0.011412801766056467,0.2636675150333993,-0.11432310623664443,0.023664379157983296,0.039457246268959724,0.004457129109003883,0.08546204109966844,0.0014772198674117569,-0.013906329605776537,-0.032524044578585175,0.031816373422823806,-0.010735270070531938,0.019538349019760193,0.0012939564635559891,-0.0007353908816420165,-0.005225859597776138,0.0,-0.044026055502382505,0.0173890637909285,-0.01603447525393866,0.01803845702809669,-0.038703234397201663,0.026626748221574976,0.019324776615629206,infant_mortality,human_dev
GTM,-0.1266380329643214,-0.02730222674828417,-0.02155345674620458,0.010055388171815621,-0.10904190369652493,-0.011556906237231013,-0.04054567191982327,0.0013488865883929102,-0.44075413117865564,-0.6954882847050059,-0.8075879111500481,-0.046530655891080366,-0.020184857780823125,0.07580251357531534,0.05366626967782903,0.21363633382980163,0.00467952097961301,-0.0965786693697815,-0.0010694522821780097,0.01779731134805358,-0.03754887798918906,-0.19188251081753985,-0.05921097969901755,-0.0127858903868651,0.012091193177093446,-0.009044494816582722,-0.007780588757986536,0.0016844856940194553,-0.002458858893495402,-0.011469938880014335,-0.013298614399681257,-0.004799174575754388,0.0060600156280245406,-0.031045068702830053,-0.006150157812878797,-0.042670292017911005,-0.009922821467690716,0.013061578361269102,0.0009103141550593944,-0.003598725712276733,0.0016939041935536397,0.027614644434525538,0.004798308091671468,-0.018792018732016757,-0.022331144537492978,0.01598107589958587,0.03832277082456684,0.026204428843250412,-0.0006989582577996278,0.02827165665335953,0.014955775294764212,-0.027955932955151027,0.0030913213283368553,0.07317550078919773,0.01095120040941805,0.004753464909832454,0.003456020567799151,0.001037449774302391,-0.0033231671057773987,0.020657334961625612,-0.08252128160858135,-6.062327877980831,-0.0020536281213524355,-0.04565704051130072,8.788004498034157e-06,0.0,0.0,-0.030508498577477016,0.002442786492544029,-0.04106718958177703,-0.1271453656997661,-0.008684171650417662,-0.025392034424427185,-0.0035127935165795675,0.0002536900790973081,-0.014459152253654153,-0.006935330126310062,-0.030674291859606163,0.0023460256366620415,0.005000876893987216,0.02046577695141412,0.0013518973292993557,-0.0006959215589370433,-0.00644140460762475,0.0,-0.05139274033509458,-0.016140078332386433,-0.002617153287891849,0.0020914621875390955,-0.018283438411699906,-0.002886549630436249,-0.012129533772823218,score_roll3_mean,
GUY,-0.15608625235070175,-0.03274333453513305,-0.019742201976091098,0.015558844573851682,-0.11321188519252896,-0.01128753882755494,-0.13416603822050652,-0.00011315365747725805,-0.4725409507579825,-0.2898654080807052,-0.3225856296243312,-0.033504298798983145,0.007853264620150298,0.016363890800764738,0.07071515484548367,0.5229135475426632,0.07210371549371614,0.043504881666012254,-0.033818484460446906,-0.30092404575216913,-0.07392522762176634,-0.13365448828680979,-0.1957423626199411,-0.017257442312816503,-0.008143465970917599,0.012415973966065325,-0.0043686738792643185,0.002778693443700222,-0.0024521347075214858,-0.02304774334816405,-0.008385815215488764,0.0001747880261580586,0.018714728118312023,-0.02482067362105928,-0.007305217741504005,-0.06077990665320403,-0.011697087125174675,0.010329300728475646,0.005690947210671756,-0.020178278772705668,-0.00982448624292843,0.04451515002178363,-0.021699528006095394,-0.004946858697341311,-0.0007522517487519642,-0.0038052969684974586,0.04651207549780211,0.009891613210849838,0.0059137714035489486,0.010390480359767598,-0.0020370405146071797,0.025080238177495873,0.0008164769676785974,-0.05794193209997973,-0.00814168199408849,0.004621867218495934,0.0015499829249771154,0.004343899753769881,0.0049595378295148205,0.019746831071368976,-0.06825547563827922,-2.398705768462543,-0.012243182508789995,-0.11435636118434137,0.006884968805420686,0.0,0.0,0.1448661062926056,-0.009208964380106105,0.007555435851609691,0.011681445272070682,0.03500203095733624,-0.0363831726900789,-0.0035215519263503354,0.017108418262853226,-0.015906296968171606,0.013727387542889137,0.02044593025919948,0.011164453471902916,-0.004391520173193635,0.051520747998946737,0.001631106066325038,-0.0004637649973350777,-0.006275290229533328,0.0,-0.05687885246867161,-0.026597489757124112,-0.004728175855974033,-0.0009208983699139644,-0.04317090665282049,0.009353136175483858,0.08151670897409126,score_roll3_mean,
HND,-0.1489605337864993,-0.03429383167475461,-0.018852093036709157,-0.004549353827951122,-0.10346606433939325,-0.007395997807035795,-0.08453368935874225,0.0005954220125344474,-0.4903117539916612,-0.6639738879645906,-1.0978736094340291,-0.0396402898773643,-0.003740990539485309,0.07334698501089801,0.05413629451574053,0.2197371907328462,-0.029292022673877358,-0.09924256701977957,-0.04499962746997319,0.13134230857079737,0.22084942954265638,-0.17684389426402036,-0.1197593061008517,-0.0064042231590294985,0.013189333073535125,-0.012100428715138771,-0.009715173962108612,-0.01012337442479656,-0.0024754630524391,-0.007564155488882413,-0.013891241652515833,-0.0005277872661125121,0.0002561881689966465,-0.022512353205267135,-0.005815445087799789,-0.043831394094831486,-0.014640857440596138,0.019679397035618863,0.008316297021984546,-0.0036129870795004355,2.4443965812514233e-05,-0.025353126143259228,-0.01809981125714544,-0.01896535651304135,-0.018382032044438563,0.034930323956899316,0.044125803168519724,0.02405143585782624,-0.004622173985304211,0.010840989502725709,0.006997719547084241,-0.0010538170252056256,0.0025971418185270437,0.11358866936082963,0.011452223191274305,0.002243203105607237,0.003879585917276176,-0.005700568514185302,-0.0017102765653683031,0.005524479848670687,-0.10577127489637554,-6.325939381026983,-0.022393451394334435,-0.05529821107714836,0.005214921997941524,0.0,0.0,-0.020316826470202068,-0.007510148314647787,0.015290571059475806,0.006818247518924376,-0.010711468569932069,-0.039146864184463316,-0.0049945118012461615,0.01540383908074498,-0.02328428746584723,0.00653396572989218,0.003298383754720536,-0.01154601572003474,0.005445084171261062,0.014416787198152948,0.0014098178133383527,-0.0006381288392172302,-0.006439619297709547,0.0,0.0010127491043241663,0.009390697734055695,0.0013793062984129433,0.005351929497301107,-0.030559035124532966,0.014970179373640573,-0.005402438237988162,score_roll3_mean,
HRV,0.18259662389240552,0.01574653669949408,0.16993480243128392,-0.002027347212308942,0.06535266171270976,0.07336465042284207,0.0919586542963407,0.030421987659718118,1.0308899583053355,0.19470989182350493,0.8439099891637015,-0.015410254580220894,0.016058628643471237,0.04389810049578026,0.13760257978382992,0.22207987777208565,0.021153442472665006,-0.06900054993853924,-0.00889981565663885,0.2154986414277233,0.9302325276606781,0.053797462591468816,0.19124504938559533,0.029639351157022844,0.004830128670647787,0.020970140752751037,0.0187336027263317,-0.0006392161723243776,-0.002205380648556906,0.009447924270674889,0.014817541897472933,0.010542322172584837,-0.031754887970530346,0.07800578476374274,0.009084732149349812,-0.05424217553960378,-0.0023893771576508705,-0.005145522585893122,0.002688924286796643,-0.00817002332993797,-0.008586272879639754,-0.03832974020741651,-0.009444421954774192,-0.021697931707116504,-0.030951720918028055,-0.03557520227977379,0.011335150532228439,0.004420499576086646,0.011528016451757916,0.013903592987912218,0.010823766516557103,0.020906383639471348,0.00010396000648435571,0.18910715504311654,0.03790344754124348,-0.0012208459399777767,-0.006200959249300198,0.0010062772310408562,0.0010587062573693881,0.07509493418784617,0.033442233731111326,5.108734194855471,-0.020609183674282158,-0.06303087632484425,0.00250552497153555,0.0,0.0,-0.03754603937044321,-0.0034790573098717266,0.022406201205298095,0.0010236928208991016,-0.00416553545463849,0.011128276566542363,-0.0008911529025178289,0.0064958383647302845,0.0021439876106019245,-0.048882083286230886,0.008212191451956074,0.0177789113088317,0.016347178672631798,0.022991034229014908,0.0008765036413018054,-0.0006787669097902079,-0.006365281912322798,0.0,0.3469444850656055,-0.014220294999215724,0.008311009635478199,-0.12851928434157597,0.06461956862104848,-0.029642405152195538,0.0027282324270446684,score_roll3_mean,
HTI,-0.13074952350048727,-0.04857282595773332,-0.024446524075724674,-0.024182737555073427,-0.14051028423467568,-0.018186082786645297,-0.1790250564216249,-0.06663912394573145,-0.7554347484187516,-1.2220313839023427,-1.2759861303849511,-0.04590343251591376,-0.47889859260588863,-0.13342734191791547,-0.05131492995393286,-0.2275391814854168,-0.07451836375240786,-0.10352347812340908,-0.04227092681935491,-0.3544087171755625,-1.9498992096113417,-0.07780400288786628,-0.6511509605232052,-0.0038368654227904806,0.01458154541337845,-0.024976276529353306,-0.02402097958771451,-0.010352487935469246,-0.0024298884112260908,-0.011464003750244017,-0.022896972104540603,-0.004079350446142235,0.022300651694313188,-0.02937621598708311,-0.009155945978583992,-0.06329507134041298,-0.016271151429394153,-0.008617088503633906,0.008308213044004175,0.004998141724706929,0.007916330503121174,0.029496289719705446,0.0007660689508537765,0.003757395510824269,0.057884161020422605,0.05682241165932129,0.04233403894866142,0.0139610449929551,-0.0011719617426259785,0.012500412620828094,0.027562987368294257,-0.039743974079400606,-0.0035261087905197647,-0.1053955612515651,-0.014509229189496004,0.01711775938388719,-0.020254846534691794,-0.01049733747844158,-0.00332303695210389,-0.2875818216383511,-0.0544977103753472,-15.84997258307623,-0.01913507195745543,-0.041704386898348995,-0.006666251794298242,0.0,0.0,-0.03992442228394525,-0.013929706418627077,-0.029436583449651384,-0.1274622671463728,-0.01995946903111915,0.016091843646143092,-0.002628134019884895,-0.044171113958679155,-0.00031509814286618523,-0.0007086341847257796,0.004468669345627814,-0.030289724285767042,0.002667843063590267,0.009310614829388986,0.0017853356398090181,-0.0005952690824715275,-0.00457294473899984,0.0,-0.07381506159422396,-0.010825742583569673,-0.01217920245363451,-0.016931066193667226,-0.05186645245490913,-0.051455717031681274,-0.1434451868836121,score_roll3_mean,
HUN,0.2578703865815771,0.028492669061917053,0.1621765023083862,-0.022122823342732526,0.1323020758562638,0.026241718433801853,0.09588194539664445,0.020627191287620715,0.9276790567253981,2.3774147548029547,1.0706761051440308,-0.0074807963199724214,0.09103575294274145,0.1180440978869127,0.10597049037603912,0.2059688584190227,0.01996363611245439,-0.05905517159855002,0.0057061674787090445,0.0014832369578970971,0.9221556968843682,0.09046040400771953,0.1799552686176036,0.0278336352461552,0.004413522440722965,0.018014471338562342,0.013067252699132517,-0.00044066642404310617,-0.0020838115420671387,0.005873624263043303,0.018521329849855113,0.004845859092797965,-0.058978532566747184,0.06995645381227412,0.0014251315046914803,-0.051707096148343526,-0.004165150973971349,-0.004102988516795563,-0.019298252700685938,-0.0017269238185111551,-0.014993211266666435,-0.0014077460374495574,-0.050416702159141444,-0.027510651213029598,-0.03863206674219029,-0.04258960764622409,-0.026145856705026546,0.02111667969645641,0.007131873022784158,-0.03719812210120031,-0.010706819786376226,-0.0004814529541324415,0.012933184176384338,-0.21019648172002686,0.054661199936743225,-0.0028601980154198937,-0.014635702743076384,0.0017021803903909188,0.0018873897070232632,0.052768402332900824,0.0169039942980311,7.843480092819245,-0.011727809668334015,-0.05705143326131919,0.006583560180174624,0.0,0.0,-0.02955709023274693,0.014354291597927182,0.10241180156147531,-0.013106188867384884,0.0019943847163036627,-0.09629431925185626,-0.0005008487872847421,-0.09573092506031786,-0.0043380572981888445,0.0021834151840146713,-0.010536745164439082,0.025378686237570114,-0.003433986863499711,-0.02638352157814385,0.0007432541806966856,-0.0006009759326539734,-0.006322538755962111,0.0,0.3513376205714806,-0.008615959829214734,-0.04506900643361558,0.0061457358566139675,-0.03267552509307315,-0.2762885730826041,-0.007247330471656097,score_roll3_mean,
IDN,-0.15235415752442877,-0.0777099589329151,0.1466809702939545,0.015781427252249923,0.3335398153328828,0.022702284897851886,0.13690962927960235,-0.00703819037974277,-0.13053994063672023,-0.34345838943834645,-0.38753731914947065,-0.026237219617961105,-0.038333162133415324,-0.0136536715287609,0.038424281585267554,0.3092172788937537,0.05370492051101669,0.06192966177519125,-0.0028571306156171174,-0.2760207294488742,-0.04925693978040721,-0.12965031498428228,0.16804707505089894,-0.011382123788881527,0.023966477616527638,0.04514618956149498,0.026601419777719418,-0.006809712943810798,-0.0019747279445913,-0.0031660985528820227,-0.007000606571372474,-0.0035156881726368925,0.00214137575626301,0.032645729486384806,-0.0009997695059172657,0.19537250715025267,0.03380186250644874,0.006035748160132648,0.006121119735540776,-0.0022655112228851335,0.0028518568787252686,0.07334129145988216,0.0002564749729891231,0.0006426280524055688,0.02989024862181991,-0.012971509342171434,0.06316612043731473,0.01232309713756763,0.004337940620216924,0.031141334645582663,0.02048961450563218,0.024954112014033192,0.001353351082119495,-0.09391075370026877,-0.0103752470635383,-0.0035338949567045685,0.0003630289755690406,0.002945369034509622,0.004564238191866916,0.021204468541558944,-0.07982691036768941,-0.2878892256172961,0.031701284099668874,-0.030417002560455434,0.003927793492668147,0.0,0.0,-0.051925610686759986,-0.0035694462611923494,-0.0903395093465825,0.13337523068295398,0.006356169231492704,0.02443819717113525,0.0034782381976821946,-0.004617889302098773,-0.028542332477045546,0.017261512561088398,0.029584904256903907,0.004548392502745957,0.0024043361042335736,0.04394199114527362,0.0012501025837401048,-0.0006959832999918385,-0.0063517125711603,0.0,0.007219975118066155,0.026976921797404848,0.03085625348090765,0.0129109254448056,-0.024971137209555853,-0.038766341941763836,0.11805558480454899,govt_integrity,governance
IND,0.2912875103436545,-0.0923194045531619,0.09260645572308461,0.018513163002130444,0.515682379906287,0.027428250825768795,0.30192209966876676,0.004999704664797987,1.5634671443056702,0.5737087599012398,0.020858630868246655,-0.011713368408680926,-0.15713614648603785,-0.045226737251522965,0.04657216951215412,0.21369469501944657,0.045244858697019934,0.49593551638353617,0.3170238209981157,-0.37494066294210676,-0.1949318071544781,-0.16817674523091936,0.10157617974422273,-0.02200815259324397,0.020541170081444463,0.05870531689418854,0.03935729418319228,-0.01306489623427912,-0.0035323090282793246,-0.034755136070133974,-0.02354050444437644,-0.0033491688713778787,-0.036793204331814884,0.09138363289690556,0.025570653147431913,0.29204651996702374,0.01453322583372415,0.007641292729269229,0.007184297681636199,-0.01272871672467606,-0.007877783167042374,0.08884089821763318,0.02575887927654918,0.008476814595383231,0.030222878262360836,-0.0451331608447149,0.041481382267871146,-0.006615749248785273,0.01514812430845339,0.0016040473133821789,-0.016243807006548455,0.03485288449243295,0.0038192152112597757,-0.10981750482641237,-0.005875091665820351,-0.005683773277914955,0.008212153841472652,0.00026936066341397123,0.0016467501557574492,-0.048081812505984055,-0.18041124752966764,9.485317939521146,-0.03879458556137002,-0.006199261373174478,-0.003178769466989773,0.0,0.0,0.011727278438036514,-0.00880602994502206,-0.10686641969729088,0.08221375937164899,-0.001782870235520252,-0.010752552015149804,0.0011705006223377752,-0.018774031468246136,0.0049173043705860835,0.008856688360961073,0.005491096192963441,-0.0021792727918752814,0.007746133226363719,0.07390085759708942,0.0009865226319088712,-0.0004885379121273895,-0.0038659353700861497,0.0,0.010991019960526982,-0.15534352073014646,0.005921920004867595,0.019627332506257943,-0.008481655610138993,0.009840360483964144,0.17968448275882795,score_roll3_mean,
IRL,0.09609525948265206,0.05552441875173393,0.04743470761680174,0.016307097761414282,0.12773369212899433,0.04598128437694231,0.06876987306964566,0.00968175820384189,1.7332722447159445,4.0340015763822015,1.690018143086799,0.1605174796675069,0.21524237411186323,0.122522400471005,0.12364359325899851,0.2792072829307976,0.029079620143841245,-0.22474552190371241,-0.040290118082902344,1.0320942641128403,0.9283491531751619,0.09550381810704306,0.1789266634246372,-0.027058892831987015,0.017433323410571862,-0.010335791655480651,-0.007613589263095798,-0.008111402003779845,-0.0026689164632729295,-0.004761040393614178,0.02464072593773798,0.0077614509787244865,-0.062380470857029975,0.023781176920177383,0.0012728289226195061,-0.0010397764583543157,0.0036555930062380053,-0.04474180071626552,-0.0017258079765140042,0.0011984363516812735,-0.006255015698119988,-0.10878389475442894,-0.08622584755000495,-0.016009491834705864,-0.036899701080419456,-0.06509410237693553,-0.08732156937524495,-0.08411221030253366,0.032539329933967624,-0.02943913577063468,-0.021980415828476832,-0.010186385574116323,0.01731950343790613,0.1579024213547671,0.04285216123680697,-0.0027866930759775786,0.02690630547480485,0.0016883952622091438,0.005633499841194903,0.06970355953822459,0.060550805310359355,13.241119123118054,-0.02730272756022114,-0.06191687407124572,0.0009084313553298085,0.0,0.0,0.0083459015105613,0.008315021818268552,-0.037588260045152554,-0.008044434889090585,-0.0047602659694947445,0.014832367248359615,-0.000734090197791471,0.019293999750717893,0.02391231297328446,-0.0051838879670282455,0.007325040881740074,0.05912374702655667,-0.009405762503992193,-0.017794073583571924,0.00047774443487586486,-0.0004058688469281424,-0.0038958554816631557,0.0,0.29196158936763594,-0.0832815346808341,0.002291003875124641,0.002574087269046556,0.08897958493993134,0.08158721217870486,-0.009591001298657214,score_roll3_mean,
IRN,0.06679180646762958,-0.007470742814305003,0.007939813755854954,0.0053891244481667775,0.37515023082969184,0.052593601931124494,0.2621523114479679,-0.01162221262155772,0.10017567000630385,-0.9486263832432259,-0.7218833847159245,-0.054927961108878556,-0.12466285324132785,-0.17610191478679457,-0.31522420534581325,-0.5774227447154404,-0.024487127439982784,0.130870079302068,0.1585831963935746,0.3499559533188589,0.5901699553663843,-0.008244071966860413,0.1519083558912309,-0.037769569593582915,0.011659668525030698,0.05064980939068833,0.028122262522918343,-0.0068969610200772195,0.005945241118645166,-0.006906886790476453,0.0066939125313331795,-0.001503913757423366,-0.011461563888930944,0.27565938009304186,0.012803409191881616,0.18726453320030234,0.07919087230632729,0.01354065955982767,0.008932471336517412,0.01379122795502591,0.02072262515091482,0.03758784164985095,0.007344592797874301,0.007191045009457966,0.035682196011155506,0.0048686236861245,0.03961884076003617,0.024878724963041218,-0.007982176314689083,0.06988190147364783,0.03176196991331927,0.01129569106066876,0.0028717144211471146,0.007805651116793243,0.06926072355243253,-0.007375840666087562,0.006953163580240629,0.003605079368633948,-0.004666986196159476,-0.03563148212055209,-0.11785178610976832,-1.9513079225833971,-0.01003952360010905,-0.005331622794783025,-0.0010752492939683942,0.0,0.0,0.06598440255413643,0.004179552973124099,-0.10113571255908865,0.06727562395128195,0.01225425479714753,-0.012466177124227349,0.0003988870756965451,0.008431462714511615,0.0036667378208106484,-0.029593028991177692,0.026417499648940166,-0.019677688041222555,0.002975240007155246,0.024348114417829348,0.001344382077337909,-0.0006448347431081978,-0.005782523113866532,0.0,0.3484026197602661,0.027932504513511675,0.01747978023854494,-0.0021648542213055823,-0.06358544064537276,-0.021210373989245537,-0.012054262566666283,score_roll3_mean,
IRQ,-0.11291078109682484,-0.05922525976969432,-0.030419726541167726,0.025783276197611237,0.23952117650365065,0.033188493720590656,0.14286007531028783,-0.06398039526144357,-0.48704482134858035,-0.9034619019471635,-0.9191022365714262,-0.048279262326455824,-0.19934724801909082,-0.2209770206835864,-0.2006546390922719,-0.5697368022718291,-0.055127347053578975,-0.03243758331021505,-0.0032900591418323923,-0.2569278200942461,-0.05183538935292808,-0.07523430286232516,-0.054257283943904513,-0.020218020261340203,-0.018793278718392193,0.08467972265859394,0.030269647345611203,-0.013002685485761587,-0.0020236750239368963,-0.013801166555895576,-0.017117467604662494,-0.0011682434879261973,0.001931239471749445,0.027216643799260636,0.00042597278837036676,0.02232751394082966,0.03120142406513144,0.003068742368495818,0.004071212180481165,0.0101422304440125,0.023913504890608724,0.02708217739077209,-0.00026282989773920656,0.016902187292122606,0.0325611502572215,0.06678644608919936,0.03874596433767183,0.04308523179226459,-0.004208962144679635,0.05420791754404001,0.020324221490955724,-0.02694067402416579,-0.0003872199839584634,-0.08575298439433203,-0.021461846458042923,-0.004454214851213917,0.0074209559413886735,0.00211586332864014,-0.0017834771998767151,-0.02126387429777645,-0.06258106786022527,-8.369409188803626,0.043904119225581774,-0.0074549668691944885,-0.02857407973472097,0.0,0.0,0.11571848270721365,-0.0078024276487312335,-0.01850320043630717,0.14198244584252998,-0.00850665981396181,0.021716983548010944,-0.0026015468918704765,0.012866439524837146,-0.031120503037825226,-0.00889480901338049,0.023889868003882184,-0.004470822864501932,0.0034702268965621304,0.010411728347785027,0.0016970300039274803,-0.0004163616202422222,-0.005813988185617639,0.0,-0.051127619150354124,-0.0798439645162968,0.034363032348113325,0.001462398235326923,-0.037967902158960024,-0.048059782356887355,-0.00046933678562932765,score_roll3_mean,
ISL,0.14417520085871488,0.13269771749504772,-0.014781531999105375,0.008645188281300602,-0.05395474918497811,0.07500821481444878,0.02573010318188884,0.00859507166147908,0.9258590948433967,3.720379620951485,1.8773553522543778,0.1412395533816236,0.22104460389047353,0.12357675273988371,0.0834591719160504,0.3876180467391255,0.039192005028125344,-0.2858501553922597,-0.03537983009470303,0.9970324873336596,0.9534011477732226,0.09692135596347244,0.18280412740149077,-0.018898271048779093,0.004945010447935913,-0.011462668939781184,-0.006215156697810177,-0.013580947370364643,-0.0025444622153704545,0.04289699776863201,0.07448961079382037,-0.002560243623034326,-0.08592328914646542,-0.013463902343250385,9.466525234099702e-05,-0.0567883465105991,-0.02361579175594812,-0.03726517024028544,-0.011865130145321406,-0.0028487244811814185,-0.009353246025642322,0.014452611992127305,0.0003546583592462164,-0.018244235595350277,-0.026220400705594463,-0.04011297352955936,-0.12316426347932508,-0.08571071423633579,0.03661182570991284,-0.04950178467584886,-0.03324362167138997,-0.003974669086685198,0.0069751044368727925,0.17694947376850867,0.0444707128412459,-0.002398569356250939,-0.00595485843045444,0.001806566024043024,0.0060203997264085055,0.3473181377148684,0.06601993487752353,11.478229571706304,-0.0230157476907292,-0.06983598201938229,-0.010676998734310024,0.0,0.0,0.023194635540267766,0.019104402224264936,0.00810291981602039,-0.018186034244611436,0.00918441732148253,0.01928849625245171,-0.0007287652091447282,0.007823021310025952,0.0017201958022182093,-0.032727972304096256,-0.015214395815894493,0.04197578202055497,0.004413174789895578,0.015033703508756173,0.00044351009695619106,-0.0004971896683491557,-0.006326345548173493,0.0,-0.09591717798942613,-0.0019941527224226403,-0.01956978654042536,0.007986782926316167,-0.15737827419475142,0.08830271263197371,-0.017896388141111115,score_roll3_mean,
ISR,0.2575972929129023,0.02315760775933977,0.0019428013985496894,0.01504964706424305,0.17421598356771462,-0.009090292713882306,0.11891423216906201,0.014867062378522106,1.8553886323928694,3.6406370220417426,1.5754744290259886,0.13158950176060544,0.11992915287802625,0.11841651954328525,0.06837793226515224,0.18887451275202377,0.0227852472810519,-0.08212929955556465,0.026855893573985722,1.0443529371737705,0.9026195506389321,0.08931793678599137,0.17981518093507023,-0.034700519327447756,0.0020717789045216926,0.019066289647396237,0.013188857073746937,-0.008182643445543439,0.0028107018289999113,-0.0030161178717790205,0.026185441880457187,0.005281460997704992,-0.04806253382290475,0.013110101853735729,0.0018524262435142174,0.11184594626399305,0.007591129936898092,-0.012164460399518124,-0.009735593579978961,-0.012328002373926328,-0.009473760947928352,0.026541283275093096,0.009989712317341424,-0.02270648513139756,-0.022646702444743178,-0.055526300791984874,-0.06283038199237449,-0.0697154904027733,0.044351210512881156,-0.048605836069064885,-0.010159216761190068,0.01009898750943469,0.0063886261573323395,0.16331707294537248,0.04508233073721197,-0.006570125540819879,-0.012590256754055784,0.001508292766678452,0.006531483755217209,0.07422871770830464,0.041086887099551196,12.515103513281513,-0.038601236405878654,-0.05885912039178659,-0.005390509919026873,0.0,0.0,-0.10468387276304181,-0.0012113983222895653,0.10312918438265602,-0.01182250060064997,0.0002580896376464008,-0.023658359405668156,-0.000628957958054183,0.006636755512108425,-0.2166924229906159,-0.08767666058998351,-0.008068012235482005,-0.0024979554259594826,-0.001324401814771976,0.014889556684640428,0.000582083466191366,-0.0006422947956264602,-0.002933637227437253,0.0,-0.3185773424106898,-0.001233181071011891,-0.00034478926210864693,0.008385972216627098,0.12023515452309409,0.06489323061536578,-0.014594452156172395,score_roll3_mean,
ITA,0.2565375269416713,0.01650788496119421,0.18156988417267064,0.01111562026204236,0.362922938175673,0.05017042007149436,0.281045724878319,0.010095745168510233,2.2809474973973343,2.1804727235629238,1.0742980889325018,0.03363280373857162,0.1248017477366905,0.14502836952300688,0.12339332947897219,0.2824262846347327,0.047498751251672626,0.817799110936232,0.6583604050758182,0.9391003321114215,0.873202944210366,0.08717765336262596,0.19020871126954852,0.03740240489220849,0.011885056022449688,0.0871822305970138,0.040254499153247414,0.008353264052928785,0.02252260420669823,-0.0023391186829827405,0.020147322905192847,-0.01632024889345168,-0.07877349546932744,0.04362454846154956,-0.050359526072067416,0.5606194888592991,-0.009327230485149744,0.008815114038765382,0.015219196068471717,-0.004012112383407599,-0.007021948029649092,0.02376133674701454,0.03223886644459323,-0.02364298723315402,-0.0355254409623793,-0.06216063788074499,0.037436399440713315,-0.0015057429651254832,0.02118633873789177,-0.040439760945362814,-0.01188969666309231,-0.004968593126188784,0.01073493569574847,0.16654168297517002,0.04891534223657207,-0.003221633514985819,-0.010801883439885257,0.0015125627833681668,0.005232732580752813,0.12971099248221662,0.05364889436132534,19.16579329523553,-0.022574591719229625,-0.023511241628847733,0.03155431702621978,0.0,0.0,0.04461247772327528,0.01577639936126106,0.1524803716379135,0.045824070095921904,0.010173687147281707,0.020584264935270293,1.959747508404935e-05,0.013463048916814956,0.02283625373788696,0.007297602390551444,0.004529668920821786,0.036464262812940434,0.00030025175799553767,0.008060621795441963,0.0007301295545054526,-0.0003809675956448963,-0.002932616480323046,0.0,0.32004591215188083,0.016743122329920566,0.005568193984084482,0.012671236893807242,-0.07643557798019202,0.06515837392954393,0.07782600441875644,score_roll3_mean,
JAM,-0.27116724103152584,-0.01110900996091519,0.0037241229167524078,0.005106241047271547,-0.07888599171665821,-0.013357028438046639,0.039512427242248606,0.0031245881660916302,-0.3760542106768675,0.5782002827989805,0.6503033853847902,0.035535170750850956,0.1797595599299369,0.16669546058434168,0.07117780452360957,0.294188533439357,0.03576195434572693,-0.09785415678237552,-0.047344258272175,0.03019956142376901,0.5326299399674265,0.009275751734223734,-0.32731566940989915,-0.012427702481420293,0.015816056895241196,-0.012853121512434973,-0.00785677490429049,-0.00048332060718135465,-0.0026668087715662663,-0.00993467087316344,0.014207880461316984,-0.006104977834756981,0.017478320635968693,-0.02487670308256658,0.0006610265894772934,-0.062253040311253255,-0.010214339623487492,0.010661947712595559,0.004728086954167202,-0.028561217799854398,-0.008956769356634739,-0.01787491719924513,-0.014526002513634291,-0.0334928501502335,-0.030977764252288723,-0.029180735142153948,0.03842842466098059,-0.009636327056657021,0.0163613010494414,-0.019217167127707057,-0.0029039357257447935,0.04711290600192287,0.02649919459926543,0.030203273551985016,0.012386453620674831,0.001062115038869549,0.004373520522016318,0.0014629359899627464,-0.00031838141744630367,0.007619054113223616,-0.08859984866801168,0.21524375827854914,-0.020672849668532924,-0.08365694839387558,0.019873838886696703,0.0,0.0,0.018643244784636272,-0.0033766995515222054,0.06337806510923744,-0.002725353071922307,-0.004953676207418631,0.038084330213749185,0.0002495404817332452,-0.002027038359478773,-0.014134150510786363,0.01368561657678463,0.012775066982097641,0.026395663913046624,0.0017866908742245275,0.01578512499298298,0.0008319556484222591,-0.0004926922277223817,-0.006326017215082014,0.0,-0.04664772844317693,-0.004119880899879156,-0.003975738190133029,0.0010322506886984927,-0.0703580978711442,0.021394582444845694,-0.004297036658179636,govt_integrity,governance
JOR,-0.1463668552141505,0.009696183426943127,0.025114610102115877,-0.02025455830548431,0.10161261502542367,0.0073403433861995784,0.08652561235225223,0.015621509910385458,-0.35148226435656504,1.118200169834326,1.123549332028115,-0.015168840756688706,0.05813347405842169,0.13033542308182822,-0.25480652939050485,-0.0293759011411347,0.004400605277995866,-0.05115597810024603,0.005293017504249259,0.0569414287808321,0.2588257124552495,0.05238166346811175,-0.24500970264805666,-0.012151326288544288,0.015603577072814285,0.034148755448057594,0.017690324559843356,0.0029775706458232375,-0.002038658680721528,-0.0006061947492497149,0.008156911107443337,-0.0022957522287066472,0.012496023890559229,0.04241792052805577,0.00940703014702691,-0.019332007962843165,0.006449300040590277,0.029822875301184833,0.008492666344450001,0.02377983351830223,0.026365412573339225,-0.020272239105263483,-0.01823416879684787,-0.025081251928124573,-0.02865218373035643,-0.043454934611716255,-0.009741201636464752,0.006097449308642189,0.006897275966425222,-0.002337002312690141,-0.0016390222170353209,0.041473908920262315,-0.00028043968293061354,0.001713734274915351,0.012107029529613346,0.0018477184561688854,-0.0007582538690565801,0.0015509954224942057,0.0005963797393540249,0.002703350798711417,-0.0997120499355298,-0.19501110811821998,-0.007256696196436163,-0.008129255623799856,0.006048916728651563,0.0,0.0,0.015630518613260078,-0.002091613758456447,-0.043523913476723866,0.08071840031854347,-0.0026755797234227735,-0.016434269590635705,-0.00843525840304929,0.024613501408612178,-0.035276011447127324,0.02655587831125651,-0.007165464354303796,0.014188488550688515,0.0010509810997842465,-0.012177916774024583,0.0009951052660499642,-0.0006423006774492069,-0.006343540715760564,0.0,0.275711878825152,-0.007622817520667018,-0.0038788995227111395,-0.006374550633266726,0.07760101041818658,0.016846592786087924,-0.0007795969217164575,govt_integrity,governance
JPN,0.19173552764547255,0.07369905817977111,0.05216210244090265,-0.03648074149383114,0.47683825008079883,0.047206840611385185,0.27899854857264506,0.008733689688350393,2.234701711044055,3.925432196771072,1.8344438907267753,0.11113125823546915,0.15761407251565143,0.05814055852828523,0.07278326044917936,0.25419926652033387,0.03779403972685535,0.22592940853671095,0.017931625373173242,0.9520825323903537,0.9168968631598544,0.1033484266289944,0.18785997002229807,-0.057521187518592407,-0.0006690210656274466,0.013732305346541723,0.02211815470178302,-0.0052674061439807185,0.017722070623013845,-0.013544483738924716,0.02871113010651193,0.004516116290455672,-0.07045991387230162,0.06079211134809695,-0.016250530462171106,0.5664190264533321,0.039095060871416266,0.018518919703623172,-0.0061203564410243685,-0.00209044313982044,-0.006666512106609666,0.03462383514898534,0.03092283295007509,-0.018606710739372614,-0.02735119638239858,-0.06490494892916529,-0.06794004210596578,-0.07004463596802117,0.020604535471000374,-0.05749565727330401,-0.016678930644354953,-0.030677569403683713,0.022873078207505206,0.16696418956266693,0.043871101865108716,0.0004511692295330824,-0.0007217411865205925,0.0010650713709930047,0.005942871662918166,0.39768398497116064,0.05418757195788701,16.996254442187816,-0.046058101171124806,-0.038590344792909737,0.021285484584382217,0.0,0.0,0.06968888539034043,0.013777862412708503,0.1106562825096421,-0.005207030381124273,0.008632073829041324,0.011409089949498517,-0.0007684143536985592,-0.015959019590497683,0.02149768171216027,-0.00499033129402482,0.0008823553822990536,0.041165347779015905,-0.004217243898728543,0.008186513587600985,0.0005052437776643912,-0.00044893144103614225,-0.0029427184125444144,0.0,0.020757752691957482,0.018177538667130812,0.003671907315353265,-0.0820303601748225,0.12838906035432518,0.06554273434357477,-0.007278365346035171,score_roll3_mean,
KAZ,-0.1157597522305882,0.010100696372220115,0.03195542057289775,0.011408397830487962,0.03143998114786213,0.04567544797601478,0.12367154895483068,0.020476522906429154,-0.3812303445143238,-0.21226789960678139,-0.5116270386704742,0.0037699743918308214,0.04192087435700932,-0.08550593679966866,-0.3890703768504921,-0.36743956297713254,-0.031240621266257356,-0.07861779651899893,-0.05504925849569302,-0.02544555683827288,0.7312780504287066,0.029793675751755986,0.1509077575669082,-0.02561358303131375,0.029658935759874036,-0.013203649412683746,-0.009928293556321363,-0.013008887090867545,-0.0020437568967232884,-0.006061148547490815,0.012967199775156167,-0.000928150067494699,0.0013365710051252493,-0.003772274000234228,0.0049632784744773045,-0.01995132536659342,0.0019404140834090144,-0.013231613836587568,-0.028976879494500514,0.00025067768578634295,0.01268770981310999,0.014154833600549099,-0.0007389112159908831,-0.0022676316468004604,0.022968151163424797,0.02107943813544171,0.030973456081265244,0.009284746382192694,0.010390767860758751,0.028852341111111977,0.01668641524809997,0.031031908719097626,0.012649138389939403,0.03814092996416018,0.004469232951005537,-0.003133041976309159,-0.017012486858162777,0.007012797335091338,-9.477080018079373e-05,-0.01596724753868224,-0.09163397172779224,-4.866961333382513,0.02106520614684101,-0.021820479790093588,-0.0026258910483990382,0.0,0.0,-0.006784897584248989,-0.0004924943590445197,-0.041602234813876,0.0904378867778059,0.0007635105243504409,-0.01944526047779768,-0.0032635755124940363,0.02114753489535096,-0.026318622216148627,-0.003629869247695824,0.018371227096710914,-0.004886882077060868,-0.004595486415804048,0.023575554634385175,0.0012331751979852645,-0.0006959413306383709,-0.0063870508420209495,0.0,0.00501642856489313,-0.04393139374729724,0.023768806678766696,-0.000442192094823973,-0.03640025791324478,-0.04018438309067084,0.0776504361139701,score_roll3_mean,
KEN,-0.08381717725409704,-0.053153139173559995,-0.019547868216786442,0.001944348604435796,-0.0456040839889124,0.06025580621152949,0.11578514682824105,-0.0059773184390969816,-0.2810626515530359,-0.189283429580985,-0.6987345057071603,-0.025471009047033637,-0.028137405521174608,0.02981508881543293,0.005287547343389039,0.11954565605814267,-0.012364243905223957,0.012058049845922509,0.01071142061215673,-0.38191198252707204,-0.446668577737479,-0.10651240784777545,-0.2600945495991444,-0.010653040376165691,0.0050070249769246225,0.06413494029236663,0.09332264477125833,-1.296896110059377e-05,-0.0019998617002591045,-0.022930400868058833,-0.015630725919451468,0.0013731335404257947,0.01206746911706102,0.00958091942598251,0.005919772038173557,-0.028405267965054333,-0.008164170135214279,0.014494468867220098,0.0031996410900847305,-0.00758120987804178,0.004528599463552606,0.031346502271179126,0.004664622857825237,-0.008111757490388026,-0.018607766970610857,0.0374107286821669,0.05670646203505376,0.011135469790228867,-0.002294004894440008,0.014041541061153053,0.001269858700958411,-0.00012448111360117614,-0.0004470877451654028,-0.09721673119463793,-0.012218727530906,0.003184745559709619,0.004802612716782661,-0.01694915318987972,-0.0024009805463338346,0.009435725893905376,-0.0796373861071624,-5.111708476283955,0.0014501383249551816,-0.05022363756768992,0.0037998167979240998,0.0,0.0,0.003824694095112294,-0.008118086603553603,-0.03711510189621425,0.048714266362980554,0.0011479923935733191,0.028910503506455174,0.011714926598708424,0.015436883320212607,-0.017961165049611264,0.003545973270495441,0.024424347557538195,0.0010689554407035792,-0.010108128820572444,-0.009495856893024414,0.0015689407570771783,-0.0006959215589370433,-0.006381850886982768,0.0,-0.004534655101057303,0.005091524548327006,0.0005672602554176459,0.0043181546193602925,-0.03407947076604742,0.010508674750744067,0.016607891859944896,score_roll3_mean,
KGZ,-0.08666058327811373,-0.02417916704269846,0.03982160860399006,-0.005859081038985154,-0.10230138112806023,-0.011944178117286491,-0.033011085934500424,0.0041551319497057605,-0.5597481151942841,-0.6439580191606961,-1.0426627095547658,-0.044423570050676056,0.014471960269834123,0.055912999075649325,-0.07813361534194034,-0.14285094195736645,-0.032989239279666044,-0.09321465826198365,-0.04471243206193442,-0.33128382744226287,0.06256011551488246,-0.03433926941049716,0.20782745527142155,-0.0175266795023916,0.021985472942145638,0.00064927535544312,-0.008249613018834003,-0.009352222889191348,-0.0024267650714053014,-0.0077990648797011545,0.029077936784947397,-0.004848760787613679,-0.012367489942585906,-0.04388939169758437,-0.007751732701546864,-0.04143927057651199,-0.0018083784044476742,0.005498700478427205,0.0007557171900471404,0.007604483057522037,0.014408777121793594,-0.021076000117644572,-0.021625768925813457,-0.015753690225569546,-0.025201763173634633,0.05140001099574959,0.02862972192215417,0.04572524088050613,-0.002087191492034445,0.032932829913678005,0.007515094103749131,0.03742480434325069,0.0031062563945147602,-0.08629573938617632,-0.02402069579444527,-0.0007200181604862344,-0.009155562008338721,0.002279634887969763,-0.00022956040155220486,-0.010166430867188981,-0.10041808593620372,-7.396625677004611,0.0008276463648095559,-0.02677629495282536,-0.05513749346609957,0.0,0.0,0.100783374304529,0.010373478270915752,-0.012638414882896947,-0.058692090069589524,-0.017918189662482237,-0.031064654139591762,-0.008027775455022847,-0.08619345685615652,-0.003475946094806141,-0.003898055564508479,0.007448373829305508,-0.0032045932296203695,0.007016620059872557,0.01741154519005892,0.001180749473613885,-0.000650561504271672,-0.006453393618571513,0.0,-0.05442954345899004,0.006674340142311018,-0.005853545465267577,0.001400055504930734,-0.04711856126436627,-0.0030290826730529825,-0.10360616233954238,score_roll3_mean,
KHM,-0.0921881839995909,-0.05911057671137177,0.0387856567382984,0.0017990959302437658,-0.09635186561586333,-0.01158274905690217,-0.005750365944636717,0.005289391777288671,-0.6172083991835311,-0.8736703486740883,-1.00624190544282,-0.03734792835600398,-0.2116637234586321,0.06555077269525275,-0.22745633981489932,-0.3606242605374605,-0.05246505170099981,-0.07145733811733826,0.01303324786228857,-0.3024946279948928,0.04923271348445466,-0.06266672762407927,-0.15148745298308783,-0.01291210159918851,0.02995948190774027,-0.009980971144325761,-0.008950164898405945,0.0024981256950198866,-0.002440271648923552,-0.010876856062657026,-0.013744159713789228,0.00045593772362364273,0.006374275558584371,-0.046876679765113914,-0.0073971018282823695,-0.02926607714408984,-0.014316881484111674,0.02713835434080918,0.005664242139590015,0.007071039145408043,0.024436006324011408,-0.006178818144018867,-0.019128091357282617,-0.019844639178540176,-0.027430020236959597,0.0262021218858157,0.032239050689426264,0.03573376854540716,-0.002315451908644661,0.024527850920083676,0.022131403876334305,-0.04943032312579913,0.003235996009007364,-0.10399650870848978,-0.03702792910659393,0.003464968537893177,0.00626575730939496,-0.009255455274297823,-0.0028351628817614937,0.004923668295235939,-0.07718471725861475,-9.688753333420207,-0.0216446349588474,-0.007441945174104323,-0.005859242071818057,0.0,0.0,-0.06920836179832507,-0.004198686519784891,-0.016292007033454306,0.015244738294052707,0.013956515903182271,-0.023977067845848965,-0.0029932369532342734,-0.0005684421766150657,-0.0022282478022253903,0.015696265174384827,-0.021117167813695513,0.004765306745664112,0.016042019722125926,-0.01758480780806682,0.0014760480794765623,-0.0005518093901020784,-0.005758999565828364,0.0,-0.02376319545799846,-0.023920131327339993,-0.0027311588498568668,0.0006214472820061425,0.014758669385370161,0.0190889556301025,-0.00034875079367820556,score_roll3_mean,
KIR,-0.13124724752255612,-0.02957174580336342,-0.04649670866657101,0.01332116843539829,-0.11005548781167568,-0.01083647800858729,-0.2772529345728555,0.013346644731414949,-0.5664358531115756,0.2315838149839216,0.08360722676582011,0.053405550513759434,-0.11068195241125812,-0.1874438854722322,0.07454050047358397,0.5994611246906234,0.27654391270433565,-0.09966599535617583,-0.037576360224195894,-0.4317553771912962,-1.1395583683995802,-0.15408222547881092,-0.6533073583057329,-0.03539570709562272,-0.02120441861803447,-0.010845332831214118,-0.013231781390794796,-0.0023248764464425336,-0.0024680595410894006,-0.0081977650326994,-0.010147575704894711,-0.0013828782072805444,0.009546691184487546,-0.03241934836723448,0.004002365081314558,-0.07413271580071423,-0.018101676565524586,0.01642731824564831,-0.004979479506207831,0.059786903695625185,-0.007614337272831762,-0.016209841245420506,-0.011492031763815812,0.008392725948223,0.03201515465316442,-0.035989846542038094,0.053655552180386305,-0.03142873412078021,0.00760661752446479,0.011373983404982246,0.0012898535289037685,0.008746350961465919,0.0058007740256282615,-0.07685406135177796,0.00018008712146650135,0.06050411130590607,-0.012901891402215088,-0.01920286972198855,-0.005804632357760792,-0.015941154291568473,-0.08080726156658447,-8.178598467076936,0.0013542477075946281,-0.02480567173121638,-0.009086985040985884,0.0,0.0,-0.006775850199442544,-0.014774775500856038,-0.06580576422130442,-0.10425475900397027,-0.007453034299024941,0.00352219489755901,-0.00560608995831945,0.016603104904980227,-0.011831554491433183,0.004436122331310576,0.035398325726101486,0.003961430438732397,0.05762552440977689,-0.024769977464526534,0.0014284512230654973,-0.0007729089574630211,-0.006372926474351898,0.0,-0.08942737306043268,0.006687838836652461,0.028408988697412603,-0.011320065574750541,-0.08153093460630183,-0.045076488379854694,0.07532890467596286,score_roll3_mean,
KNA,-0.1559601415789584,0.03343905908564881,-0.014475413802500182,-0.07722424361865507,-0.1342880676536517,-0.04810213263017562,-0.11420657496362636,0.017034182888890526,-0.21783231886671653,-0.9282040173193367,-1.2710629257257935,-0.04766090221536797,-0.5512566764097631,-0.1720172132360299,0.13407977306251875,0.5735037053236054,0.19953921569478536,-0.11781221978938905,-0.05057510735194253,-0.25802110677125845,0.8418976639630233,0.006244241544550564,0.15897385137236367,-0.008894188281823626,0.008072507932501688,-0.012212062153911407,-0.008245929659499248,-0.008308172196570146,-0.002362672074033617,-0.005438253106078264,0.06480500473702804,-0.0002879360510410849,0.003049957350908858,-0.042730780417374714,-0.004694474359410875,-0.05743523094025918,-0.020442745150026836,-0.03337258169571462,-0.061877575739562804,-0.00463664504069321,-0.0036540387620469963,0.024924039987174233,-0.019053128814709424,0.00880585861587127,0.024373030046227567,0.06592420530430282,0.008370198315446916,0.06588437130076039,-0.005525923875239747,0.07849833312009938,0.026285653363044864,-0.028652521638013753,-0.0007780233190263545,-0.10850013176616904,-0.05359691373901856,0.005162933016812617,0.013788149524033946,-0.00137503283068024,0.0011916306447796558,-0.027630395374738933,-0.09943370762617003,-9.01717571590275,0.018675726910711878,-0.018905236342225216,-0.0007559480731665891,0.0,0.0,-0.027692398428206408,-0.011141751374356405,-0.07647069301135184,-0.12243361859641175,-0.026251096300115094,0.0374847408616318,0.000734302713830875,0.007254250906230468,-0.0046444947322130045,-0.020880283166564997,-0.04663499805543149,0.005314048383950032,-0.01171107757906613,0.019246933386785233,0.0012800934431480627,-0.0006312596414687453,-0.005641904963700944,0.0,-0.06743771853510372,0.01667941628933044,0.0007907551038141067,-0.0040372658611962774,-0.0678914083614407,-0.08795317112226538,-0.10713445372636705,score_roll3_mean,
KOR,0.20851832861393915,0.10308802523001317,0.046605988525537566,0.010348740578616353,0.3524274864962092,0.02145139658802612,0.22734782541915044,0.01855492771598646,2.0816495088034825,3.7601439979010935,1.152616824887655,0.04348541171612727,0.2093688850586046,0.12977354939143018,0.11777958291946536,0.19381524575969963,0.023037358426693747,0.11096187163571358,0.01781196738450251,0.9992376713245218,0.8935371740017579,0.07550600732827131,0.17062665937768098,-0.006033092390224335,0.008443887292874527,0.010557566193198148,0.01980975276130377,-0.014971449945846847,0.004830061479920681,-0.005661564052161821,0.04892852427242525,0.006348020421833439,-0.08470530599740529,0.07831516010174194,-0.00851815863804859,0.3069923476054713,0.01786432023664737,-0.007103033848927909,-0.0036999959994180515,-0.007424464244257123,-0.008920258099268528,0.014693552157717499,-0.0006885378065943126,-0.027768206546066973,-0.033154789984424025,-0.05954546847649858,-0.015282608823112238,-0.00666851706864045,0.017319032494032948,-0.05401070136153916,-0.01867079914851509,-0.03589515394560858,-0.00029135732178004885,0.16754174228873267,0.044311724516682235,-0.011699468371987607,0.026982560701155064,0.0006722772394458181,0.004983954157371554,0.0739360156873089,0.045157161166308794,13.882965339037755,-0.044020803659743875,-0.039045780564065706,0.007162040810834079,0.0,0.0,0.048914712947480454,0.003430382348995307,-0.2519873899770244,-0.044605172447408276,0.006377865567079974,-0.010896017784409321,-0.0009339911471764641,0.01386509049510701,0.006504099199330713,-0.08247357996020488,0.006504555272485692,0.013952809523744138,0.0046188124157053815,0.0339658449577955,0.0004757405799327888,-0.0006392780930347145,-0.0029328716671015976,0.0,0.3457389340282104,0.017398761306525838,0.003359497195568263,-0.07295699494227337,0.05436517727209691,-0.06806295284910627,0.00412965308640495,score_roll3_mean,
KWT,-0.1981111279629437,0.08414641975611847,0.02007045291830579,-0.0014342055603046588,-0.014248196213272618,0.0410331692535266,0.05011227977212168,-0.010960202893333246,-0.18230868178174284,0.7733475540306199,1.3398793919371406,-0.0333759161692099,0.0526075885777233,0.0010098123566457666,0.06980086403548907,-0.0035701784536164103,0.015715280274936964,0.012046107842769443,-0.04655136330623476,0.3669224771328094,0.6449809344096232,0.06634826597543424,0.1984886683945144,-0.006393515361061767,0.01794816352287148,0.022553680938040954,-0.007080643396681399,0.0007104892031174885,-0.002325686948429932,0.04671112713636335,0.09283242128814409,-0.003929609333257921,0.0074737133700896585,-0.020397870857179333,0.005309672195837753,-0.0461962701892775,-0.012977040559620057,0.010835405487033448,0.0025343782579477247,0.011380728565896857,0.02257295732430818,-0.04423206216389668,-0.015567022661822643,-0.012990689568984509,-0.0030115464014094473,-0.04405837143944809,0.001128887487571194,0.01956884322713868,0.008516616415584474,-0.005780389994708964,-0.010713172054558224,0.026175444445941186,0.0015508691159961552,-0.00917512613094953,0.010481391128220639,0.002155987915869994,-0.013259361688235409,0.005098073817087443,0.0013458540961650604,0.011914138359658228,-0.09757989425011539,3.5466605212568254,0.018483502138399985,-0.005436292626050904,0.0022109327668634994,0.0,0.0,-0.0792004166282721,-0.010949641925303774,0.050611208187840616,-0.00011965363109164628,-0.004179435281154989,-0.062304529699104313,-0.0005831783646809234,0.022828546335089874,-0.007664127269475646,-0.01837028494138329,-0.026555715875757255,-0.021701230245028173,-0.017584634060903125,-0.02245381520505563,0.000856431100070366,-0.0006886180537231404,-0.006129671197189744,0.0,0.005018106140245762,-0.004491756922234032,-0.05892080518888685,0.005513554591854386,-0.08195419398213306,-0.19566106656949775,0.004208661486993625,score_roll3_mean,
LAO,-0.09935458911324815,-0.05570788784318171,0.028098597163635247,-0.008126654179100419,-0.1037543012590866,-0.016764450783372645,-0.13878701911351007,0.005050062486416238,-0.706855240622879,-1.0563645814684208,-0.8530777274716996,-0.035562269507865125,-0.11761132813266516,-0.1412699671614393,-0.23400012422060976,-1.1336911543825772,-0.09246172304754556,-0.09330159468072358,-0.008651110710063564,-0.3596147850838294,-1.014842857704538,-0.08139752008696093,-0.15283440826605157,-0.009674486030627658,0.0938001405159217,-0.016590731936348056,-0.02024035922965843,0.0037356786574276133,-0.002439655133040319,-0.008671371243209228,-0.019877000111506463,0.0009289901744377522,0.008826405648379769,-0.07242683032736605,-0.0077853019844104756,-0.04590032454357905,-0.021168059396466325,0.03815392677697361,-0.012418503717359523,0.006243050770731129,0.020442201918754736,0.009515398057886561,-0.0003569642475832338,0.012611444334567535,0.05858895808323601,0.028102600307331038,0.04067032923889874,0.025588225990795438,0.006996848899425412,0.041226185934057406,0.034865221588645905,-0.027961479650034753,0.005580688840943564,-0.10568708525756404,-0.011633723966811475,-0.050208684000807205,0.002730577339739229,0.0013737236913431328,-0.0010471191563359967,-0.10210739418893182,-0.060703729567229026,-13.71814978079265,0.011697334536733286,-0.019262444585673538,0.006765235960290813,0.0,0.0,-0.0644184752748729,-0.015245509912114324,-0.05545964182055167,0.06516792277585244,-0.018086792462295748,0.030325583151232575,-0.001493983264979141,0.015364534412353102,-0.0008200360324540798,0.01585520080560817,0.07170671073975173,-0.002950804325201473,0.009521855018869119,0.054893473868297814,0.0018517011761314025,-0.0004680715982144937,-0.004662066960216626,0.0,-0.0565385634668056,0.004225410456560154,0.006008618115052671,0.006115791826392012,-0.02557928227511525,-0.07741961193482158,-0.05660946797973764,score_roll3_mean,
LBN,-0.14396504065164348,0.015461055031881428,-0.014581245250202313,-0.0026914129172479107,0.03540362952465136,-0.0280897530705689,0.11095024624135813,0.007184399714518713,-0.5078085272816487,-0.6933757932312552,-0.9459050973478925,-0.04913062524519792,-0.03675877357086217,0.032205555530414355,-0.028570077591165415,-0.00782659558796639,-0.016605329468701205,-0.061215788403301906,-0.003377435572684253,0.6187392594114707,1.090149351749634,0.017925245128852952,-0.15138295230535126,-0.017145022447643973,0.0036026039267776045,0.06168976612862112,0.030341057318293098,0.0035751177772681566,-0.0020071450248278933,-0.0038585705983843303,0.03657194173899405,-0.001667049294038913,0.017178854046934772,0.04055956509941982,0.0067264554368038154,-0.0233043386240968,0.008940036747689223,0.008130197568092102,0.0011426220979341207,0.0012909046938332106,0.010407334388683211,0.00502769116271908,-0.008839851989612658,-0.012333010015323916,-0.012428645092183232,0.019632900347455483,0.03746710463310351,0.041284296894432464,-0.007652706416618627,0.01907562658937473,0.020638228539415392,-0.0100971323810754,-0.0030518820016160646,0.13487864852383502,0.07939494993820681,0.002627768427687802,-0.001684488113310395,0.0010263128125203185,-0.004397205246248209,0.0055516881561025735,-0.08053459083594453,-3.2571407842750477,-0.01895560157501472,-0.06324669742178664,0.00015181943160564158,0.0,0.0,-0.014106513597869906,-0.013301535830672465,-0.05825493358728126,0.014078469789144224,0.0016797210026151034,0.01859407617589675,0.010041786876811967,0.004936935810836852,-0.009171390151616356,0.0120926278617722,0.008041660255249314,-0.008852378761134037,-0.021230454567608362,-0.01715791686289343,0.0013936377670067948,-0.0006917898906909645,-0.006333725523829957,0.0,-0.05275270317993959,-0.01648527461855523,-0.014720400197259566,-0.0007980735997032061,-0.03138229922664666,0.02472816695835043,-0.016768471682167253,score_roll3_mean,
LBR,-0.13538246201913728,-0.07039714944476332,-0.02632596921131243,-0.026615813995806644,-0.10821993454638579,-0.01683546467746616,-0.15879860174416355,-0.00736896662371039,-0.5618855928842149,-0.983776703294182,-0.40624376719953303,-0.037507215605860976,-0.15844688611697172,-0.04924445840221111,0.04712096156937429,0.3467619944958009,0.41142990283829506,0.008023257301435688,-0.02883009645088113,-0.36613717485957287,-1.403351533623369,-0.09859428067441738,-0.10176312457357925,-0.03708593689964006,-0.01607279199348525,0.005198514278639046,-0.011197260581417692,0.004446000525414011,-0.0024651869111415835,0.006081625200605744,-0.022014751863074826,-0.0017119685759954973,0.018756763435048444,-0.01898663954160267,0.002067705452099064,-0.06683370812714336,0.01841763559647279,-0.009537313300257689,-0.006850143644644111,-0.01110927071244969,-0.004492048389579329,0.03897111082861326,-0.002485507283010843,0.002275773002424977,0.004942739676711355,-0.007470553037384444,0.04769175170482975,-0.006660698438404573,0.013622440121998263,0.011011951660564503,0.03275991855980571,-0.02059047445466738,-0.008079772201209076,-0.08347089730434613,-0.012873909081889914,0.03594245007976674,0.004875462071524151,-0.009428988934782319,0.002082529642103545,-0.03199001494466454,-0.0665289995917358,-8.50198470749113,0.09297352792528492,-0.05229861912528615,0.0010077602964709976,0.0,0.0,-0.014422817300781715,-0.017706571882466538,0.05319235633154547,-0.11372603101526206,0.08775631238378612,0.0629244011819543,-0.005720442770849367,0.028651925757478356,-0.00828388936586192,-0.01437349411611417,-0.03423734645614892,-0.0006849989656295646,0.008095306186541008,-0.024207102840983066,0.001607535728755111,-0.0004918073318861465,-0.0035942913679451235,0.0,-0.06827839821534296,-0.024712172459109078,0.003424068913932088,0.024537347920958755,-0.039852612624827435,-0.017789341613211093,-0.10614427701528958,score_roll3_mean,
LBY,-0.11603655095673736,-0.049554605600486926,-0.03586334571154624,0.003629895129298385,-0.06002368716877725,-0.047612670123610916,0.05352604789752515,-0.05596914294864647,-0.561830723324291,-1.0187368521559,-1.0113145296107917,-0.055173172060840624,-0.33059226964582433,-0.22724810256019945,-0.20607596493383734,-1.5918728507740523,-0.04310913647011442,-0.06616644153698815,-0.004328370993867059,-0.3085501039690001,0.8600917953329662,0.004769455353107294,0.16527229190201811,-0.02700461174139033,-0.016322515240528284,-0.010438971566391987,-0.009239030311137821,-0.001923847961399403,-0.002063313484120255,-0.009586059438406888,0.001576746796094568,-0.0008265174438006241,0.007519180008752481,-0.11207356885660466,-0.006936566753975257,-0.04181649773506601,0.00771755565861495,-0.0014450875254910871,0.0007005754905051454,0.007903032884154736,0.01938609681670889,0.015898918339679158,-0.008744431744658604,0.01052855371484907,0.03823084514923398,0.06548707913507787,0.03328183626847787,0.042387630195092216,-0.003559628453577031,0.05779159777440443,0.02915627116391206,-0.030762963635655866,-0.0071729611850007815,0.06272602694165595,-0.057367639243092364,-0.014576056201966243,-0.005486741191593818,0.0012004179829395644,8.479001252716788e-05,-0.07901282605448456,-0.09761805829408521,-11.633113112074971,0.023099149522792694,-0.024648678908880655,-0.01474514394919187,0.0,0.0,0.036789178475239694,-0.010569229464973833,-0.09641681836612447,0.0890660698407882,-0.012391836488760712,0.009034632179508525,-0.009193356996291048,-0.06300778926663093,-0.002733446508791922,-0.02473793193036206,-0.03868612521881801,-0.03508514692937469,0.0012298324666156957,0.017369571747496763,0.001832306563759299,-0.0005648549884035281,-0.003991214624290818,0.0,-0.05585669086348792,-0.024554210725590914,-0.025649761618822375,-0.0008790659531250384,-0.05483141713406009,-0.043415130013553814,0.01801503325236276,score_roll3_mean,
LCA,-0.151052387116491,0.019301257825011905,-0.020379830737987624,-0.018035194893887323,-0.10374936574445164,-0.0051883022758903875,-0.20782605706314822,0.008130546280312333,-0.37325853713682944,1.8701792963931034,0.9991331547340586,0.13602974757594982,-0.008177164105361245,0.0349130138237986,0.09098917662397703,0.5317407755662809,0.07373755755696385,-0.17754753679924687,-0.034551003191146776,0.446790428899424,0.4727565209876139,-0.46558532015584647,-0.4005676967184552,-0.007721378738175006,0.0159860894775112,-0.008513636056021925,-0.007807389571753825,0.006119818215524689,-0.002702063934369635,0.026868422424782778,0.021034489251816318,-0.0015734362140121104,0.009949674892170501,-0.0298076868391652,0.01684692956425244,-0.08892373404543172,-0.022325863807583543,0.00043316403603030985,0.007153151899888776,-0.027134584619887193,-0.009660863416819668,0.06912256171706288,0.013890642799073111,-0.015450170240745454,-0.012293606504966522,-0.03374725150695755,-0.03469264173439855,-0.0650138567804559,0.058738289510663635,-0.005969104656855033,-0.003527922106764683,0.05105984363811241,0.02965174108152069,0.02199897608854014,0.07755500367814955,0.0033416491422258096,0.0008532221819810726,0.001336360017434722,0.00025738554128532256,-0.01616145663844332,-0.14644394375926778,-4.075339613564907,0.01615286162038284,-0.1292668382293222,0.0023284733680297496,0.0,0.0,-0.011898284509928556,-0.005111122431658432,-0.003772617353477803,-0.10240140648493083,-0.00975324225387845,0.05256592751512772,0.00021168633523469227,0.013528989200908476,0.00550145402333508,-0.003393452039603307,-0.030823400381873395,0.023766952768987323,-0.009275561894226373,-0.10724588587163623,-0.12321865534518309,-0.0007157710311075868,0.012778240245722055,0.0,-0.0680196392301147,-0.02124895953184338,0.11050029179376748,-0.003959728115063447,-0.06262083629260931,-0.17306814692729905,-0.10773384547304352,score_roll3_mean,
LIE,-0.09038527258855562,0.44450859692682104,-0.018316955037915673,-0.0077729149189908866,-0.14759394954323649,0.041537840475885414,-0.027169717969127396,0.0007091074320369322,1.6537759875523903,-0.10188500143201921,-0.3084613492688981,0.11756519308146372,-0.13482448361925597,0.11920671009069143,0.0881206347456915,0.3508671999262452,0.2146331427540867,0.07502930765341699,0.009677357791689033,0.677423376708118,1.2155217014530313,-0.13804445086840758,-0.025895057669285567,0.0034434542256117627,0.02203890338415135,0.01602821536783534,-0.006037583696610877,0.03582687395987316,-0.0022893436941162685,0.06272107588014096,0.1667672215072961,-0.005345025577777327,0.009345351671764318,-0.0011915771349492697,-0.028200102115442393,-0.09638764947481253,-0.005514151107364682,0.027131186092728198,0.008605556358953603,-0.013050501415924587,-0.00259610327125175,0.1459657543989973,0.03098073548172489,-0.028323319940923228,-0.00725869077176863,0.040145107362855675,0.021302153054881815,0.03649679572914995,-0.02648948656627804,0.11933768472394407,0.034771417098541604,0.04260384787888777,0.0004058890671711351,0.16235535847528845,0.04381074493616815,0.0337560140233725,0.01824351558168651,0.002379572852014016,0.0007759048468591028,0.46172134239395196,0.07478876742667499,11.985963634720664,0.26722309275657213,-0.08028762561644308,0.013115038817815552,0.0,0.0,0.6606393793126779,-0.013094856058935999,0.18125388352077265,0.021700258685268065,-0.002728623163592238,-0.04560906568633264,0.0015452465914728925,-0.0236511047450447,0.005640088727177151,0.017215710954213443,-0.022786102447246007,0.001308130635570487,0.0021025146377680495,0.24466809210628562,0.0006436600337601585,-0.0006700408118320259,-0.005675337416416976,0.0,-0.057091625511866397,-0.003939549055388634,0.11817541962158344,0.012671305368411753,-0.03411475067517314,-0.07064035664133331,0.24413091806607565,score_roll3_mean,
LKA,-0.23320998381546476,-0.0876170943880512,-0.011801219770019189,0.011138685740405713,0.05461564366765404,0.00069798078348679,0.10702348432237596,-0.011188140999047174,-0.2691696596113463,-0.05366590590015451,0.2815998210510189,-0.0233635245172343,0.10065822739802441,-0.027455301832720273,0.028861113849127616,0.11499661898538807,0.015839103548001096,-0.009588474668333137,0.002124549282024485,0.35359413228056924,0.7735127176493819,-0.3756453224304563,-0.2848082070949783,-0.03049012992265445,0.008814387761766457,0.03964678451615992,0.01865537077048975,0.0009615323742979037,-0.002060432641412486,-0.03858900073168783,-0.02605858826153737,-0.0033009946037323608,0.013927565458614675,-0.011319900696173953,0.0016540230689150043,-0.014877283120938207,0.0085704137254305,0.020516618706520287,0.00635569863028923,0.01709491917714368,0.007003797190555654,0.046607286842549264,0.0052924008507771155,-0.0027305816132188144,0.020304010121901434,-0.02897542633958917,0.01998788957189682,0.01086443599361379,0.007210979424480664,-0.013761716238301865,-0.00397074784503015,0.02205278341998622,0.008190458933153774,0.02832229486252076,0.06829871590679912,0.002249370847390323,0.0057025178222929315,0.01025774066190674,-0.0006811371540554667,0.018613465503360137,-0.03128644793579559,-1.4028095169239985,0.013166971338995869,-0.020588521679884293,0.004907493242521569,0.0,0.0,-0.01356319002033506,0.010596694778766146,-0.003822042513443979,0.09076264140364997,-0.0027017351348931477,-0.01275226874507798,0.00027885542571316405,0.014652049419074333,-0.01742030964140572,0.0031862552033232227,-0.014760545898822586,0.017838145287994066,-0.00880403894162551,-0.018766561691775444,0.0011303385068312057,-0.0004968776101103924,-0.0063689047802577906,0.0,-0.04242161034559023,-0.015673644933313458,-0.024750424953663138,0.008674529756272248,-0.04721317854305144,0.061052186042041615,2.8093159345812878e-05,score_roll3_mean,
LSO,-0.12496633412343158,-0.061375588865474014,-0.012913261920138277,-0.008276745472313699,-0.08894921509451435,-0.012078830741728677,-0.12934537526144183,-0.01773411045869099,-0.6029471898789757,-0.2562952001030333,0.09225290000940159,-0.023439668457288863,-0.05992875248964871,-0.009493561768979353,0.058313396702237015,0.38738747447986704,0.11825143346052579,0.0059803157616373035,-0.033394379079166564,-0.48730454580943594,-1.3496847903689886,-0.13828839514661306,-0.1411263177709296,-0.0033198136338653326,0.010106317635147471,0.0049522453819329385,-0.006807185393604461,0.0035833618003902486,-0.0024534117011664478,-0.012126477069442363,-0.013440861931626535,-0.00627325242026973,0.012110911456646051,-0.03288649482017247,-0.00885069719713317,-0.0591918906450996,-0.014104034768012974,0.006671022567941418,0.004171144986004649,-0.020581868257336596,-0.006318361661137454,0.011098226575070607,-0.0005801746960126835,-0.00521530572343642,0.00616646360655814,-0.04300412409300976,0.0319774204846973,-0.0032899677355374213,0.006500381952887499,0.00223899446403706,-0.0011536571639766144,-0.016594984567363625,-0.007103496431131535,-0.08470118374874072,-0.014239873502755167,0.031489735546994725,0.005588526108987467,-0.012334101993004437,-0.0023809786631740415,-0.030538847972225322,-0.06380450742680167,-7.126647662273809,0.04340546898089638,-0.05433649671188779,-0.000650370670143892,0.0,0.0,-0.020355656190402912,-0.005280442009649907,-0.038395577736186466,-0.03735744812308775,-0.013629256516402632,0.09031315772270697,0.0019185732665793537,0.002285808565915046,-0.014261676231207235,0.007260314129323606,0.02449739795928268,0.0022135140210397257,-0.012776545499418706,0.0034733997896496493,0.0015123313595986798,-0.000630005038660389,-0.0039014838827920078,0.0,0.018862374371440185,-0.021617139462008432,-0.0035660336637839403,0.011592481909071804,-0.04941051152323294,-0.001522943777993645,-0.04652525906025577,score_roll3_mean,
LTU,0.26357454243113493,0.020668758935224848,0.0018222013397278059,-0.015384044677909275,0.06653078645111005,0.05590667300665525,0.06632190627605719,0.025621172100072403,0.15184158772690537,1.5323567947587475,1.2730232735949019,0.06859974109493407,0.17018169248000306,0.1316348054982609,0.12971929934849677,0.34953117561854036,0.032702336942794986,-0.1312020335743796,-0.003928007191048594,0.25421037540935865,0.865796072872687,0.09975892457051755,0.18952354659139964,0.004838382074701485,0.009667655351905082,-0.009064395858706116,-0.008229439891730854,-0.002277420204718954,-0.0023019250205324865,0.0029554051661131275,0.015245839318629946,0.006386138430405677,-0.02281967501503285,0.05279368532656848,0.008136125045369971,-0.037896433186012046,0.005775140988824212,0.0071398441677870085,0.012716750198111257,-0.0035786047268800882,-0.008766851033204882,-0.02072393300396799,-0.01437333444363856,-0.021840077818897758,-0.025247480022409,-0.045994256939995974,-0.03674886359696776,-0.027343700706347,0.025568065291818626,-0.013220040283980834,-0.01172727161451387,0.006490808645307607,0.017589067986671415,-0.12080598685205018,0.058078693382772065,-0.004318609514376975,-0.003281600776665581,0.0023032506079102666,-0.04857865590842962,0.07235043848728863,0.037454929524050405,8.174150587368416,-0.015076009269047317,-0.06630631137049507,0.016882293964230972,0.0,0.0,0.02064647247407524,-0.0038087563723987593,-0.01118722324753347,-0.004825085185477044,0.005916707157072024,0.03199074200615597,-0.0009579186608463713,0.025294729415837217,0.0003905851626697669,0.02770808916298163,0.03589902430257627,0.029413407603515754,-0.0014972432015298417,0.018139947559299163,0.0006541233590307856,-0.0005958632844688592,-0.006321976420395709,0.0,0.31385682477490967,0.047251923421719653,0.009519499031199297,0.0023924385376736432,-0.013173086842352206,0.01512807348123212,-0.0014337961013069131,score_roll3_mean,
LUX,0.11109343262827819,0.11347706099957457,-0.017076476426439325,0.030033106006401473,-0.0286086025707877,0.06342113691447278,-0.003185633999212547,0.004866276583894409,1.3651655616096858,3.8228568991815397,1.6961874992666832,0.21586236022524802,0.1365811166321004,0.11770440550736723,0.07804088164991448,0.35432984624842556,0.029028830916795777,-0.2820326687616451,-0.03263049725728707,1.0365842363893336,0.9143764979717698,0.09091401297827881,-0.3392972934365823,-0.029503878874089368,0.002097472149882982,-0.008554946978023227,-0.006764832687964476,-0.01864778407041862,-0.002209219372584426,0.003333552996360585,0.07895409984670616,0.008249373791880031,-0.04135760297708975,-0.021943548160667153,-0.002009393865480574,-0.06588160368924849,-0.007484232203735639,0.0025486682368769747,0.004533470822888502,-0.006169939619060343,-0.007666760208884107,-0.04260601310537832,-0.041024163884563494,-0.014661174599606872,-0.03230151071525821,-0.061618783497144516,-0.11131411123324066,-0.1294363080598123,0.02204832902153198,-0.01702416563719627,-0.029038192347151236,0.002049658024021328,0.011765458852231316,0.17318823843108816,0.046157640342942584,0.003207259972782349,0.004034150411834441,0.0015484892002826504,0.00516014444604149,0.3468950197469555,0.05891931085469888,11.068786734528642,-0.027043839504542918,-0.06737340256996151,0.0127553146254057,0.0,0.0,0.00310301010610309,0.011891070383826927,-0.06725259660433709,0.02407885108315019,0.00598415316336883,0.009767033960884122,-0.0007381082153437231,0.022096312838252866,0.04045494959422251,-0.02122878203701198,-0.008324665250936954,0.04186288788642826,-0.003038711883486736,-0.012525929569696243,0.0005756665941054163,-0.0004032462926623281,-0.006199388689781886,0.0,-0.0017356886328792032,-0.09762826934626229,0.0057640159070395935,-0.0010719533083643465,-0.15453936231341434,0.09209557480716145,-0.03246137541799309,score_roll3_mean,
LVA,0.2723479894302638,0.051753328303459384,0.013441028252393598,-0.015188393955535916,-0.004790738060479833,0.052256970548671774,0.056594089128811184,0.03103709269721941,0.40196055149883564,1.0620920320681184,1.0749466947662842,0.01792709787093424,0.1255614148222245,0.1258651890802002,0.08271009008975652,0.26347342170271454,0.017977488687839056,-0.10954178168220889,-0.04757910168226608,-0.018101164354456623,0.8148599333804245,0.057372831216374015,0.20155679397110177,-0.004014768795967618,0.015194517755373307,-0.011867053223213402,-0.007569912424116756,-0.009427146505393988,-0.002332389776813052,-0.002346833053535059,0.028523649413152444,-0.002711654194527241,-0.011900392835175197,0.007905411616206552,0.003743366665869679,-0.04046932283135134,-0.004039428096515494,0.0002750824844110439,-0.005736461933430035,-0.007028183169289621,-0.008072006968308414,-0.07330629002372568,-0.029527055356466724,-0.018782142368347687,-0.028475551139297763,-0.04283472559344927,0.008102892932705686,-0.015411097038102266,0.01237178138541681,-0.020620233632692796,-0.01591836300140827,-0.012249554645417231,0.013984222751830809,-0.17389781655950448,0.00789888128606903,-0.0033657425191660744,0.025684358947978145,0.0017680554995417558,0.0016365039275165324,0.07272427576091964,0.01627150880796095,5.918013525432077,-0.014012767893942102,-0.0683016963391187,-0.0053320217513962145,0.0,0.0,0.03534940320419404,-0.00824533585715125,-0.06218947627341435,0.012969999665643878,-0.01190175216539866,-0.013823652884190383,-0.0010287509556267246,0.0059170586716119885,-0.0018875283758789407,-0.003964373889756999,0.015185994688849408,0.025859516612250732,-0.005979414712537907,0.02403244168561686,0.0007588016930757317,-0.0004362925143211832,-0.006319727078130096,0.0,0.0030785130472527535,-0.01774430015046338,0.0035184024696902298,-0.0022141957637858874,-0.057257655973810155,-0.01401653793735111,-0.014986201412407503,score_roll3_mean,
MAR,-0.04706408941202845,-0.00772684647243401,0.12119939427440041,0.02510486322188665,0.15245968950374075,0.055658067535451244,0.10218568218725975,-0.020806771429270725,0.4438496744961651,-0.0062515786565359565,0.32090599147193266,-0.039223805340306804,0.11589001201704914,0.15622623675370012,2.277262098571153e-06,0.01629899734879027,-0.0034112333296551257,0.003441900343682673,0.08510658649134334,0.30948486521665997,-0.338251265990945,-0.4142003383855133,0.20279941255886896,0.0010152914667757643,0.02166119107672954,0.030295097741462742,0.024217695209111864,-0.0007437722907637199,0.0045225520903888075,-0.00024887986265217975,0.0004504935025286194,-0.0010716071656322618,0.01117463680647564,0.04406077845682309,0.0052660485360223434,0.05066342943906469,0.004588060825833771,0.007504986666506017,0.0023214311966489225,0.02065573487611675,0.019268268954010227,0.05278218454419124,0.010421308733379488,-0.027286921356949035,-0.025069091339669402,-0.025258916165930026,0.043274694796608164,0.02703878194346873,-0.0024887521469001174,0.011072289055501908,0.01588541145220454,0.0359699307821394,0.008808423989185132,-0.03464256284190753,0.06230977709700703,0.0014688981262940915,0.001245854436820427,0.0009215635870216326,0.006139547473337717,0.0029460942777857465,-0.15925171439841523,-0.328620503252209,-0.039451421555343064,-0.003681051624524912,0.007679549595360793,0.0,0.0,-0.09942846153351807,-0.0032635915295057246,-0.04132939492751794,0.15067969835343106,-0.0070108599475713265,-0.00762801495874479,-0.0008453512101121481,-0.0038314955748656922,0.001036218719707859,0.04882284576329681,-0.009893060201277603,0.004476807424894605,0.0003475128632474786,0.0003735511196620795,0.0009248824696013043,-0.0006959215589370433,-0.006277253917363136,0.0,0.2894350929996729,0.019703995771413893,0.004659537630027826,0.014682541186900813,0.05104057764044919,0.016293314460675966,-0.01272287827031458,ict_patents,
MCO,-0.17441941063929198,0.33197687493847117,-0.0253042341304827,-0.046129173794650286,-0.14456723194296398,-0.014549517452658861,0.06550972982587981,-0.05512369280271733,0.9657027827472145,-0.6998992275137988,-0.5598238633561367,-0.049537927284622085,-0.553426383027179,-0.20578041190100457,0.10011672038632569,0.386909829555894,0.31921526311481285,0.032947619659909784,0.002348932327789275,-0.41278080621639285,1.4772872282513452,0.06808857761895745,-0.3737907286400676,-0.013864900065326846,0.013337003502472737,0.01569484195165561,-0.002266312806716539,0.0312596212995531,-0.0020590962535272333,0.0859057015462536,0.20507691307070056,-0.0026338902552117027,0.007992533352901886,-0.012607984421987649,-0.005570155735931844,-0.07397469867629812,-0.015365046646708154,0.013104132507665886,0.007636838375461531,-0.013764692187583189,-0.010873542411887966,0.1262172487700167,0.020215019212452234,0.0008534474561916881,0.02119955336263571,0.035600596474896475,0.02884941733853937,0.049580761851843624,-0.02929777446620128,0.09311253736613984,0.03454712963991629,-0.03730389024405428,0.0012491843964862707,-0.24365869028856732,0.017397373409951115,0.08384171668321178,-0.013542417173471058,-0.0013286525403277095,-0.038835210570533886,0.18980077829651795,0.00943306297341695,8.578827385931396,-0.023345508523134533,0.030068832388061035,0.027272290694032485,0.0,0.0,0.04387352469971747,-0.013009424289608726,0.2063097183056055,-0.12768679187042364,-0.013295706213345347,-0.047445770169753106,0.001163365895162703,0.013177031334520035,0.0008038555412132288,-0.01074271446182524,-0.0335107393008177,0.010569008720316096,-0.005456858121651725,0.018286156747828044,0.0009384192126016578,-0.0007257496215777483,-0.005371844288902986,0.0,-0.043258967511502405,-0.02081864714459403,0.17376714155486242,0.03179988584379504,0.09947957711485639,-0.08656596375992642,0.41343768603711045,score_roll3_mean,
MDA,-0.1185385647073322,-0.005633471503943992,-0.022920607471439557,-0.011295169413980684,-0.08015067887720934,0.08863093145512,0.07550126931714718,-0.0012440268182603727,0.2806290149239141,0.07686057960167114,-0.3994183301771716,-0.05280477493722586,0.02092510533132468,-0.004522442805142491,0.03789141661242032,0.303800278634778,0.03914155983829026,0.062301203107433784,-0.02746343715107463,-0.40392287820312456,0.7359772657499601,0.02374393453369331,0.23567587132674095,-0.0310418552857235,-0.010283198666281941,0.025673612364997232,-0.004277464006031784,0.020240377065479525,-0.0024418541076619564,-0.007386735589542307,0.016035229480274762,0.002015435786394914,0.009218962124398444,-0.023267711973194084,-0.0023181902088990334,-0.06122477637801246,-0.00846051789915266,0.010752436092518134,0.008178699426532323,-0.02557238365987633,-0.005540975533514626,-0.04575917655889474,-0.015784085587534746,-0.003195759277453325,0.0034019208484979764,0.030409624133931317,0.04628668333867626,0.04272789344148006,-0.004113261037152053,0.024927813424623402,0.0010143412045155655,0.04019423120026185,0.004315787036516169,-0.09229880803490934,-0.003840114247519223,0.004196860674258397,-0.0003849763838866946,0.007969330289802455,0.00034843616041066905,0.018592505296637755,-0.14738001662871208,0.913177513093498,0.021988054798006997,-0.0674715993405235,0.008110657984691804,0.0,0.0,0.07541928299792146,0.02218146819241286,0.11431605521893085,-0.029734078789737047,0.005281119140783104,0.04738005341631494,2.430430693160377e-05,0.022163396391422598,-0.03514819641425765,0.008413455895320034,0.005882626517765771,0.03268339156937135,0.0021633646532907384,0.0159758378447196,0.0011483876507667346,-0.000650438022162082,-0.006240180684177549,0.0,-0.019955612841439,0.05065811416572222,-0.00920213294760844,-0.0006781027712304518,-0.04249697271000364,0.022056871490998286,0.01875165559252919,score_roll3_mean,
MDG,-0.10860189175152218,-0.08356918136309216,0.003423191289853092,0.016408709523005074,-0.07921470997601031,-0.009577197874942923,-0.0027153390669214716,-0.004998858884652988,-0.5975391743411594,-0.2823883021479888,-0.610194811187876,-0.04306583980649106,-0.052236749654923996,0.055420834916537924,0.03522461293330851,0.27557612764355216,0.07747348230141492,-0.1039644828230522,-0.041882420863761156,-0.3604073354486685,-0.9607803811822637,-0.10657968650291476,-0.24179123182361117,-0.016034648605608166,-0.008834131954178539,-0.016937443717539035,-0.011152757806888047,-0.008353417882836426,-0.0024675525930925556,-0.005963902555011941,-0.03151645571555795,-0.004827139244535208,0.014143031423898224,-0.01782065735124974,-0.012471990846916269,-0.055829787749279165,-0.004021486403160398,0.015836121818126134,0.008376363314470047,-0.009486035603679256,-0.00478825160881663,0.009820066692734095,0.003932409452388059,-0.014390491793939489,-0.03558113752848444,0.013073141434534162,0.03736015718356136,0.03686678822012721,-0.0055202260288527176,-0.004468844268292685,-0.004548977919446482,0.017116901085007734,0.0005593575761260239,-0.09242484196500639,-0.008732885646497445,0.0009390752865959662,0.0055612354212921855,-0.03634403761691312,-0.0023977848958356748,-0.03180956087313114,-0.05559397297884235,-7.048878938160691,0.0029098123433590607,-0.043274132133492745,0.03509617478563122,0.0,0.0,0.03450613913606042,0.021939571487876695,-0.015087089662966402,-0.005351791103421356,0.0044607185368494215,-0.013245823108183882,-0.003936775369973779,0.007447945200324986,-0.012668279185922086,-0.0024862605095136007,-0.042475992204724526,0.02370785189497364,-0.007096373112363212,-0.0339510282926289,0.0014421223821029605,-0.00047764396877645146,-0.006193002717258786,0.0,-0.04066854251964946,-0.02001645592434319,-0.05899109761591492,0.008507127240642199,0.02092881251747409,-0.1267651639923637,-0.055194342646158905,score_roll3_mean,
MDV,-0.17403098289004298,0.03300228330163822,0.02202162635533568,-0.02636762180638538,-0.11189751391704868,-0.026886079030253023,-0.19561615280683955,0.01454169101342842,-0.5453116131820809,-0.5347397498547205,-0.33471976142174525,-0.043022945155508946,0.10885676906406634,-0.03880353662621321,0.03653426687148321,0.04292276147004673,0.030214604394807564,0.020253219158496056,-0.030924868791789115,0.5417208910203251,1.0993280283427604,0.04127602756401702,-0.20767315422592594,-0.02121006495683314,0.017613504690222444,0.012428575547956261,-0.006991548675689997,-0.0061799612393876905,-0.002702543710241519,0.02367970298171637,0.032403030018595604,-0.0023174283772425587,0.00880976804169328,-0.037497700632463424,-0.00699938706596189,-0.039737717728364375,-0.024401082630889075,0.01003635313661132,0.010356010288797483,0.0020724014885370214,0.0042042770600097465,0.022781957069555783,0.007436096544990151,0.005695740380233325,0.04455346459546705,-0.007208604314522487,0.04108823705848004,0.021378952108791163,-0.006045851554824217,-0.0072207395143175646,0.01334534716737833,-0.014577201855471173,0.012924121959512522,0.10604889080706864,0.0654318564381748,0.013638426359138164,0.00443030678928657,0.010963313746613794,-0.001649144888534934,0.06032242120875422,-0.14463968361420362,-3.0313156640632695,-0.006803379590385892,-0.06818283674172787,-0.004817369092200102,0.0,0.0,-0.006184905020032777,-0.01287412462648816,-0.010507481862924831,0.022779184851334136,-0.008062406573029125,-0.16347734384047802,-0.0010834586083041833,0.0004998311749066184,-0.02928949588991014,0.015154049539249162,0.01876750553894034,0.028173491518994377,0.001653453393060178,-0.26885659821491426,0.0011539255665033348,-0.0007289489347424847,-0.00625415223843784,0.0,-0.05034356468437062,-0.017389866068413674,0.032486078217313294,-0.00859140541002734,-0.03345207478108217,-0.021631416534279916,0.1363123528277662,score_roll3_mean,
MEX,0.10867286573368913,-0.001461900692446656,0.26626606367115996,0.029071010633140673,0.27006787557420625,0.030340034860396176,0.17486008099505473,0.009352534023736989,0.8301940191156814,0.5086079212783549,0.1080358313669228,-0.03990652231514169,0.11547179079366975,0.07444057639462312,0.06021807968405032,0.20665413771592045,0.025451031567966527,0.4377611821958156,0.17821106178509885,0.06728581962082149,0.2821049265180758,0.03382554023585827,0.23431064334662766,0.05021026108599844,0.017374598991017343,0.06300674941437272,0.04069002478418335,0.004020847250968572,0.00097937396846865,-0.00043345754474845305,0.012802311796752246,-0.012316704893589254,-0.019899676881996828,0.13490349986393055,0.006618695864272519,0.06375307190365039,-0.011235634817552229,0.005469636183468852,-0.006691621053045011,-0.0082621411155635,0.004666232799523899,0.05115417795412231,0.01984753870909002,-0.01757279328079494,-0.02364584701901473,-0.018894987674501554,0.057684655173391795,0.030091361152235145,0.0015170881057810703,0.004703163425235126,-0.010530980886717974,0.00536214715388546,0.014215614242663049,-0.057955248226570874,0.012109826744111025,-0.006345701104182473,0.004247337403113571,0.0009413614152332627,0.0004959345363596247,-0.029104810213173155,-0.18542490500025796,9.856832398325128,-0.08096427855493277,-0.029424552158220464,-0.000504685424457194,0.0,0.0,0.034423797136977206,0.011380242797226653,-0.05981952482707101,0.00013206204036453575,0.0007976923349082058,-0.02287172381724547,-0.003920606954270596,0.011310211377656493,0.008496289472481038,0.0016764912487512793,-0.007537799589249321,0.009859003390587793,0.0012770026471195153,0.020903728145819412,0.0007854072561809381,-0.0005121162873218251,-0.006376970988308647,0.0,-0.03608313559960929,0.025606338550037484,-0.000499275988656048,0.009288359540105541,0.044236736733695006,0.06061880584944282,-0.015491751422288117,score_roll3_mean,
MHL,-0.15076294884314478,-0.020810607832356606,-0.037542947750506775,0.0590401852030359,-0.13033203545096236,-0.014136431727426903,-0.22454750279223445,-0.045089488472720214,-0.4926367225178897,-0.8954106696480209,-1.034978324464542,-0.04148321887285054,-0.5021467104745636,-0.19205621536333833,0.1469184808382241,0.6870424530632775,0.28656867436238753,-0.09724980276168486,-0.049796855698906954,-0.2550572853122242,0.11512901532091127,-0.08477621558281684,-0.03360226322033917,-0.025379619905922735,-0.021359654370178897,-0.01166628986203599,-0.00680136230925238,-0.013916637697539898,-0.002497990258999377,-0.0016555974124172112,-0.0023952868960116142,0.0016427757535704306,0.013046781294279957,-0.04369629221574676,0.005340157199062793,-0.08688276461403739,-0.014916997445343942,0.0045336107316488895,0.006903066402303517,-0.006070497580057727,-0.009897168466905505,-0.00932123952132355,-0.02796710107574362,0.011187484400121277,0.011985973246226798,0.06607294627094178,0.009834439247814493,0.07276271719402308,-0.004151093048613875,0.06868648554917572,0.02140872165103359,-0.027976103108617027,-0.004561243584509943,-0.08828600122634057,0.0028259733572343535,0.023579112290465123,0.017144409688873305,-0.0011490798061064547,-0.0005168654895027643,0.0554193444519168,-0.07355226657847312,-6.747754116977881,0.026289381064549543,-0.03920706194767718,-0.0058187674388869345,0.0,0.0,-0.047052030792482054,-0.009427404438698229,-0.000334159237727666,-0.12359925157200388,-0.009279165099889127,0.027934534070121815,-0.002881349076363703,0.004162222637566283,-0.01655234898183242,-0.012117645107898447,-0.05163639592775297,0.012463291807025602,-0.0081438344058868,0.026820718881127446,0.0015210085851501583,0.06312324114504385,-0.005363426730217861,0.0,-0.06701290594475558,-0.015728041308011535,-0.03839271319183465,0.01018545678690403,-0.06223984356642991,0.04712931067236434,-0.06614088773923477,score_roll3_mean,
MKD,0.04671507130968464,0.025583367013311667,0.0005535113093815951,0.0013716316799175716,0.08369448459559996,0.18058904510570617,0.11746118741411808,0.027116420974311616,-0.5411205546165749,0.025509053170662602,0.46580750804798243,-0.00875088318513913,0.11813136215248543,0.1439549745365771,0.03678632544616158,0.2879939300320959,0.02454322978470743,0.08082382842873832,-0.028438078020665298,-0.3645223644628728,1.1896842615301915,-0.14889368730099378,-0.6195352337276054,-0.014193324386357606,0.012899913122993044,0.026252906910080885,-0.003965946313015495,-0.002469991215619666,-0.0023831210281136995,0.014536790847771031,0.034990881082697003,-0.0018609321274152054,-0.0030036871806080026,-0.01863959114718197,-0.0006787488450642491,-0.011415643486784102,-0.005200924938469731,0.015983109982688867,0.022494284221512128,-0.013314213228237339,-0.003026986355440649,-0.058889489004461316,-0.014400199524476102,-0.013364879555964932,-0.014131856972404811,-0.031124630920752794,0.041138351390607585,0.018522657921099903,-0.006400509806797164,0.005811306191168354,0.010716367947125847,0.04937718001034278,0.012263046563511959,-0.09119219441803883,-0.01562538832874909,0.059783007576800315,-0.0015826059377792084,-0.009726236220099802,0.0005089765516339081,0.3516652577822306,0.0080729265061389,1.1285816717007568,0.016895944428491603,-0.0943927468802998,0.019719472507365773,0.0,0.0,0.11370567978759348,-0.003289857889387782,-0.029840732591631586,0.015120776220101897,-2.8544603455270345e-06,0.009194547262322049,-0.0009262903536001498,0.010997245835268888,0.06834945285529499,0.01567209515938951,0.013675619719965946,-0.005849144886321872,0.002640922637998052,0.07839115915328755,0.0009057894636537222,-0.000446671566184919,-0.0062410457773038695,0.0,0.009827804048824862,0.04701418003544148,0.06383772576892387,0.02434321383595677,-0.043576951630565686,-0.03103359243845616,-0.00882296105191533,infant_mortality,human_dev
MLI,-0.026854656633854904,-0.07492543291618256,-0.007617414720722816,0.00604122840600359,-0.09662157594812439,-0.011716220098112533,-0.034406261026148674,-0.0081468842289691,-0.6485285273563585,-0.7700078180874157,-0.6535678573131019,-0.04717894847392288,-0.09798226723223726,0.080559751740297,0.012034178578541103,0.2813015604058248,-0.06690529524989616,-0.08447077824385792,-0.008550681187420911,-0.4058274067903491,-1.5109993688963255,-0.08961417542895495,-0.2017442202175764,-0.012512788984513851,-0.0017292385481158128,-0.015177421571460088,-0.019181114658805707,0.0016959379915387257,-0.0024574938763347147,-0.006643017125278784,-0.025192153837098226,-0.0028386824416800475,0.005351128573190284,-0.03870802760267337,-0.013302534857178203,-0.05451951954145837,-0.0019194504786928883,0.007445146608915701,0.004610705436944349,-0.006299647095277572,0.003266734520754076,0.02955424828965739,0.011022797049381661,-0.016538160543128514,-0.03234296104236673,0.022006807061134278,0.03681455538673299,0.019618686534863424,-0.009956649004912893,0.023467122040829257,0.008834114763034567,-0.01317181998121249,-0.0014939323834903255,-0.10566971295321044,-0.015652230287309613,0.01913762387307588,0.005967308195606933,-0.014056282183669182,-0.0027440127521181647,-0.001556267727304912,-0.065300304372462,-9.968435463242661,-0.00254442622336342,-0.036917526997099374,0.0007774653526999313,0.0,0.0,-0.03828191952948927,0.014877324857020233,-0.05044451843168542,0.05776914230915508,-0.006317682478879779,-0.11707816611836538,0.0002571495230979391,-0.02186141265519331,-0.006790283007342902,0.01143896838828642,0.015318403919570987,0.005669118500399561,-0.026424148253185273,-0.03310805081909064,0.0013077602062595303,-0.000681480892672889,-0.003703541848013985,0.0,-0.07712615173122064,-0.019789052685432258,-0.05095871654942775,0.016812979814811085,-0.03927473157902916,-0.12956964477054317,-0.1169899310499335,score_roll3_mean,
MLT,0.12086849260232983,0.030784703105793385,-0.007092135472655437,0.012915823947808956,-0.07340809465047042,0.0394477628567154,-0.005699271245513007,-0.0011320357519833068,0.45409837637124484,3.2127688923451085,1.0333344618975517,0.07898092493033172,0.1182606251493263,0.05785391110644945,0.11722673201913525,0.3844802953849817,0.021338353552849035,-0.1114408817467986,-0.00030123219201730084,0.8694455206473823,0.43796268276101075,0.08657423111811045,0.17460442667978424,-0.015792478975384456,0.00658866273241309,-0.007816810917246786,-0.006890499848241821,-0.0007298278631647061,-0.0022465700941255887,0.010612246679142434,0.027763700110651383,-0.00622560785079442,-0.017161000421787455,-0.031245081995519088,-0.00835753394247397,-0.036953791795958396,-0.01283148501058002,-0.047043486902553784,-0.019527249428387936,-0.002537888245492902,-0.015389653301968828,-0.04843445658931172,-0.04753201749976847,-0.013377269635746113,-0.03689295009275761,-0.03665526451231046,-0.034471973357012756,-0.037207711749441506,0.0218729062885508,-0.045222292567349914,-0.015875454950477833,0.020251371601529233,0.0010196936006152395,0.16763680688975285,0.04417829444049245,-0.0005851192473649367,-0.012156080326392576,0.004865218412116168,0.002016657571521573,0.008307462227295045,0.06772066390618689,6.11956638243715,0.0037406252770396005,-0.06315987003308597,0.007995226696924894,0.0,0.0,-0.031467129510833865,-0.006792269149696145,-0.022506709500026346,0.00852764794291477,-0.0612331204209604,-0.025597885889542746,-0.0007773372560728195,-0.05082379340021506,0.03325146288842598,-0.052663002219327605,0.01112541707083987,0.024062037199424062,-0.002148269395289299,-0.01720693137188494,0.00080013942848826,-0.0005462715642176136,-0.006374295314277314,0.0,0.282984513793105,0.03987842283434175,-0.004802126782879835,0.002950746614450154,-0.15342585810787815,-0.14558255426225788,-0.005856940748461147,score_roll3_mean,
MMR,-0.06674758394955047,-0.08923154481567515,0.012830763803214473,-0.04632049267531672,0.012911093818053327,-0.016967859642801265,-0.04185992087924463,0.004042209984694223,-0.6802698966475514,-1.179255030149562,-1.1350372894770067,-0.0548909221213739,-0.34545176108198666,-0.19334285514453015,-0.20267593200882972,-1.227639245053364,-0.07834582149329897,-0.09672223049823522,-0.04912267685801506,-0.3174916855565559,-1.0676493560963507,-0.0767381360747742,-0.06607874162313791,-0.011879897301131002,0.0457815349333952,-0.024726619706366207,-0.021796455066845265,-0.010430518701729317,-0.0020203973501196014,-0.012657486384654769,-0.01483201178995033,-0.0012568722420685332,0.008473399808106984,-0.05848199718290658,-0.0058082527347500775,0.023060681309712262,0.025825007632448268,0.00950717198707527,0.009887954396521664,0.007659467743940183,0.013423742940317713,0.03070698583965952,-0.0032053462295710644,0.005818523934940467,0.055675805212079446,0.04815526037160685,0.033274191001823904,0.03388127173312861,-0.0032522402113343046,0.048162756372138044,0.027014305949520444,-0.04576488261756156,-0.0050266524163941565,-0.10539556748993675,-0.014203154891505598,-0.07718665387840148,0.011992795632336413,0.0006687234919129658,-0.0016302364309891684,-0.16304230776099424,-0.05848870426616715,-14.216863781974475,0.05826303220396636,-0.042474024093316604,0.0008654241714112234,0.0,0.0,-0.05834040162838226,0.0026010496424155667,0.021189790619688065,0.0668872844760915,-0.014105071249974097,0.031044712925220316,-0.013001545217931332,-0.05104236926813565,0.0014908525183430837,0.004702771286801948,0.037831070901185294,0.02078925550410514,0.0028410586248914568,0.04042700481128317,0.0016110351195285269,-0.0005780187282493357,-0.005046962812841303,0.0,-0.0498172596939912,-0.014968828577660376,0.009072100510089524,0.00014682063830043346,-0.007072098749905745,-0.11201599007294695,-0.023607946815225888,score_roll3_mean,
MNE,0.0695048881945935,0.031264320087526484,-0.016508360908432256,-0.0009031965198059613,-0.08162260740784866,0.03989995675864771,-0.05650952664585287,0.029369605127784738,-0.6018024374194705,-0.13732865191420707,0.38366449321383345,-0.024726312332757457,-0.08805135975236157,-0.030845261550904883,-0.007905587028311678,-0.2626921573725878,0.03170847274243407,-0.09006930145795548,-0.05983035106819486,0.5076386495288542,1.1498299690633491,0.04673160745816267,0.2254884585463935,-0.016400993943551167,0.005476731961022069,-0.012893095322200312,-0.0073266040076441444,-0.006419690135995493,-0.0024791036789897397,0.0031098622882287747,0.01996579489784642,-0.00105451143805787,-0.013119715257585682,-0.01122354050810701,0.0032564438965228338,-0.044032828390448635,-0.014334813259616979,0.003311219517364758,-0.0017765915557825071,-0.024714445923046103,-0.0019226062989172634,-0.052492337362118564,-0.026081262941072908,-0.007813831065402429,-0.008673917837721623,-0.004996610236953556,0.03266135177565994,0.006459419599503016,0.007733065246170468,0.018841796858632878,0.012787003504715266,0.0202079076606105,0.007209344327095071,0.006149674171764498,0.08645063722442399,-0.0005074654801821669,0.00953144895056458,0.0025186297801347017,-0.00029482504469816615,0.1833368762465149,0.004883424031400437,-2.648875804850023,0.12782247101070907,-0.12195330449449418,-0.0015447570220772746,0.0,0.0,0.02041895568175537,0.012165509654159605,-0.08314192912260789,0.01956581856911289,0.011427316543171707,-0.026095378963212366,-0.0029517447973599065,-0.004204440039750593,-0.006322165622305023,-0.04462449804127081,0.028168429651947373,0.003493088696311504,-0.0011351725305762796,0.1057461984347471,0.001024584610097043,-0.0006521257663062661,-0.005834466954857137,0.0,0.007874638898913697,-0.0248594803153668,0.0933884005790245,0.003089931350773464,0.007393050302866494,-0.11474769867393247,-0.010112132281634318,score_roll3_mean,
MNG,-0.15305979382824694,-0.03237229868315449,-0.011157608080638863,-0.012329916042343373,-0.03186490801149475,0.004036325957076397,-0.0035879001577020105,0.01375134113913427,-0.4255064179982507,-0.17211186548331148,0.32157641388200076,-0.0457649076399922,0.016379760167371086,0.03637532324913561,0.06094362023571387,0.4059644463213041,0.049966435155464575,-0.08836593709243318,0.003770492808910883,-0.4851743092352968,0.6497981320672804,0.02190113471925578,0.23300840945603354,-0.03211771777245619,0.005274689886859808,-0.009443991810697083,-0.006626561360013946,-0.0013558062838741147,-0.0023702542174782013,-0.02092656435560354,-0.01540570410872908,-0.0034226161801269727,0.00806792333249936,-0.044465995830522374,-0.005829002438521032,-0.03306544821641414,-0.009199057916213327,-0.002480736317641259,-0.005814268682772631,-0.017214763785354338,-0.009008501229041259,-0.04415867747185346,-0.010350008954299156,-0.010458742881802636,-0.01768872087693093,-0.02781498761075195,0.034879442245335845,0.027462789401471083,-0.005470962499494866,0.01578360014631651,0.0033125822213796617,0.04420174506516182,-0.0006944098787849762,-0.059148247762348574,-0.00726314263496048,-0.0005914773063379777,-0.002693867677408805,0.008355537849286101,-0.002230606804130167,0.016335140296628293,-0.08442830387774863,-0.5280655913014569,-0.03258424104939722,-0.06978720834593094,0.007887746942972883,0.0,0.0,0.11481671944434851,0.013214299935295309,-0.028153434034991077,0.07013425510275308,-0.012729511130050638,0.022561799703098306,-0.0011320488302880263,0.026039948397531675,-0.009657061181146275,0.031750639493603,-0.01069235634230754,0.029333443246839494,0.0002325516462248213,0.045808536649581774,0.0010609792120367582,-0.0006297877078445509,-0.0064014458095035445,0.0,0.010936881048457612,-0.028470677711818878,-0.0013330968305124522,0.007587925476538917,0.005930768938279353,-0.0003035486474454201,-0.00905540086657826,infant_mortality,human_dev
MOZ,-0.006548984569421659,-0.06993568854045573,-0.020358229738180418,0.009842444842904285,-0.07154855017368883,-0.013846091034831323,-0.005651352484315757,-0.002329903430584557,-0.6469106474017956,-1.0238231538246683,-0.6474886485565411,-0.03748653890845783,-0.0839818750273687,0.03978219255622751,0.03308260773947062,0.3484905411784103,0.016166978446728916,-0.09021819482439603,-0.04213990185963736,-0.4308019511015144,-1.4251776091364141,-0.10246109689451716,-0.14887767746171338,-0.006139005147476826,0.0015569587729859285,-0.020944215687501298,-0.02212324160680011,-0.008661432744638018,-0.0024402060844284285,-0.008692872626153014,-0.020544684404130834,-0.001085214632854784,0.0013798010103854813,-0.03684921338428338,-0.012164039353496416,-0.03908153428128683,-0.013986907785310879,0.011112739415489568,0.002749753248317094,-0.008949928044203003,-0.0005745692776183181,-0.011570097578348988,-0.006129894654259013,-0.005327243954281111,0.002432363562687831,0.01839643059251628,0.03750013157108872,0.013684913458269025,-0.007106396942078426,0.015511655387321455,0.02671559282678707,-0.020498815464409105,-0.0034466031217936723,-0.09462754364093785,-0.014780466098823561,0.004188457847875533,0.005163344475230473,-0.013195255881348431,0.0013292091921218675,-0.04290407724006434,-0.06997215027271877,-9.98538391081324,-0.004419341227458301,-0.03886094404587325,-0.008097060508734466,0.0,0.0,-0.00917444910182139,0.007742932159754387,0.0025748031918679548,-0.009862161968727618,-0.019857759571115526,-0.04450613695695513,-0.002563653820147493,-0.06267705949747049,0.0027676843036778132,-0.01454989089246343,0.003583703986738759,0.020742677357556253,0.0036466281468208613,0.0037485677318459354,0.0013818732241228915,-0.0006560616840241613,-0.0037702392398094335,0.0,0.04880242226220185,-0.016134179661236845,-0.04287450843980317,0.013462983390290048,-0.034296247445245384,-0.05563654411071652,-0.0847404716549644,score_roll3_mean,
MRT,-0.1263510729717123,-0.07179308850442156,-0.04489186326584895,-0.001419530362587163,-0.10741006018802562,-0.01593630441911843,-0.19917718056068776,-0.025068203095391733,-0.7142134303401688,-1.1254952916010421,-0.6995441220869193,-0.04742985215439048,-0.14929789508237234,0.09030090197233921,-0.10079346409515523,-0.17126637016956786,-0.08748114833321141,-0.09533001288396267,-0.04895734300127415,-0.39930629492195324,-1.6313468408889928,-0.08397198819317771,-0.2136783647409163,-0.02087564292447104,-0.026619918910583844,-0.02192603773506859,-0.020125037161621295,-0.013370737430074798,-0.002474400582973018,-0.02126767993623617,-0.024881858364303767,0.0009712960116032127,0.010799216883575064,-0.0292408736757092,-0.005472069833950373,-0.06418352690956057,-0.012277990026501949,0.007172387610451378,0.003767482965179336,0.0037368435806334776,0.014169211076713609,0.0004942461044511289,-0.009231920410842578,-0.015818269987778293,-0.03196921600837443,-0.019212054538858235,0.009295158816382959,0.03723272525409834,-0.006201729063687874,0.026173224444071205,0.022892933575562737,-0.04210419574826786,-0.001660940437867695,-0.10633346397467243,-0.014690831745693326,-0.019167262601450453,0.001605255252682941,-0.012666344019553234,-0.002326548810526368,-0.14167170614101807,-0.056765523943437764,-13.2276120380365,-0.009404320358871282,-0.03345796690257834,-0.004565647298772678,0.0,0.0,-0.026454172492180218,-0.014269914366463769,-0.04377366296367637,-0.13925807540701438,0.004365934769893659,-0.01061970069961728,-0.006823342218256073,0.011401942351408057,-0.002627528787261496,-0.024981710618214286,-0.01792845561547528,0.038402422713630244,0.0016389005512187289,-0.037573002174779366,0.001622583719838098,-0.0004590796611790814,-0.004642518523523244,0.0,-0.07933681302437055,-0.0200419184419243,-0.0048675738511592525,0.025627581956951247,-0.0411571123523968,0.0014173370730739918,-0.00420032164889604,score_roll3_mean,
MUS,-0.10854869673187778,-0.017483590395050524,-0.01623362907311443,-0.02969630728359581,-0.0722716852439932,0.010343986580101874,-0.021505252917430644,-0.01636072525320725,0.29105881146622364,2.2303918679372225,1.3153478253623416,0.11980567727821408,0.14538443855795605,0.0955926658518326,0.13833275874004344,0.3087486887828972,0.026820080603769173,-0.11342762751959415,-0.048294768426902515,-0.05731307780454386,0.19280072329976225,0.10192762183957083,0.1920655997189309,-0.018908233894637708,0.011975363533610806,-0.009408080066030802,-0.006948050169337235,-0.009159080293666915,-0.0026165638062082153,-0.0066740357421163875,0.006204475571814924,-0.0058497367790502595,0.015488726029432166,-0.03409143354662767,-0.004994025823291833,-0.04225973864374254,-0.012871056929919631,0.018762961211172564,0.0005414250188371635,-0.007216998951375647,-0.006563713984538287,-0.07084646884732848,-0.024009207309058186,-0.024171841577874456,-0.021021214249980526,-0.059604013200406376,-0.019112186202995568,-0.04405935652424921,0.030043623110005843,-0.040741803892024225,-0.00799441648750334,0.002866252650839747,0.022678752219007815,-0.048508878680405425,0.00901918810782661,-0.003298742939414379,-0.011801565659569517,0.002251214878165785,0.00155863089409489,0.004442838378873979,-0.1783286487136059,2.530714101766593,-0.01074195611831806,-0.08414169269665848,0.005165405839744849,0.0,0.0,-0.049347140665617385,0.001170340392696189,-0.06870182951129532,-0.029023611049367612,-0.006435362583196559,-0.016745441321349232,-0.0009927329429739171,0.008762146810031424,-0.041839811448198067,-0.046077337239073944,0.012596122516387082,0.008209168914506631,0.003131491124843867,0.01356581027200263,0.0007229482212219096,-0.0006128234267358033,-0.006397460496202385,0.0,0.3074340947598065,-0.012645770817935302,-0.005768654523382315,-0.0023009678725616264,-0.06132892723219112,-0.02757254421380904,-0.02569015609522867,score_roll3_mean,
MWI,-0.16904826587837563,-0.08351142759393576,-0.00727549673539201,-0.025241954328018224,-0.1073785248315536,-0.01190055377115877,0.10009078313841542,0.005750488020779896,-0.5707092906220871,-0.26290256909084225,-0.09348469375125493,-0.031196008707922655,-0.20767475163329926,0.010317373112915355,0.03648934016787143,0.3002527123286212,0.14664303710854998,-0.10781791810902056,-0.04711070881226994,-0.4180401575158665,-0.8802930759958244,-0.11438329022815666,-0.5651203076740372,-0.01569389662086503,0.003655779079285645,-0.01516551538287708,-0.012193220692058028,-0.009985198041824753,-0.002443238191124145,-0.02282287845173542,-0.01961393533825922,0.0013362170497305669,0.01905058097362883,-0.005671750557052657,-0.004274182460955764,-0.05359102421640575,-0.001766774630697635,0.022309841875207553,0.006767090422152044,-0.016750004937053888,-0.0031185687063043344,0.03809049323048937,0.005641696504413989,-0.0049581693580668966,-0.021986068839819854,-0.018249508370666384,0.04230096454378992,0.002214003698612162,0.005107554479999847,-0.0004671964787700666,-0.01983047756230278,-0.010818083970047056,-0.0011080599167941705,-0.08704309542088,-0.010163208120822545,0.06266476596422682,-0.0029178896019647076,-0.006533679309068436,-0.0015142356232968341,0.014183439587641868,-0.058563317667127496,-7.338131770858126,-0.015523179118771612,-0.045246509791021274,0.0021901803199986065,0.0,0.0,0.007630383946198549,-0.012467801240745022,-0.056523883598439406,-0.11182290869403624,-0.008651109656669986,0.037822743382479936,-0.004140703716890298,0.008053945307136975,-0.004984627992071548,-0.0069120426005244776,-0.041333511668998874,0.014825586321517127,0.0007306498755912818,-0.023740650498716463,0.001656670254891136,-0.00046811975969167347,-0.0061513444120335934,0.0,-0.004904198492829138,-0.018955412249557994,-0.004726541977534246,0.014828532744188612,0.015275822040411398,0.02895040927304626,-0.0026007765391768095,score_roll3_mean,
MYS,0.19155632389820298,0.05302995258331647,0.11573799108432677,-0.011691735636202613,0.22943973271344376,0.03273223396437968,0.10117346806654469,0.03066749784663303,0.7432711388045002,1.2149570710411681,1.109192956331332,0.042395038953899594,0.15390928357497136,0.0024888386737001774,0.02639511852315775,0.02382196407919709,-0.017979432571715706,-0.05607814731118622,-0.007817267201905748,0.26444001022207075,0.29730555610089787,-0.00198245890722816,0.21143112295662572,0.029234248882703887,0.021454252880508503,0.021734940500856025,0.015724733210195702,-0.007390552993458552,-0.0022455831941230343,0.005989076413455538,0.03824569306591066,0.0006978192604848232,-0.04113401844256386,0.07100106604766021,0.006206351851618264,0.1690161103793717,0.010777192169978982,-0.08765601910772668,-0.012044832643444818,0.005840832556217066,0.010352894173986374,-0.02955408469144856,-0.01829772982157142,-0.007503913066546718,0.0012567672985290988,-0.04214161422843391,-0.03280046895174215,-0.044472391647160964,0.022859499758043814,-0.03552400017313264,-0.012511800553128283,-0.006016657009381163,0.007429989376456642,-0.06476841871961754,0.06212588746780709,-0.0062217088049221535,-0.010737484370127205,0.001501930865474875,0.0005748742464790623,-0.007370669939520702,-0.13988501274781934,4.117428389521554,-0.004412946012217079,-0.038437175360447245,0.0070508940721863275,0.0,0.0,-0.05260459684354944,0.012116622097120189,-0.13486950999724417,0.029101816517228617,0.0022912865414338192,0.0218353969962213,3.956778642053553e-06,0.00011580880455646422,-0.04612563362425068,-0.049199725301335435,-0.010006431982546138,0.0006457600117604345,0.001013786488008558,0.018966836611107964,0.0007383710891473956,-0.0003861817490831445,-0.006383978596284662,0.0,0.26191597911087694,0.0019048395907890787,0.00902716032427745,-0.056826960372271994,-0.01576528380094894,-0.02849249092333647,-0.02020762995079427,score_roll3_mean,
NAM,-0.1425503235815036,-0.06017336595579113,-0.01654827845816519,-0.0017782438200669073,-0.09595763103335585,-0.00030673569294008816,-0.04285937113436296,0.008686694534547923,-0.4630868334936514,0.6287244411633609,1.1449510936777623,0.0353330569307799,0.0509160164234236,0.06932456010567875,0.07051767150708349,0.38686956840256415,0.06817325941392599,-0.10245323341865768,-0.0377221805129952,-0.6528255266018577,-0.39923953034944404,-0.25059398585226633,-0.049269002726421963,-0.008038273609331016,0.014274822241045431,-0.011832107600832692,-0.008171171371333583,-0.007974895234492393,-0.002445327333282833,-0.01660222490233554,-0.00868058032472694,0.000662488251978116,0.013939795526465976,-0.03478245379129163,-0.02538946093788346,-0.051184687364143285,-0.010810523078116065,0.010496788179475261,0.002986172640416322,-0.011008475497224071,-0.007430780484138215,-0.015214605927446662,-0.014374582985816856,-0.018782727647029186,-0.024231513537843856,-0.08301117235576332,-0.025955145915588035,-0.022901943219646802,0.01610091001957047,0.009295422562862816,0.008848714791077612,0.04135889252582859,-0.0011989007160812077,-0.06234355653115089,-0.011992595352405846,0.0063738981187571745,0.0027144528464437857,0.005749544106082249,0.0016996277938364618,0.0040448384755464055,-0.07129157570329864,-3.1785228189903822,0.007218597584157476,-0.1089484256594253,0.0076028489833182755,0.0,0.0,-0.05343492968538808,0.030002809808681502,-0.028310849926530143,-0.02558437701384448,0.0014279503773014148,0.03622132817221204,-0.0024066389082342894,0.01885197788139032,-0.007354873824315298,-0.037838987038836355,-0.026612868786987973,0.011909365534345094,0.005642625000412505,-0.056627351768061295,0.0010911642419552837,-0.0006876742762706123,-0.006414361109729518,0.0,-0.007212276397064079,-0.0656519958316062,-0.0036842657245695844,0.005410863699273124,-0.06177805435482366,0.010707161929939335,-0.01909489798280236,score_roll3_mean,
NER,-0.12837910366651875,-0.08378812031835584,-0.031635973322271395,-0.020964763683850605,-0.0878599363327655,-0.013594738657301706,-0.05755332226427889,0.006945929767616186,-0.6653326410172515,-0.9799530327090761,-0.545321923322413,-0.04231887005749619,-0.3386124873429739,-0.005941965073589746,0.037914968900050944,0.29792412028024245,-0.004774314506823498,-0.09571840016988521,-0.045974831256456905,-0.3771901637953743,-1.5984596448211272,-0.09816764946961554,-0.2152691403010724,-0.02435052344138598,-0.016622157921752173,-0.019836041960038537,-0.02077114376130648,-0.008461065621230612,-0.002456253192804586,-0.010939070358752518,-0.027897139276534345,-0.0013953209710424034,0.01551131929039486,-0.022655719765837672,-0.012594591649047302,-0.06376375301375142,0.0024917381886421673,-0.02013059509305991,-0.03042505314288844,-0.01037966845472449,-0.002298314643372414,0.028098335687070673,0.0035839855010609957,-0.00774353224462364,-0.03630267861903502,0.004036298535950123,0.04991189046632855,0.0061583049812827875,-0.008610711434492973,0.009894452204610127,0.016300283480741765,-0.03147971869148872,-0.00019304229684357992,-0.09862796523379384,-0.011503566918161756,0.005070308531782197,-0.012631964765098013,-0.004008921002741132,0.002320913380871716,-0.06899495536912008,-0.06702199637071611,-11.035560547770931,-0.03371030630451308,-0.04872497065323921,0.0018460106326371386,0.0,0.0,-0.004120426161801635,-0.017332945321922432,-0.038540765962563436,0.028141633634008522,-0.031988395534977704,-0.031703435311583796,-0.002789116231725926,-0.04631814409947264,-0.003835166590599227,0.011902733979906169,0.01754347451910015,0.021706426844445237,0.007660445362135259,-0.014336056079254134,0.0017536279689581208,-0.0006237558879324764,-0.0035789397000612266,0.0,0.0193724540108265,-0.0020942467003517077,-0.014153991742519568,-0.02070720074979586,-0.02360710813212476,-0.017525806462053876,-0.05682449633660835,score_roll3_mean,
NGA,-0.09346829648191755,-0.038386535472768976,-0.009059035182986272,0.019245708497810664,0.055768258541804644,-0.0159490000714941,0.28167558284913347,-0.0007741834589116123,-0.5624235886615755,-1.094403821664478,-1.0312356394398283,-0.03682090741662164,-0.03978435603458724,-0.009486090048724133,0.026734181004275423,0.04161745211222922,-0.008170470158314229,-0.095102499463167,-0.042483618833011924,-0.4010364079752653,-1.900234566113712,-0.1053908778141953,-0.16288791401522718,-0.016541368445514126,0.0348968046348485,-0.03161990122064837,-0.023318915629147195,-0.00854970179467486,-0.00199532551863163,-0.012377438165211365,-0.01817519061676644,0.003372395156111013,0.007574878368841631,0.13836331138140887,0.0016859429768916318,-0.012431587466650013,0.028045822548907848,0.016376109835727883,0.011240719205122514,-0.009242164778873001,0.002373291981469886,0.02754763010051551,0.010041367038329354,-0.0006933158985183696,0.013685846447281897,0.056295726824947906,0.04312778104956643,0.018384118803216075,-0.002171979285716338,0.03462498524963728,0.02300509865795702,-0.03477226682928349,-0.0018282896307922265,-0.09085701711579267,-0.015834776909882324,0.005651979836080171,0.010713946463388961,0.0011026654598190286,-0.0025108644845920976,0.025656312821216398,-0.05351521031616416,-9.93926591835391,0.0040326859842809105,-0.02422557236718462,0.000653212470589688,0.0,0.0,-0.02364518612032615,-0.013698401297952521,-0.008218211693596633,0.11858691961444984,-0.011058212226747334,-0.008592965307775598,-0.0027803907697298348,0.012342515558805214,0.007543879591334982,0.0026467833060919294,0.00894300434955151,-0.0035594418626968614,-0.014707318822516125,0.008639520078060531,0.0016148051510313857,-0.0006911903249220519,-0.0038548207336032503,0.0,-0.060018029348059096,-0.01963505466305234,-0.004067633011940031,-0.000699355941973264,0.011684043530722934,0.0010314014683042284,-0.0012378970936000157,score_roll3_mean,
NIC,-0.11312818436692058,-0.04707342623734302,-0.02000424012926061,-0.002118863823468477,-0.10945139186656588,-0.013183096416857734,-0.09931296889486438,-0.006270353163736122,-0.4918819775376753,-0.9999708046135619,-1.0959255633616716,-0.06067382048188423,-0.04041611742640895,0.11288113684099037,-0.038644614228861805,0.07326626827932689,-0.015591782489790389,-0.10262245202600143,-0.04508417823316095,0.01828977097168536,0.24930806739843953,-0.17478035073743758,-0.11671102002607096,-0.011566125880357653,0.012704352480180557,-0.012759394231646641,-0.010259077628820867,-0.008797847802136249,-0.002478477476951507,-0.006785095625978323,-0.013951115095955948,0.0005858297449481918,0.014133621455476586,-0.03422455003776217,-0.008124931115524536,-0.04872781517989391,-0.0029505359529087296,0.01810870729470954,0.0011225313631895945,-0.0027403295159118568,0.00480415039379279,-0.001578809614275454,-0.0075715085278717335,-0.043657873712223676,-0.04506748018534486,0.028682936544226524,0.03436811618005018,0.03664446477389842,-0.002819261720119091,0.019876617758791595,0.02290233279755304,-0.04263729146343194,-0.011073274762445602,0.10489802102197082,0.018402364358667784,0.004925120830034166,0.002959212186171784,0.001151679716054168,-0.00030915531626296534,0.01832895028157321,-0.09840047742291992,-7.4909801964123,-0.007646017653453665,-0.03397213228266897,-0.0047282459288409155,0.0,0.0,-0.025410336432134785,-0.006688528387206245,-0.0291869751784289,-0.040188582266141665,0.0006524060432635337,-0.10098371404272449,-0.001730946547869558,-0.06002483850692793,-0.01360594978416171,-0.025298549250749165,-0.029495981386295448,0.0030509098963701475,-0.02127040605023974,0.014529184832505388,0.0013114581876933127,-0.000679488734658976,-0.006203918168889797,0.0,-0.05384043603826837,-0.015816153574400867,-0.08627445522007186,-0.0006780755004904908,0.026637872522081968,-0.143509252220188,-0.1319660173766059,score_roll3_mean,
NLD,-0.029923981762372858,0.03698273141775968,0.049206973472668135,-0.01756789843449552,0.09867549189250749,0.02194855311755937,0.07838251532318072,0.0004020014726926273,0.7554704730627172,4.282661343844676,2.0674447027248672,0.15780343315670303,0.2163552387623993,0.14816985457996154,0.13498200392002,0.447877630479542,0.03275180064040179,0.14275834280905936,0.03988938408881545,0.9080506005101909,0.9134252724442309,0.09455194289141425,0.1899982449450449,-0.014089489137800112,0.010182843849276313,0.023727382361060343,0.02918169095200418,-0.021874559600084557,-0.01608143104705849,0.009589287354041255,0.0537700015338866,0.00018687830289210934,-0.010700758408652627,0.03943783157498719,0.010697451860519964,0.15502997180972747,-0.015936061064051252,0.017019035734986972,-0.0053239587163447614,-0.0017220791973171078,-0.006192073777094569,-0.008055078635948629,-0.01987801945148571,-0.028409419373724813,-0.05642385514186496,-0.04843251081806726,-0.09700021740340325,-0.0800037488466992,0.03382944953271177,-0.04231250499788402,-0.028725430448449298,0.011049915043210864,0.022018893983020017,0.14284496925663864,0.049040995131414036,-0.030330995063909016,0.002993953723358462,0.002361141110228843,0.006327754497044755,0.0006101958030584547,0.07296229305756165,17.566645578558205,-0.028284123185806608,-0.02425409768744878,0.01030100962378627,0.0,0.0,0.07016972211666939,0.029088423715504172,0.16482538735857713,-0.00804597979414855,0.01676954977844999,0.014647757095182262,-0.0009567977644860003,0.01729336814526684,0.011923194517321425,0.04870484285741425,-0.0033779229599052445,0.04597179164531032,0.0013841912582437184,0.03271476061658907,0.0005537281806004033,-0.0004073972431385329,0.2977722161427423,0.0,0.28531719313596343,0.031277291518545455,-3.103597470442912e-05,-0.01022459949520383,0.11339803088726721,0.08171722433179927,-0.06444248200231575,score_roll3_mean,
NOR,0.07667405744758536,0.13239147501730555,-0.0015769467396557469,0.019280991247518364,0.11978909762297704,0.05046156973223794,0.11176767979094171,0.015657021929123504,1.7181537562450162,4.059624428861869,1.758611374988933,0.1926735805255047,0.19444481439493036,0.08846081217675372,0.12833779893721634,0.3002555299007856,0.03188141570394466,-0.13112398167939351,0.0016946906543191414,1.0590322108299166,0.9391475432655652,0.09020132211530005,0.1724951024882897,-0.0009799617292608543,0.0032179473037612675,0.01857449215180218,0.00159736608337584,-0.0003162638484456276,-0.002496804968551763,-0.010790231710162057,0.06030622412162777,-0.002427970315604094,-0.07614690085820103,0.058558469390324504,-0.0005687014535529891,-0.04093473799782561,-0.005517479829856263,0.010572948254286849,-0.008703330484931483,-0.0010838300724732288,-0.00672298973526543,0.02711914185966525,0.004822288734209208,-0.018150371289034017,-0.026800329485182472,-0.05208054236777825,-0.11679154696259411,-0.13796690539977732,0.03061431359028706,-0.03823503159152604,-0.026484549627489442,-0.022045598514189885,-0.0018338527299322168,0.16452961162831856,0.04266683607088886,-0.00046717600460663617,0.009632962098545167,0.001690084244668057,0.005090999869409413,0.38150084167455517,0.06205408210526715,13.556403067191948,-0.04030328539158098,-0.06451990221064265,0.009681977746944816,0.0,0.0,0.06047829592537633,0.0012185262705817377,0.028312886700520852,-0.002071590184691565,0.007872862810521351,0.01720860695775089,-0.0008331118850184124,0.009944090980933004,0.00945927653742969,-0.023739704338877673,0.007491974266708753,0.0317603756670859,-0.0005928238595873286,0.03422165968202498,0.0005531788958678502,-0.00047939176282733127,-0.006216520454092734,0.0,0.2691824928723377,0.007955657641473554,-0.004538001656822753,0.0038017580815514983,0.10523264521389854,0.06047192591015369,-0.02285139675762783,score_roll3_mean,
NPL,-0.09170222892084944,-0.06509773401935108,-0.008332062353914007,-0.003564960342608106,0.03215116736041608,-0.011370185172584167,0.08898287687070215,-0.0005564046849075613,-0.49383692020211556,-0.7415438475724406,-0.7223512963411549,-0.031383026102471095,-0.003975357754002705,-0.16170735504423114,0.021168649580599053,0.19429959580868256,0.0668016988732391,-0.09927927555391347,-0.04245213670668467,-0.3195574497909893,-0.029386890629475228,-0.11350326316016518,-0.24323623939194036,-0.010679736175969479,0.011642892318701217,-0.014864504316100122,-0.009045196375663794,-0.009919669249458217,-0.002035331335204867,-0.009998146307348497,-0.02179005245152424,-0.0014354371587682363,0.01277524387338404,-0.019777093618799754,-0.0004814579075519856,-0.031285976362799735,0.005514695381805336,0.01631669333438209,0.007500835710620613,-0.005806237304605727,-0.0026253808652756693,0.026948459563530175,0.008599182416554049,0.010768758687336693,0.03639655447819197,0.03231881408411067,0.03870039314619735,0.02209026795957389,-0.0037847822638314944,0.030192892107437915,0.016295922850370036,-0.004088325291360209,-0.0012803665567372832,-0.08720746815435175,-0.013505077001971521,0.0016956962234223238,0.007544659189689429,0.0034277873413110964,9.91842587563871e-05,0.002534661160242745,-0.050217449467748275,-6.955047552335377,0.00888504758078759,-0.03816549395370027,0.0007929134896531666,0.0,0.0,-0.03019418366187694,0.03502964950385167,0.026298216943642018,0.12278654225896617,-0.007750731680417413,0.01651060856326825,-0.010817548705618178,0.008020931982806814,-0.0009116522174713943,-0.002483380357179523,0.030798181654126087,0.018481078871802874,0.008318549753367623,0.0070277597956921725,0.001618189490421901,-0.0004968158690555974,-0.006379922648079569,0.0,-0.05397086964785327,-0.022077218029662348,0.01851359090921981,0.005768253230409086,-0.025779530108965276,-0.036297756793615646,0.01606533463464134,score_roll3_mean,
NRU,-0.13593813350884776,0.04233568798075948,-0.14035430643854777,0.1491740996492229,-0.1734074266333347,-0.04071740358688932,-0.32776022948893296,-0.05990024924837833,-0.5539160903129501,-0.8397807735351074,-0.8298779669775993,-0.04923193052510333,-0.5337504714659479,-0.30826581180576185,0.1924190931738425,0.7932980082245602,0.3811993531100102,0.01345642142450956,-0.015480946959759066,-0.3138730434017622,1.5325154829702134,-0.09067360284683099,-0.5746189742424433,-0.027412105841494516,-0.019351413292761542,0.01746684113724063,-0.006493324248202298,-0.02308905491509622,-0.004659459878395525,0.009697832590208165,0.03821130797407559,0.0006615656848051256,0.019092433004916268,-0.02635495673910534,0.03836680632059338,-0.12734094197121715,-0.01902577870270862,0.006181163553298683,0.0006466324963803438,-0.01494972012576135,-0.012091486504707434,-0.11183421773176674,-0.1006843418058577,0.010383543883275682,-0.005745823327725366,0.035471536900745386,-0.00021490292419534438,0.09374365713782895,0.00039586825728566826,0.034871654977023936,0.01950309113029586,-0.036545061364971314,-0.011620927913505753,-0.10856440061131223,-0.033008750686212104,0.09153377582758995,-0.0287723724623832,-0.0076170994449458775,0.002304001717879249,0.37421852199072975,0.0041493842346633815,2.2940792740630593,0.13230929111019146,-0.06794046085135691,0.007948275139130894,0.0,0.0,-0.044158992862586816,-0.012726520823754634,-0.08357539549949684,-0.23323445729834075,-0.01160095593564328,-0.100707776659427,-0.0016808495119744508,-0.11842734994371903,-0.012439229728699286,-0.01049597726695151,-0.030807825677600733,0.017258625241943472,-0.0034629728131750624,0.03890919383617316,0.0011466901838968124,-0.0006745867558776355,-0.0055290145795840705,0.0,-0.05423215533588846,-0.01953868712046889,-0.1421395159584915,0.0217547313786072,-0.1169164093541817,-0.32809067401184516,-0.2747662631750586,score_roll3_mean,
NZL,0.08149357583603425,0.056424773882664765,-0.00283982391752305,0.014312447848437644,0.10811032287042036,0.04084127609161661,0.10787290877680991,0.009795835925228912,1.2526889415688918,4.129032393913035,1.9759498106439497,0.17745770194132487,0.2334768441674174,0.12717561404053696,0.13310574241490364,0.3169099822303619,0.03253729654662184,-0.281997672760435,-0.03173201029082312,1.0630723100049972,0.6167839444266772,0.09805067503088397,0.16262000124773146,-0.016462457256638096,0.0030317046364045086,-0.010253909869171386,-0.007796550838040972,0.02843572218986402,-0.0026284847782754796,-0.018799226828986822,0.020209202892556996,0.006072738675072147,-0.07631114865231066,0.06213372143649391,-0.00011333555163105416,-0.02817183497667046,-0.007537372493164334,0.021716206415258822,0.0017296239058143062,-0.0002710328172853583,-0.007976142211157985,0.03772338079485489,0.020753341391240146,-0.020984573165357342,-0.03605421241019282,-0.01176167102782527,-0.189034676156523,-0.1530072674905394,0.02051122797183497,-0.04781626940849416,-0.03415311333504714,0.010121582055046962,0.025684138801932724,0.16681506840271415,0.04283436212080185,0.0016518389069296552,0.0028209577910223056,0.0015109549913936704,0.005771644241796895,0.0705546610992357,0.06383529872325666,13.873392175048945,-0.04722541585438566,-0.05505369925110714,0.010422169157915252,0.0,0.0,0.009130862287775201,-0.0023912784209842086,0.16329713975877425,0.0018760116372152401,0.0026879550810018815,0.016812429120366887,-0.0006613295424843117,0.012527285416739921,-0.0067532668126345455,0.03000950028729142,-0.007463365877270661,0.023036981568516926,-0.0005262197495476233,0.008184703388921959,0.0004891018171850291,-0.0004406255809065545,-0.006327037440493336,0.0,0.2680476562395501,0.00961151396460952,-0.01732501355014276,0.009182355464429836,0.12785721904167777,0.08447627084734373,-0.08864880892331872,score_roll3_mean,
OMN,-0.21499562139388917,0.03280219795459402,-0.006198622543912544,-0.0026092017416738614,-0.018351907941135896,0.014570437256074676,0.07691661512096806,-0.0020142261226062798,-0.26152703019780904,0.7712274452927528,1.264012530956393,-0.013041206675489742,0.09785076775522118,0.051089055030513114,-0.5812436643607767,-0.11438357728796161,-0.018938328881332577,-0.09754757322249333,-0.018935807941833006,0.43319035978804893,0.40503492167564253,0.021972441162227775,-0.2680417006810714,-0.019829824570308935,0.008256089349921758,-0.010025585194622284,-0.006192607644645794,0.0012435727642711042,-0.0020070689478110006,0.0014653519161218914,0.01736036455900364,-0.00016836196029477814,0.019265958916966218,-0.012484041359386255,0.005582617544186812,-0.03385850235353959,-0.00731089430871378,-0.005658341124421319,0.0032387001924597137,0.02077819933579699,0.020415323585762955,-0.018727975668930596,-0.017692840143529603,-0.017264121276745967,-0.014226233796981354,-0.05109165942221578,-0.04983256676956462,0.002407950879417116,0.014771351245311261,-0.03404699843079895,-0.013170424273630741,0.06009462552261617,0.003941206817401351,0.07744446378439668,0.05823982596349777,0.0029663769684213017,-0.0035330785680149934,0.005257048211185207,-0.002247615575486797,0.007200823938368108,-0.16694971645289436,-1.8764400971952864,-0.007367697741364307,-0.02225210450043328,0.00886821735011454,0.0,0.0,-0.04284755282955453,-0.0011997226783011408,-0.08099919439106014,0.02237393915900568,-0.003916108760158446,0.028183062574902662,-0.0006627578767172176,0.03279791832670805,-0.0042272680009989815,-0.01847923828188637,-0.02207884298692697,-0.009725581712788192,0.007031532611930243,0.01695033344449988,0.0011884669759342243,-0.0006909799082008982,-0.0063174807817564585,0.0,0.1279994175058022,0.038001912272173664,-0.006129439163359981,0.0022775817806985044,0.06330732881350508,0.007693881038337158,-0.013090805403877298,score_roll3_mean,
PAK,-0.014688154931345163,-0.05640317464247982,-0.011664664093643268,-0.011223196386571876,0.24523706505902457,0.13003279997671646,0.2622659099860749,-0.0007421066936367077,-0.37996515406380993,-0.9241280580766166,-0.7134026104513487,-0.03212144248773183,0.03300038863133133,0.029992214532209946,-0.03891640545957602,-0.04278039562483588,-0.05823950750858781,0.008306398486405521,-0.0022182498055039242,-0.3081754408513098,-1.1139913320792298,-0.10039127476899906,-0.1610395890225632,-0.02266385422981463,-0.013228918545353187,0.269523803857224,0.14536758997925864,-0.015725775203317437,-0.0020073830268802855,-0.010618724593081037,-0.015835014800034325,-0.002407220735519173,0.002500544711769036,0.1106234530959971,0.011637434688847294,0.05569974588848501,0.022211210808957268,0.019876670487581887,0.01149211387070826,-0.0021643245618921778,0.018648661957074642,0.03005622681016338,0.002628484891317031,-0.009442799457845317,-0.0015458810792172172,0.02832213656894718,0.03974948240200085,0.016251565117741087,-0.004799007412696645,0.03569729300704317,0.018491401021898942,0.012561766082012144,-0.003001351526176603,-0.10771904510620718,-0.011712917992298575,0.01210448801500534,0.005605165195268239,0.003967503723005088,-0.0011645036355209751,-0.01681655104321874,-0.07218952934513195,-6.065045123713165,-0.009342830824696493,-0.014207771402980468,0.006231631983755469,0.0,0.0,-0.0071852520144624465,0.0036580850575805156,0.0029746020935538524,0.13795782137213006,-0.004802463086847519,0.024979978765922773,0.036401603273733756,0.005084237397376134,-0.007420127503535907,0.007218514344878852,0.01272620105747076,-0.006822978125504647,0.007673391788074708,0.009902027623892721,0.001171784424854023,-0.0006959832999918385,-0.003956063179868428,0.0,0.10150201137411209,-0.01506422708459463,0.013864473197493897,0.005944003442440463,0.03242646038041518,0.00016206816897761385,-0.013502936703220754,score_roll3_mean,
PAN,-0.15242976777356518,-0.018692635404579355,-0.011814631678819028,-0.006769886497626374,-0.07692174918262895,-0.0005181191617732662,-0.0008826268004149962,-0.035551781863611326,0.051629167739529684,0.047547537715146866,0.8301759857524138,-0.044003637513367465,0.11061378445300474,0.13359897657573855,0.08332180936551901,0.3416667773406351,0.03114952833322721,-0.0942880631476312,-0.05285760846662261,0.40215969409353286,0.5160738375508648,0.0008488544349492974,0.20851622361365973,-0.020568772896074346,0.01306349743591757,-0.010887572770689856,-0.007387694301774581,-0.0075387881317968905,-0.002474782567168205,-0.001459571557384094,-0.00252413550710273,-0.002692756525241141,0.003489407664006029,-0.026451574509898185,-0.0035155108682407717,-0.0487044624299107,-0.009900985665698369,0.008044599811356943,0.0011308839343173544,-0.027571292816335018,-0.009879024185670614,-0.08433265655700804,-0.02961684482987838,-0.03166851039094973,-0.03051169816284216,-0.03301607908981468,0.03367839749069467,0.011575456103779224,-0.006817362693110325,0.018803420774153253,0.013381879417262744,0.014151705690197122,0.005809746331127372,0.11202436872733912,0.06279938552386993,-0.0001781967720305336,-0.009758514270972664,0.0008080993178118187,-0.0006675667122234363,0.019526382308669887,-0.2758810061872412,0.20947711479315942,0.0006903844130067149,-0.07768694067305586,-0.0023907083751812832,0.0,0.0,-0.021698364651159773,0.013796639517157021,-0.04159056200194873,0.006575349968574321,-0.005063821299010047,-0.03032310299992307,0.0005572923229322977,0.02486806639795482,-0.0525775421870562,-0.003437893271181446,-0.007712766572027452,0.025923605569750433,-0.004436573339010909,0.018955154507764745,0.0009250078751970119,-0.0006340051978840146,-0.006371361233494752,0.0,0.0018033354055681649,-0.011409975373184576,-0.008589861494023885,0.007725471246037342,-0.0323575699796754,0.05247654915442047,-0.018403896524870355,govt_integrity,governance
PER,-0.17819267378768888,-0.014593951448508627,-0.012897560182368093,0.015629909604024314,-0.026019098308009095,-0.022731234018117066,0.08039720254789084,-0.0034678924398088362,-0.2530306396581038,-0.07389726202986091,0.8986913849278813,-0.046502597872242826,0.07569527661230759,0.11703937098072675,0.07258732998310764,0.2988534543940649,0.02073868084790144,0.053817909656540125,0.03217602229700647,0.4701469283986128,0.5357619807715982,0.007068079875090153,0.21411371623991077,-0.02261281553897547,-0.005523204300111436,0.03255108532978374,0.023140526587182596,0.00018605532650223217,-0.001955210967795356,0.004271405331290302,0.009837168296510766,-0.002398347490363072,0.014302850670447858,0.009084302052352984,0.0038298764023555277,-0.03948920838197668,-0.0035468923771075065,0.009311047784442155,0.0053180187523055355,-0.011354126093546475,-0.010966381461544607,0.0996778709127768,0.012140488338311611,-0.02562833059548153,-0.028410916113286073,-0.027688346649078918,0.054662196532901684,0.020541399158233525,-0.0031705041105182076,0.03272497177675685,0.012123787237406768,0.027544161821729016,0.00044750388276800694,0.05977044688645261,0.07480980769878418,-0.002582235568847174,-0.0008824649382407181,0.0015270974906559174,-0.00029835387153378043,0.012752246946142153,-0.08357683359680948,1.7143218165965686,-0.026646762013530542,-0.05490896046206837,0.008769872349371403,0.0,0.0,-0.044403787787757595,-0.002115793842438826,-0.056184935767940765,0.09193752211830895,-0.0031859227660492105,0.0011809868601566273,0.002928698976415372,0.020767738274580484,0.002650496676607681,-0.003142561863943878,-0.014137408513523499,0.01918613576311755,0.0031477191736963795,0.008833622219194518,0.0009218560722849624,-0.0006957363357726585,-0.006353007061727348,0.0,-0.04326373871049107,-0.01571861545628732,-0.00623780654617977,-0.0002536316700386209,-0.017817626128839116,0.011457666831921193,-0.004058422887682695,score_roll3_mean,
PHL,-0.22935856299013657,-0.016842098399866886,0.007008375840113284,0.01995319140858729,0.04808829034038495,0.006372547585449686,0.10221013631554804,0.036561926529583705,0.5961546747533685,-0.14483145069245854,-0.25999016355085464,-0.04197110912788073,-0.026307522909720927,0.044693971311154775,0.03449905600418437,0.2660324699365306,0.027236847531344446,-0.04996841095443653,-0.005383007253814208,-0.3549875103800769,-0.2531070437795465,-0.13901600837638692,0.0796692680138676,-0.009557695365677474,0.018282688856973536,0.03653382351153592,0.022295870636345347,0.0011311586589666195,-0.0020039435943903007,-0.00979432373137453,-0.0054690050373515445,-0.002303920370399358,0.008824523070234845,0.00247603230064738,0.011587322649242351,-0.011590452137408964,-0.0011590598421431907,-0.034387618439801815,0.002044295363860939,0.013403267234435919,0.0042978447088416576,0.045713643604272096,0.0022523493326556242,-0.005073201138133508,0.0010988345434713009,0.0069491949898805,0.06651658933932558,0.030826161859582184,0.0029753047612137693,0.017253605624559364,0.008883137933008213,0.014372933206333052,6.0652081963483704e-05,-0.11616603247670708,-0.008188089231867042,0.002369364415057348,0.0008306646481150628,0.00017330253487620628,0.0006562646546925617,0.0049350263209303556,-0.1680864954399437,-1.9792576579828727,-0.006831321174171472,-0.032506084709744566,0.003790797753901708,0.0,0.0,-0.038585412196499004,-0.008064142844250473,0.014918966879271927,0.13036376299659982,0.0047315292221853725,-0.025721239550831596,-0.0011748237956595215,-0.0029517997661345887,-0.02319133463624631,0.0018295779863568278,0.006251447163647839,0.011878411909673914,0.004652775433071249,0.05590695507994628,0.001124923585701162,-0.000695795602579342,-0.0063566744199106484,0.0,0.005944117227888718,0.006140485342331259,0.008573269261218482,0.0016479300393363544,-0.03914473506176634,-0.0019484510641852542,-0.06933159139182718,score_roll3_mean,
PLW,-0.14675791445864014,-0.09154717218687125,-0.02707372648215184,0.0796637510864512,-0.11436169296570271,-0.011366028679464362,-0.14835636434873525,0.0370864188671832,-0.43619485730582586,-0.8039656696523405,-1.1035734797081282,-0.04981111965368654,-0.5678689076814432,-0.18230349245277463,0.13579392322609737,0.5676576037841731,0.43129914359087734,-0.09861304114924009,-0.02640408176569178,-0.2039381288923797,0.42701495492120983,-0.0999340323220354,0.26889813310897626,-0.027975208279964848,-0.03304178060961497,-0.010923941343600774,-0.005596198552513158,-0.003711751192614228,-0.0024990073444038923,-0.01634206767831507,-0.04845268838941314,0.001438976859454246,0.012554025727315024,-0.04417554662821663,0.00702439325305839,-0.06863344242151999,0.012211131391745409,-0.06958017157583557,-0.007912661591588948,-0.0009672052205630687,-0.012182664381004153,-0.02496436642149123,-0.03362419723568938,0.012259917544410914,0.01964407089330943,0.07266781025480612,0.02767561360674425,0.11567137733204517,-0.0019167460022776735,0.06628585945423605,0.037496820734007126,-0.05063725765225386,0.0008988504434386708,-0.07959514771735993,-0.0060646115513258774,0.032918492968568615,0.005638642102509903,0.0055265901405050005,-0.0019826037428459773,0.12208106564340591,-0.08008557097047332,-2.1184576860704625,0.031862180317354466,-0.06841377068464231,0.034915136768916145,0.0,0.0,0.6375050754212849,-0.009124355171815006,0.110610066017699,-0.14562879325961953,-0.019646332818945855,0.036288684686607696,-0.002938820271053329,0.08258999824604062,-0.0025021269893739004,-0.007608548277781642,-0.05330472367736672,0.008320355224594641,-0.011378074886319303,0.02497126626780131,0.0015359621568129414,-0.0006416679059323545,-0.005357701206654752,0.0,-0.044896844170912976,-0.014668268693105458,-0.08345899296831862,0.011767442100447308,-0.0021174393402524096,-0.11169765152802398,-0.15627596514775074,score_roll3_mean,
PNG,-0.12808418751405473,-0.08174430931684051,-0.010769121527544062,-0.018185765087209423,-0.10944156069022655,-0.010808983876529225,-0.018320586128983237,-0.00952726365540656,-0.5600465139211562,-0.711998218385447,-0.34978566682961004,-0.02282044570149606,-0.1227702510012313,-0.09173408479282835,0.07177162940345817,0.41465013652365795,0.18540141205144545,-0.1003222646035425,-0.04776744675454503,-0.448028668060386,-0.9986423934115088,-0.12604705711424918,-0.521097279630879,-0.02630426762982889,-0.03653375523963849,-0.020189512627281626,-0.01509237395457856,-0.0069368683872706345,-0.002466917386214225,-0.022369279291241013,-0.03208495437229705,-0.0006961541716340226,0.011546326836699742,-0.021571685411262646,-0.007506224656117502,-0.08292439005153375,0.008249252364295143,-0.01961156043509461,-0.02318594612098937,-0.01710377668269354,-0.007510118269623961,0.014054569556578226,-0.016238314398200147,0.008964849774928016,0.03206384373268508,-0.0011587011161746247,0.029066136808356846,-0.029981837222808033,0.003838283587772251,0.02120223772595541,0.007123691749185086,-0.026850915640366856,-0.004994672709646267,-0.08143645810838103,-0.009284290207020807,0.03227783107477392,-0.008098031439689355,-0.012817448398927971,-0.0004412473309876716,-0.04296504795320625,-0.06776322558326768,-8.865608415903003,0.03602264240535163,-0.028297311201823966,-0.006035836123282099,0.0,0.0,0.02273880265317366,-0.01640316535500876,0.008757024437684236,-0.1373621432193354,0.009134623060763911,-0.035476563972083784,0.0020891223969576973,0.02344056011582052,0.0019795077660789014,0.008294045864542332,-0.02980320290608693,-0.01685242829903884,-0.010896434667136731,-0.009943362200903146,0.0016052407963020054,-0.0004436401348442928,-0.006441374744679383,0.0,-0.06075287694157255,-0.02038742754882983,-0.06828113935857655,0.0155326482660523,-0.028687885025287022,-0.1399873254596192,-0.023550778159005664,score_roll3_mean,
POL,0.25033004388499835,0.01174330658215189,0.17795811618668064,-0.005930431845729545,0.23458880866356777,0.03190876083027209,0.16013701700133715,0.013286855344730846,1.1303115380201683,1.8869081386759012,1.065013536428013,-0.02627139853320415,0.07055703479577405,0.08762977729123586,0.12256067734055445,0.24248038707806122,0.023981964200393967,0.03755783868901268,0.05547173368667506,0.1858951333959916,0.8704172461287432,0.07908401917067091,0.17493596065084652,0.031297084599222084,0.0008934686637712199,0.018624552953104303,0.019796726335803747,-0.007931809986480756,0.006267658579431612,0.008327229973380033,0.012233581109798813,0.0014509516733152194,-0.03633819226089075,0.07460146454349054,0.004749219145279753,0.19533123093713756,0.006995855749670612,0.001629746198130321,0.0038069163472815243,-0.004139233967860949,-0.00958719373169653,-0.008873551447053755,-0.02154510030534497,-0.017483793171825607,-0.030113713891648325,-0.04666236091196262,-0.012898649055989898,-0.004573749873717937,0.007619226615906343,-0.043769423291943985,-0.007223600477263515,0.025048484562364037,0.004449031683549111,0.17317437870866065,0.05108137116033566,-0.012062541109822722,-0.009111643134299437,0.0009446159201483672,0.002848195011385293,0.05439290058034512,0.04562277746995459,9.784942404858418,-0.005160251900369501,-0.05968267895686312,0.007982100819026408,0.0,0.0,-0.046742003213549044,0.015466791163680821,-0.04262730116256447,0.004011464479047756,0.007699559115111776,-0.024778061176319532,-0.001043824095462146,-0.0538220546297086,0.0037945878357717035,0.004457455348553203,0.005187637226256182,0.024174787172696405,0.005466969602243097,0.019631930421828606,0.0008375216293647343,-0.0006877360173254073,-0.006347153822007751,0.0,0.3084666745979215,-0.004633311809162353,-0.005672948707653815,-0.00020741246440679581,-0.04538941668123128,0.054828067462814774,-0.01405811386159217,score_roll3_mean,
PRK,-0.1494119841477367,-0.25321489485876436,-0.059005705330580485,-0.04201173517698449,-0.18529993549248394,-0.012305004724473777,-0.18212545358966953,-0.09724281636070473,-0.15157114547477868,-1.1753531390517886,-1.0754537937153217,-0.045399826114459085,-0.888523071483874,-0.26515130441216994,-0.3172486194751969,-2.6602813178101794,-0.09084609633647114,-0.09551527826719719,-0.07880985386933802,-0.3479387422013101,0.4942498449548349,0.02497590932005094,-0.09874216826361672,-0.02332111442333565,-0.10408345577621408,-0.009091316999076232,-0.008451058214625586,-0.020648251749036773,-0.0024558079293415056,-0.016449350303462385,-0.03861349128351354,0.00106910929176674,0.007255082335025114,-0.143765965724744,-0.006762806501230566,-0.0921856414402142,-0.04777648125427718,-0.013153544939562067,0.009795768625816896,0.005913224465825031,0.010999124704280123,0.019875338647643476,0.0017563401231453766,0.015037673594249533,0.04556609245583242,0.06661591515061854,0.013527740888976396,0.04558922822631981,-0.006253224558218659,0.058240138344071116,0.02425174244138526,-0.05508630937367544,-0.023242413549111305,-0.10922498335442134,-0.030866495041602788,-0.19867946056671174,0.015096087902367123,0.001263884529567353,0.00332767324823901,-0.2898964176163131,-0.10836245897942735,-16.991990092424096,-0.009183337128627405,-0.04296023807017732,-0.0004362884933905349,0.0,0.0,0.3551623835649108,-0.007435107613095831,-0.10827122867453565,-0.20957002615119427,-0.019129777210686,0.029260107841861366,-0.0010959553779619354,0.02539875436792265,-0.0018947626676483135,-0.02216097964360687,-0.022843983078007543,-0.02836287002862739,0.001643469802541484,-0.4754489157167852,0.001948173649617526,-0.00036101437008652376,-0.004413296534630734,0.0,-0.05336218804624697,0.030993854620042054,-0.026655178153932327,0.0008220219045292299,-0.06020592873114993,-0.09418245586543525,-0.029211248518422005,score_roll3_mean,
PRT,0.23873862933981724,0.014684062120577913,0.0659262032712783,0.013684841148955027,0.18625620458621445,0.04708867577059859,0.10861633580532319,0.003587279817556578,1.1154578130721347,3.5028644357520817,1.5627515953307012,0.1267489547615483,0.13468933081087642,0.1421212657670659,0.11901885294647116,0.30487933193125466,0.029743142582690823,0.07803169908898017,0.033522927228120086,1.0076381058515507,0.893766359810613,0.08944136807201372,0.1812020569277653,0.008900363750480762,0.018766826824076665,0.013103808244416159,0.017880931494817454,-0.0025222204900055656,0.005787208450717979,0.002904090447457339,0.01787329796326705,-0.0018110313655747042,-0.05083368368530841,0.07458995597521839,0.002459562036410569,0.04890266906233411,0.003745808202890424,0.014748253794061068,0.0006400347498470424,-0.0021581403555614265,-0.006315428278881669,0.022511078375262672,0.006556074079508054,-0.024433533980137003,-0.029146676213345452,-0.05752697839164517,-0.05718788639490465,-0.04565235508500742,0.040790111352725054,-0.04567208226340083,-0.013602767383076718,-0.02278422489968084,0.015948539001680032,0.16636075345818127,0.04525035346112504,-0.006473748167325887,-0.007166309286847008,0.0019967560805297293,0.006308165111579429,0.0590821720424797,0.05868286650554487,12.575647296573239,-0.05445668784505219,-0.053968860751369266,-0.0016224068229605051,0.0,0.0,-0.12782595490139032,0.006256691289804839,-0.10084235195281087,0.008319525985497116,0.003564683818251476,0.01896448564458192,-0.0013165893811592007,0.018347111942934282,0.0014100097235439058,0.011225348334911617,0.0037070837164078613,0.03761467215430221,0.0011778354380348813,0.02071937977904985,0.0006365954747719264,-0.0006677645716569925,-0.00632591276936053,0.0,0.3007128601957506,-0.005022508929246859,-0.005674416701646677,-0.003534324015407936,0.07465212700574868,0.06436063191368432,-0.0122292631630072,score_roll3_mean,
PRY,-0.09339356813758248,-0.021764907088392724,-0.002481707105802604,0.01122281050322612,-0.09733723431478959,0.022435269167908903,-0.04154471176917016,0.006513515397940332,-0.4775683762629121,-0.6677049926652276,-1.1449311413200516,-0.04771041981088994,0.02122814660922237,0.08846140213049716,0.07838824278449474,0.37667726864611967,0.04922796456580936,-0.10192488769374948,-0.038054717846996475,0.06254617797864792,0.03587143449390011,-0.004696604154840269,0.2111086121924538,-0.0030435950423311244,0.016919478045223132,-0.011028712834209985,-0.006520894307649632,-0.010566729670054446,-0.002418847595009931,-0.0016365332859099272,0.03807467582374907,-0.003889042279712701,-0.0038394193749304688,-0.03888606017272201,-0.00712917723975769,-0.037776773235381145,-0.01803446612854625,0.00829194304889979,0.005615607570813237,-0.009493046784941074,-0.0027403266101186595,0.012354525026931264,-0.0029009263662062856,-0.029360448630036392,-0.03632027196262194,0.023032259110377908,0.06029322446213786,0.03044025622226236,-0.00587313236454627,0.024580942736192192,0.020535621396098023,0.004981834928082266,0.0033728821703524247,0.04460179672714657,0.012738682762814799,0.0048921301308853605,0.0018195154009979857,0.0007786502307489326,-0.001524901769917745,-0.0073234426132089405,-0.09219103579399562,-4.3810357841941014,-0.04885461234660256,-0.06377972669969725,0.00368879966941828,0.0,0.0,0.026656749199104192,-0.009349819216627551,0.008329213426954085,-0.026018357885781027,0.0010218135605949892,0.037954696550499066,-0.00268674402282548,0.07759979098555228,-0.00884535681578831,-0.004382132330457809,0.02704451188307739,0.021640361858488354,0.004767662228369195,0.024807157275851578,0.001103187834033534,-0.0004965071637816225,-0.006421193434591324,0.0,0.0018723793661009813,0.00983395408845546,-0.0013827479703396655,0.0018020224798769994,-0.014648604655542897,-0.003670744817145949,-0.008857874610256783,score_roll3_mean,
QAT,-0.06228327948159787,0.09416567869062485,-0.024453232691383622,-0.006248166437217122,-0.013781990492213186,0.016583489890528377,0.042670188227704006,0.008540920426486947,0.2028277471159385,1.5306904680376285,1.5128814185020727,-0.004835444894751862,0.046392194332737044,0.02264628890124159,-0.5904668251794142,-0.23483602574640014,-0.007210308386514128,-0.14104384946586795,-0.06090197679763055,0.5374452664864403,0.45314356172366793,0.04844665140662273,-0.3060989397836829,-0.02684823958039958,-0.01177812976104783,-0.009611533607084286,-0.006735508282308451,-0.008662530607374373,-0.00202654367719966,0.019471864042043357,0.07016887382677543,-0.007425572224588621,-0.0017754333074069704,-0.009149300348680243,0.0004111712204420563,-0.041711696782651,0.001150628500230793,0.011167424823198515,-0.002071676903792097,0.020894032705700106,0.009127085098299492,-0.02744534651143538,-0.02436802301506924,-0.012638060892628943,0.00012454448556204893,-0.08143649894494988,-0.06870447061326862,-0.0042855672583851446,0.004017789507802048,-0.034753450978109536,-0.01909059703989555,0.00695486554330561,0.002671638603188078,0.13673821717163906,0.056724761896911995,0.005100776210071518,-0.0016002038355148818,0.002032861540098222,0.0010990449873745276,0.01302752658434981,0.02974263548457419,-2.024543214043357,-0.005473826748591109,-0.026671996600911616,-0.00045687858877545485,0.0,0.0,-0.14338471700933525,0.0003905886363099009,-0.2503511646541575,0.08620877149965903,-0.004586618355477316,0.03179642531976115,-0.00019003462788177696,0.009205149021399784,-0.0015644265019497047,-0.0030253192016294027,-0.021842697636068036,-0.005002179122382349,-0.0014061605444235928,0.032509108195024485,0.0011398337472399128,-0.0006901478364749102,-0.006363661136485565,0.0,0.0033673088647325185,0.018245679235461512,0.01705901122233964,-0.000819209677282166,-0.11858567908318295,-0.04728260202242909,-0.08280974485968028,score_roll3_mean,
ROU,0.17306017663218692,0.01685014788066237,0.06658898397284582,0.01146213341451536,0.18731388775129967,0.11873002137854868,0.12744690141558102,0.010854761272225075,0.8875216372159058,0.20900650933433285,0.2535324933100959,0.010457753919979447,0.08299267749765189,0.0644244629701607,0.06703043035681806,0.23287096058119694,0.03316522104694088,0.024996346532565022,0.054842719458502186,0.1511487002223043,0.4935907197233441,0.04331453556233066,0.1953613389313429,0.004166878590395286,0.02456856757345145,0.026709702928737845,0.023389600533852337,-0.002064192670472796,0.008743571734689398,0.0034392704779780247,0.008335101571669194,-0.0020661900695381373,-0.0193316543251015,0.12754252181567846,0.00659869307812687,0.01785166426532845,0.008273666648504737,-0.00010245067636778322,0.004636246169667305,-0.010187976373271436,-0.008941409229480182,0.04634143636918067,0.012973256439032728,-0.018537128656904947,-0.025887871576525712,-0.01259746035098078,0.0536259930528801,0.0005581701025821975,0.027434103464943883,0.02172061437644643,0.00985304862267657,0.02062849467354227,0.004300983331759997,-0.2012890006111899,0.008781350258515086,-0.004234928259321428,-0.0074196061967982145,0.00158125468817428,0.0007895442546235253,0.03190126049945389,0.012937647416184856,5.47438298903391,0.012445265783613615,-0.04356131809421416,0.004768164928693926,0.0,0.0,0.003875920673489548,-0.0013663316181007313,-0.055946170731148,0.01972228833739769,0.002149681716846089,0.021458920931900594,-2.3228389424008304e-06,0.027824807818517084,0.003955754181357214,-0.0004460509733070997,0.01602522618256736,0.016370642765707176,0.09357014237514051,0.02916351172682176,0.0008964188983873911,-0.000666492505122401,-0.006348820057616824,0.0,-0.04207977254736351,0.03444564092878453,0.01676979580262343,0.022210982411283317,-0.0019506150780896803,-0.025846530156748444,0.10532124837790613,score_roll3_mean,
RUS,0.20443939704499478,0.018198780801542542,0.21457023564239194,0.010576224434477451,0.37362459659256375,0.08184490932342735,0.31932624914108926,0.013406979207988032,1.659465538516301,-0.368307634234433,-0.45826321110586876,-0.042621159112777945,0.022959901803014816,-0.08708517488660766,-0.1588067340984306,-0.32619481502479475,-0.024599441443734663,0.14962005677516094,0.08704344753097576,-0.5143763219504377,0.5395296241946319,0.020193334394093893,0.17566975923239256,0.048735244227942384,0.015649968069313486,0.03580079247692626,0.06323948830947883,-0.009648758988993162,0.006740651024986904,-0.006989188591972038,0.006241218341161884,0.004364455777469627,-0.030772649004092184,0.19362543824344983,0.007238364612396181,0.1254747862733572,0.03108718283355596,0.004803958411380887,0.006431187129585642,0.011039503820210945,0.029205978604817946,0.09544311917721682,0.02712392678955752,-0.002563955206344037,0.022998940514454388,0.027590965060852856,0.06441142057086763,0.03227542604058834,-0.01106591169469929,0.06299349298358205,0.022355932126319353,-0.0022447654360464144,0.0072838720327252525,-0.19118808605093457,-0.004856972757440116,-0.006662827266188134,-0.00618867443393554,0.002567727254131932,0.0009362972188228013,0.036616488446101304,0.011941931835520735,2.2451593432932677,0.014825555023974592,-0.008634251308340243,-0.01879650761668894,0.0,0.0,-0.15038663066102478,-0.007140824689879544,-0.07503113239502067,0.03497809583719176,-0.003852298877434581,-0.059676200744022904,0.003227737208945236,-0.03207920578720423,-0.026458992945793538,-0.07546786250017519,0.014720441614932835,-0.04188176107762871,0.004396628221501052,0.06104110044482064,0.0010851793708492351,-0.0006963584966780807,-0.002720939754084745,0.0,-0.08189565266884737,-0.023075439628099277,-0.013349352324988571,0.006271353660840976,-0.041232419527811516,0.01603628046951121,0.03236345729355098,score_roll3_mean,
RWA,-0.048085804063696586,-0.08234198471697778,-0.026408351877970308,-0.007516989031712159,-0.12879317162895826,-0.008261128633303264,-0.10686504447937908,-0.01080589784202659,-0.5558582971542227,0.17609899721329333,0.19930638371041354,0.09778283673318827,-0.09413916478542265,-0.004495381670381753,-0.25472857828653894,-0.5955379350950123,-0.06159687700998893,-0.1050719010223267,-0.04975287485834408,-0.4723582134883304,-0.27189749340918495,-0.1347780496762008,-0.3015908178119365,-0.005857586023433845,0.015108394595727104,-0.0130412911238371,-0.008887312988920548,-0.008388433484370569,-0.0020202070463973525,-0.024003680210643367,-0.024628387189370236,-0.00033683744839850733,0.005791856107119939,-0.05308100274497227,-0.004298342017234041,-0.05387139338132334,-0.011603916657276859,0.034356681101227526,-0.0012791883065248226,0.004105123707539601,0.01624120019718671,0.02325434887294211,0.004782134238300157,-0.009712942018249566,0.00951026292080391,-0.0474702143782096,0.001129098805254605,-0.1050770485441449,0.004922917744309419,0.0020264820750438618,0.010713869802572808,-0.007926133143806918,-0.0016623714578111902,-0.08711079199831545,-0.024640638287507656,-0.03538107109926592,0.000315037592057213,-0.009464413594308484,-0.008760163980968017,-0.07113543664086745,-0.06680188944626479,-9.762473358741296,0.03096986211234313,-0.024824678531343167,-0.0282768458699035,0.0,0.0,-0.00857396342259886,-0.0026712079283922607,-0.05066407904584594,0.05534229078624702,-0.02261614250700004,-0.0028271386585706705,-0.0012469851976056757,0.015372155746033287,-0.002045413955941193,-0.08071413854040839,0.032961234305548814,-0.11138996965726103,0.034125287812971944,0.054401824736953756,0.0015157946247615804,-0.0006768033727998292,-0.0065251851865219404,0.0,-0.002764214983053237,-0.05505363110341856,0.022851215411184258,-0.09807128896742535,-0.0631492936794641,-0.12293650418103348,-0.00840411358424089,score_roll3_mean,
SAU,-0.09368076330591435,0.09558073546721463,0.13630172546305916,0.021578310121983493,0.23641912094714648,0.006604604507723861,0.15619675360552931,-0.022417223119046883,0.5471212296260165,0.07121038265489256,0.8126435767438004,0.04763008182168012,0.14682781834040726,-0.014939658901807063,-0.6207602401715347,-1.3168774266923036,-0.03576443279211868,-0.025600118705371506,-0.015631288350276856,-0.06940796833941326,0.3294215661788881,0.030891691129723703,0.14144678363211372,0.042326279691017196,0.028905139501468145,0.028155700897291133,0.01469237551406167,-0.005063423397381981,-0.002110968668213726,0.012515401639208706,0.05440597244486229,-0.0006506981054774299,-0.013457250456128061,0.16933011105588452,0.009709571646159031,0.11508345531596359,0.02514372803578129,0.03384706663887351,0.0028691085903459496,0.01781890077801913,0.013922988149331184,0.02138388959418628,-0.005838149562339361,-0.00200300751530249,0.02270834633306331,-0.04570653742922123,-0.013907666159264382,-0.0194104634338514,0.041095307808706724,0.0040682314284437434,-0.009994747836059257,0.01819126912000986,0.02226629791088884,-0.16709228641327198,0.01777054364027573,0.0013603165639738393,-0.011532290261873959,0.0037921423960932043,-0.001892317245046309,0.009013670385739215,0.01433641403008449,-1.3951866967662472,0.035208703766886014,0.024787770894903787,0.0024572272849415072,0.0,0.0,-0.11543151066826911,0.02826386374006752,-0.034932008147192065,0.1426479158624577,0.002383971810564523,0.0030908151844772753,0.0004858910395044792,0.01283529279062117,-0.01997552808485302,0.004282911413040165,-0.02024251016483833,-0.01595589906446177,0.008778690564362692,0.025245090120744006,0.0011847998787809543,-0.0005273623273911941,-0.003979024584524537,0.0,0.3100140588871674,-0.2188227512367678,0.004768102321593382,-0.0025346481767484063,-0.03791125290206658,0.0009278408798925473,0.056150180103499286,score_roll3_mean,
SDN,-0.04183181688711511,-0.10677292849133718,-0.03293484082903885,-0.029278700625093426,-0.002469773061392474,-0.019725983678234523,0.08865552443867492,-0.02242036124274817,-0.6924719037563145,-1.213490382710957,-1.1000915570185197,-0.04811211759880408,-0.25343077912094686,-0.27585601204130705,-0.18902966066823204,-1.6594622364437008,-0.14259649709548966,-0.08953031558129411,-0.04507988913779398,-0.38778770110557725,-1.2156876489947697,-0.07582408443584483,-0.052717020782632754,-0.022279878188321202,0.02417313573557754,-0.022003756839653246,-0.02220020605579636,-0.009316108349960835,-0.002035055607095124,-0.022409128336697556,-0.028889749173336813,0.0003587274824114738,0.01247592999346679,-0.05490406418822327,-0.008976363146100367,0.010861799146133564,0.03220071737678848,0.010777957102596842,0.009613129635869131,0.005133051476624632,0.01232410352262443,0.02430272843814453,0.001385843584774612,0.012309941691579545,0.03173194141971436,0.07701619930216776,0.031223215323556916,0.033570534311873824,-0.002630023838504369,0.07223757963863234,0.03517937576684573,-0.0473152658751758,-0.01186747996322963,-0.10499352295718246,-0.014804191883212546,-0.023841622815184565,0.006770488512627883,-0.012069017748638868,-0.0029186292863736594,-0.14344729309868845,-0.05929883039637631,-14.0818012606186,0.007038105225484107,-0.02671431132367592,-0.01891638185180011,0.0,0.0,-0.039642354886614516,0.016764277248569395,-0.03774519560458138,0.10922334765854243,-0.009074040174369165,0.034483831759917996,0.0018928422694953486,0.011112438312997382,-0.0218723138080272,0.016615225341513974,-0.04852940045326806,-0.033295973908903015,-0.00666191431485188,-0.02455531648801001,0.0017496422152655107,-0.00040196262645720806,-0.004779828674092996,0.0,-0.07733027099729688,-0.006602463459893496,-0.006153722701160745,0.005259690583473937,-0.02144544765019007,0.0030376414660085054,0.0009466929594222554,score_roll3_mean,
SEN,-0.07831148115187825,-0.04087115240638971,-0.014848980007385708,0.010879162816248312,-0.06638526150914632,0.03557339974238516,0.08487069165040322,-0.0031722988165989226,-0.5385152469630029,0.05548433891282894,0.22842809544919454,-0.02754313181980244,-0.07180219049740365,0.04638481531331238,0.03077753773843126,0.42515636634361287,0.06545737343557571,-0.048418212855345394,0.009571597170700717,-0.4718803762711027,-0.7699637650582379,-0.16284739608835466,-0.31494429785150446,-0.017060659932538753,-0.001068862959834581,0.10148174080463983,0.038963920505618005,0.0012991681626484354,-0.002020066394257022,-0.012244371538233061,-0.011656588972893296,0.003364849815985421,0.014631912424133364,-0.031051369494225742,0.0019958129040911726,-0.04101852022755717,-0.0022411083655951296,0.018269826580595287,0.008090574902231487,-0.012775900536334161,-0.003867658018589132,0.023098799250309533,0.009769719333775824,-0.011024969605708456,-0.014857751034440736,-0.026737949177605094,0.04251179294782393,0.021847022247377286,0.0067616408205335545,-0.005406985142966931,-0.002026999799462317,-0.009199145422847742,-0.002530028014860833,-0.08283420727068266,-0.003994354625350121,0.0029002636360144648,0.003456513657204482,-0.009846797886644101,-0.000683481894414095,0.01198852566500786,-0.062027454551837974,-3.390686647588387,-0.02117767153357989,-0.08010249365583455,0.0048245409995476204,0.0,0.0,-0.023551636378041706,0.07313581816041974,-0.016231881518646483,0.06507816075255794,-0.00289047515550013,0.04212505259259684,0.0023000114582700216,-0.05061578207279105,-0.0007949202974694096,0.006500295548341425,0.02417197843783075,0.012432571125296539,0.006551948528977167,-0.024284811217057355,0.0013376451740371787,-0.0006959215589370433,-0.006389968933295152,0.0,0.001834396290782794,-0.021535288941836876,-0.006415527865335442,-0.00680738786107049,0.0358760526641482,-0.002346584500676945,-0.01189814969683575,score_roll3_mean,
SGP,0.08465914157640414,0.0487774457395912,0.06727335672254225,0.029782330251996322,0.2617570975168308,0.05034796412048013,0.12077464594858699,-0.029091828900550988,1.8730759791070832,4.0179083960050175,1.7404589564790565,0.19362091971953416,0.2560446534057121,0.13545544481916058,0.028071431446220756,-0.004253943982716661,-0.010374653048117338,-0.3511898228206332,-0.034650429247340714,1.0312462244505012,0.9457015207184467,0.07950941739557432,0.18722103519549582,-0.002685988837196791,-0.003307747254942163,-0.009552009981977208,-0.0072970867545824915,-0.01125936686553987,-0.002825139890650663,-0.007288930254198644,0.03138500899753153,-0.0010358745365067104,-0.09267477649939662,0.02171146407054458,0.001242143074095531,0.15600570492507054,0.008683723794117908,-0.29700876923874014,-0.009414065278688056,-0.018076433932409427,-0.0005254956349002043,-0.03710585313569715,-0.059296419209148056,-0.0186263424528715,-0.03886977092621488,-0.032120266727879924,-0.18021452059087223,-0.1410303441628104,0.011069253099440193,-0.06582902049079727,-0.023214013185122555,0.021776246257229438,0.016226817753721513,0.16451592087644631,0.04395543215625164,-0.007876814075340634,0.003587101437875634,0.0007064600475996058,0.004852640940453134,0.14363604375944705,0.04874341069579739,12.150326328623926,-0.027564733566685352,-0.04190462092874517,0.008822340106701266,0.0,0.0,0.0010986569393034713,-0.012714710795469118,0.052439586526940564,0.012000610477345052,0.005772373558185056,0.020871156326497223,-0.0005234980452696815,0.01077782422112983,-0.16457310194010927,-0.030824751069374132,-0.01274507355367494,-0.012703095516473544,0.00452407471102332,-0.030259693363452293,0.00040800310882320245,-0.0004026290072535052,-0.0032091184037442073,0.0,0.2137335489344437,-0.09513773783334671,-0.008482809842805762,0.005029168136688562,0.08799948722734928,0.07652226546540582,-0.08369206498009003,score_roll3_mean,
SLB,-0.14506121197609126,-0.03989383300745053,-0.046716361823849376,0.011920801653049148,-0.13413626770461123,-0.008047034192357682,-0.15005778904371905,-0.008368755041758495,-0.5067742798220393,-0.3766753300531393,-0.11463280398249041,0.01243168703208385,0.02900228446967684,-0.25074866743238383,0.04888607405720141,0.3724042918059579,0.17565400048255608,-0.09541277636026683,-0.027968042833523773,-0.38462280606647326,-0.11054776248136816,-0.161707218056158,-0.6284585895476728,-0.036410367541366485,-0.022278947881556502,-0.007921520781394999,-0.006383146021342911,-0.002613529296607067,-0.00252026617436934,-0.005724696908391022,-0.012198245580939784,-0.0008543405237707534,0.007907195291000785,-0.0457343481453962,-0.008360272498798813,-0.07506076046429871,-0.016530933963470485,0.023721099919163248,0.00814431244825061,-0.009451362022064673,-0.005425485457839359,0.0031750849484097894,-0.006206234450067253,0.016174699969272816,0.024267193911273483,-0.027689389260945226,0.04193108845586138,-0.042523734672910256,-0.0013780038539377057,0.02103609909018926,-0.0031207833048367685,0.017923638137165864,-0.0016661855663335852,0.03125597386618439,-0.009793148827298894,0.069983698306056,-0.0020815399490655166,-0.04741118389766681,-0.002155314123232478,0.018862120025893013,-0.07986479849440897,-8.170740004436785,0.0189338523733401,0.00012818818823268768,0.012014713643846549,0.0,0.0,-0.05500756341082634,-0.008267751874791908,-0.062262267230122924,-0.0977195375077906,0.0022503136924145466,0.060186612617023294,0.03953557278583435,0.013970985643699588,-0.020478544990957578,0.017437061675962838,0.04989896861445583,0.03233946800764877,0.004268117955871095,-0.05907391152211831,0.0015205119822288028,-0.0005217759681236609,-0.006665447451664231,0.0,-0.061566059844379864,-0.04050806903680084,0.04458915400650178,-0.0003493727743228753,-0.0483969697243323,-0.0808458575740529,-0.013434356049732532,score_roll3_mean,
SLE,-0.13899376707239086,-0.10112298717261282,-0.0430114333524366,0.017050621228185583,-0.12760563712999431,-0.015348778219801525,-0.1746126624021399,-0.03600864975371404,-0.6076550671658532,-1.085187283689175,-0.9048080971690453,-0.03750365152249786,-0.191443494091441,-0.01896188121946696,0.06238536282462147,0.42485962890339324,0.2096921824781061,-0.09611101177700711,-0.03584348620727586,-0.38718280460119436,-2.3942391236512655,-0.10714031559692393,-0.892479391870936,-0.0171830621732477,-0.027309687541101607,-0.02048716847302559,-0.01908458052205382,-0.0012806784662257214,-0.0024541757971452147,-0.02782116544034342,-0.028697216971606293,-0.007001421523247267,0.014552700323449994,-0.027842001510857573,-0.008516395956121092,-0.08544197795610367,-0.009409503931287777,0.00742948586009946,0.007549213947880261,0.021569201774200276,-0.0009349404762165008,0.028664835102896545,-0.0032343635211188526,-0.002854729429154205,0.020678198370320637,0.0100876579111039,0.03728550897404423,0.010150825091406326,-0.011817846969838786,0.011050025985457089,0.026975698064717904,-0.024905747111662078,-3.2024986479348116e-05,-0.0899295766873086,-0.02760771051332624,-0.16032393051760827,-0.007951822880151711,-0.006087000252057573,0.00572454895367298,-0.24156127941084218,-0.02130313308909995,-14.598855685404224,0.015333470368718046,-0.06065902801357202,-0.009852605518035394,0.0,0.0,-0.00815186685659003,-0.019650598535015072,-0.03670957347800101,-0.04518276066688123,-0.010587996799456201,0.02535372188120301,-0.00540707946806788,0.005506392623182621,-0.004227899828243571,-0.02342507264208698,0.020256402378784538,0.022597238576479554,-0.0006406438615489752,-0.004976356061291444,0.0015944399934792678,-0.0006672254495731196,-0.004912181715309288,0.0,-0.06841179951876536,0.004221479363621633,0.01411779665195913,-0.003155012286761988,-0.04132045535132441,-0.11032651825906718,-0.005674290083817468,score_roll3_mean,
SLV,-0.19931805424328708,-0.04386123581127358,-0.012836537374742503,0.008063058759162195,-0.09816949898677237,-0.03341501960732472,-0.1497387726210806,0.004173677210920758,-0.444571112825662,-0.07737108621277242,0.3607011110356529,-0.05840901816061021,0.05884509295448481,0.13437731081716553,0.0875754999927078,0.39312741058710465,0.05949558410621841,-0.09671549126487154,-0.04146527339567986,-0.6135394518329579,0.573069462624566,-0.010719906608886815,-0.08869721558481058,-0.01694735913398749,0.015787798147711373,-0.010995605984084835,-0.007679211582209582,-0.008293533670976119,-0.0026606026793366544,-0.01796706155274529,-0.011385476861445167,-0.0040450063544742315,0.011838377347201667,-0.0427640517411306,-0.011871397265668129,-0.04432997667273303,0.003832182130895845,0.009735039641251487,-0.0003929084539772475,-0.01224955287138998,-0.007987647385877823,0.008236256206219114,0.0034936215784039594,-0.0319119105380014,-0.03270217451256575,-0.024307739899087986,0.03726295535743479,-0.0003718821890851029,-0.005008916424353458,-0.0014222828203533794,-0.008224140418570704,0.022494604803931208,0.010337231605546136,0.056892074349627855,-0.02203170794725748,0.0004585020967213864,0.0027541257864446504,0.0019697956897049024,-0.0008482113389793051,0.005233764834648943,-0.08477684543709231,-2.4665669746243566,-3.974601972566605e-05,-0.03481061875534912,-0.0077174656386337906,0.0,0.0,-0.05816977086106197,-0.006090069485559,-0.06540392267618596,-0.04000708557088923,-0.004022508205336267,-0.05801490976994846,0.00014555056698394361,-0.06218531230797504,-0.011051707772319102,-0.009688246893618937,-0.03830664697392836,-0.0076535622583593,-0.02670568757277741,-0.060618295635113846,0.0009592993019015743,-0.0006958598178822484,-0.006406482239014445,0.0,-0.0475045173884937,-0.29229989036244863,-0.10844403593705261,0.007096184286157709,-0.027629868801876553,-0.16006665074424908,-0.1287279979846181,score_roll3_mean,
SMR,-0.15317187211831199,0.05104806181961212,-0.02339495654009133,0.07403171205841137,-0.08090675507491385,-0.04158832893874083,-0.14805942797521301,-0.030075190258831676,-0.4818074038441565,-0.9282626734839174,-0.9849825183635803,-0.04629112516627508,-0.6773432276560863,-0.19123692478468246,0.14519950882778732,0.486275022082992,0.2802798129818119,-0.10075993117349674,-0.059387907817553744,0.545311682967247,1.4612121897753871,0.1005729219875123,0.19187472933379585,-0.01926771352853431,-0.006313224141279616,-0.00956152934121488,-0.008658882697437698,-0.010857967831073862,-0.0023195271022085698,0.0031656560062667317,0.02817263704639827,-0.0010715527326874363,0.004694797038072576,-0.04067488245305503,-0.0008379935288861966,-0.032720595341749606,-0.02228075177197379,0.00021794858406043913,-0.0021114141902329416,-0.024533092775015117,-0.010485349756547944,-0.050054727167638556,-0.023294434805437192,0.008300748199926369,0.007450875497026439,0.04256121245093896,0.02039979057101241,0.08377693599636857,0.0003225334531961474,0.06870957913002805,0.023654487863653848,-0.023416462646756446,-0.012655657710837494,0.14841690982592076,0.0905035776442889,0.007001912028635549,-0.0027932294823403187,-0.0008894270976007246,-0.02964623937870482,0.3797980862540767,0.02701298010391294,1.7825291268928423,0.10574747268107663,-0.155571659274868,0.006176136971677779,0.0,0.0,-0.04993378169563152,-0.012794608626596427,-0.10124783589936127,-0.17944701811042268,-0.013622430107073747,0.02462529397230989,-0.0002976667701183351,0.0008787841943267156,0.14440049041718644,-0.012835867470789948,-0.0329762201622737,0.01472660602087185,-0.009347443237436585,0.0280084419842015,0.001279372770610986,-0.0006376448525274678,-0.005363426730217861,0.0,-0.05823887089360719,-0.011165932413337864,0.2600274942282682,0.020767946006620033,-0.22289318575535363,-0.151673358330577,-0.174104081629249,score_roll3_mean,
SOM,-0.19123531227679977,-0.0926929801648344,-0.0981923194722167,-0.09065572836399145,-0.1496029167957382,-0.016406132982770175,-0.7479359279644725,-0.05127961248772525,-0.7809611525578921,-1.1961998257715363,-1.339527503986479,-0.0413092219028078,-0.7370649097859965,-0.3749012907018748,-0.31901943758490375,-2.1006983593859245,-0.15158418368957635,-0.03507242653237164,-0.034687293696409376,-0.38965084038839576,-2.381188971635526,-0.07454092373812703,-0.7046376475782014,-0.02583910383025899,-0.12884694819428946,-0.017185129288742686,-0.020177811050349773,-0.01440767530923763,-0.002518943019970084,-0.02301196796087614,-0.03992887563496276,-0.005831939772202075,-0.00781295901143064,-0.2569476877966311,0.005844479145844839,-0.21891925997036643,-0.04323213122850245,-0.03206366416413262,0.004256272934502311,-0.008400493224442964,0.011002625071053674,-0.006761689988995167,-0.0009611581576532609,0.008302230226811813,-0.021878654925052577,0.024327558758449896,0.009976087512210232,0.0110849904128175,0.000181863431312959,0.008553963883290721,0.02689527043682334,-0.047096905463763244,-0.02078329624682951,-0.11248099255850275,-0.034552921045085526,-0.2816543650277865,-0.02560201423652027,-0.009361722828450337,0.0005804325404888986,-0.2651194473990565,-0.02987285255407407,-18.01800539181424,-0.005809120841308814,-0.022578230460166975,-0.020195138940965415,0.0,0.0,-0.0841550464477046,-0.018092142689110243,-0.032878997337546505,-0.1902525851380951,-0.026973186020682702,0.01311310613396205,-0.0004047639928303314,0.007306193483915718,-0.008915254012575868,-0.02347661643710984,-0.04793646783213875,-0.07015325368787174,-0.03153161837536815,-0.5377739334153794,0.0018794219083386665,-0.0003702321625927733,-0.003897796150677917,0.0,-0.07396016771914642,-0.014835041646354232,-0.025844583505688263,-0.008590806321370655,0.0011147010807390518,0.0323034523320181,-0.2173398957219286,score_roll3_mean,
SRB,0.20490311340207806,0.0012096028946296316,-0.005712045732285614,-0.00015933566178364566,0.15907779541848266,0.04676389760935336,-0.009125002605092745,-0.050927245151753515,0.4784867610956118,-0.20363040705956276,0.2241535518555707,-0.03127410216519627,-0.13975152909286168,-0.013516152337261621,-0.010400635626403925,-0.25677441579589116,0.03152627173625952,-0.09114843891867268,-0.009696889699970776,0.3949432519648516,0.8597377451530978,0.04435300166544209,0.18319315551179696,-0.020800136223636457,0.008834847912965089,-0.010025846414644773,-0.009251880258194548,0.005150102160024128,-0.002408106046953211,0.01384947982406434,0.020052801187426483,-0.0016796020700107087,-0.03003586946621976,0.0802487338586401,0.017815522140901197,-0.010029756958497034,0.029354314130948456,-0.007438813040718806,0.0010397109732620576,8.95199554728503e-05,-0.004034014434620946,-0.014185570371333197,-0.017234303036550505,-0.00992315790277015,-0.012316049074050749,-0.006884474703117528,0.047871116308601365,0.026027043210574138,0.007180439875125858,0.027761511463476857,0.011180560702381898,0.015501881488611525,0.008105304902928078,-0.16103815903395996,0.0894163964253891,-0.010229867504039213,0.009593215920006146,0.0008481499410951915,0.0019089855937341079,0.004101915676370415,0.007706793284744385,0.6936100109611143,0.07661548666188732,-0.09521900446838942,-0.003529090309729913,0.0,0.0,0.028320402627950315,-0.004813566809758832,-0.10527104568441617,0.007184053750240917,-0.010424645534510262,-0.07919698267720598,-0.006355190177265452,-0.09532615451335202,4.331900361756914e-05,-0.03342820225624528,0.029834240795517913,0.015912736555803355,-0.0019399444125785341,0.13834596016247191,0.0009565306117288542,-0.000665514037890739,-0.005657722975369435,0.0,0.40690698148980314,0.009124850694711776,0.08272142704281618,0.006569098383445918,0.0960720999180769,-0.11038761998135005,-0.02323016255221091,infant_mortality,human_dev
SSD,-0.117787590993518,-0.0849442445552863,-0.04970156573562922,-0.025058200201441398,0.05273229274162607,-0.01872294871333062,-0.25951328261857576,-0.05729527308123575,-0.7937681165210893,-1.1932498241680554,-1.2489320051525696,-0.023329600210817633,-0.617881222248832,-0.24298281033805932,-0.25457717676958097,-1.3607198853883278,-0.11572542711094558,-0.027647527283751815,-0.030211479397777272,-0.37366812618393946,-1.7962008615364855,-0.062145531581731306,-0.4384379651795605,-0.0007189545994339704,-0.08649605015229676,-0.020429125518091187,-0.018413421525416758,-0.006257330102900684,-0.0021349971197026987,-0.020048710310142655,-0.01997225452896506,0.00193975161846692,0.022315830446288664,-0.09977464167116534,0.004249930987685873,0.18044824868558673,0.09359511972415745,-0.01956705071574057,0.014103675393286967,0.006942847336161261,0.01381641452198372,0.03669575306686936,0.003604561281467094,0.00844918450809637,0.02115321803326599,0.053829794475535264,-0.0018119945958851886,0.05799987419848635,0.018184058952460447,0.08926991095498411,0.04708283653859504,-0.04757433402028782,-0.006567761856546828,-0.10837085374620194,-0.019544918630911828,0.34989102550326673,-0.017632739383431784,-0.005535471642246202,2.555374189056438e-05,-0.1622183104588392,0.004378957637407881,-15.877771473569204,0.043398169536810756,0.12123691827718287,-0.012886527199031673,0.0,0.0,-0.03987003573294251,-0.015517370051257634,-0.011698258475005113,0.11085902809635918,-0.026170166742103037,-0.08822059349169192,-0.002441293081033053,-0.05178589747610147,0.015187118532945652,-0.006423764816188229,-0.02793270366707498,-0.008367770042270307,-0.013384992654049679,0.035959146810568623,0.001919315609596197,-0.000524310288509478,-0.003738500321081644,0.0,-0.07233507685706218,-0.012727084859655282,0.02602790683333185,-0.012061384776345788,-0.029828485290963113,-0.18534984693046355,0.14292724371202029,score_roll3_mean,
STP,-0.12366564325115721,-0.014745132694767793,-0.0421940022928115,-0.030954785348399256,-0.14787150614295022,-0.05111249236255836,-0.33354136210273716,-0.04418907610472062,-0.5803312836537692,-0.47563548681360185,0.4845201823841645,0.056075636296821295,-0.0013207533253932584,0.1912545334939757,0.08898939214736463,0.4143081597233042,0.26271749685387175,0.03810599573572096,-0.029210974631327186,-0.5014221944167722,1.1835312549128223,-0.19389255910608158,-0.8623343950605791,-0.03990633034163432,-0.021528092723288594,0.014133254552068058,-0.0056248142268161124,0.005323785920561673,-0.002483837717133787,-0.0016260554175718002,0.015758409740655715,-0.0026678976882314742,0.023146946043263967,-0.02952612153670685,0.01003866947457987,-0.08590890444043146,-0.02776358772774355,0.015798766398477413,0.011092107178546742,-0.02901889359561984,-0.010219180494787353,0.06028649098454914,0.02805493364518545,-0.01021970398031851,-0.008311924753074249,-0.06289604756539144,0.026293288467747287,0.00395992190780359,0.008081221244074337,-0.004345240297005258,0.025175139998204126,0.03823715704954766,-0.006340612932662804,-0.10523884442355187,-0.04373353487052225,0.06726373115728249,-0.00491233614109057,-0.007588633855645999,-0.0008665582298159981,0.47372764041993687,-0.012629709783142396,-5.519024906899898,0.1208449051899458,-0.04928335689432389,-0.01137830205450153,0.0,0.0,0.0017212739657416788,-0.009719813396244078,-0.03530204151364668,-0.10292773564252548,-0.0008937678319684236,0.031037996448421618,-0.002924266020491912,0.02999517205008723,-0.006209321859766802,0.012279327489920307,0.03435322382922162,-0.04312484940525143,0.06694195683430669,-0.05495861634171073,0.0010035374846430868,-0.0005372595119342583,-0.006161775902909127,0.0,-0.06144903270913782,-0.05403138024866581,0.20626012637677757,0.006093821546171148,-0.04799930454171262,-0.1061849500097259,0.17633820286379956,score_roll3_mean,
SUR,-0.16874714878706798,-0.015037128655488723,-0.010546191447873283,-0.017919670039308007,-0.10892051753018148,-0.010344636696560739,-0.18193505026478626,0.0033630443253461367,-0.5034854888399862,-0.25855769230666203,-0.05211587926855492,-0.045268793514561784,-0.22788377970742707,-0.052246173230531295,0.09844004858363817,0.5323157236486342,0.07819046264238994,-0.09137752708683941,-0.044828210813715595,-0.4609487939809725,-0.13503690371393418,-0.010883167005308725,-0.29434040222995794,-0.023831485117946777,0.0018382786070505097,-0.0074094093131513205,-0.006481732177670903,-0.007289745243817381,-0.002439422520041799,-0.014347575266487307,0.004965618494369428,-0.0002845762454079933,0.011001893066982167,-0.03144259578718457,-0.006359493675360889,-0.05836684709113467,-0.013376305202900056,0.007685539486491248,-0.008363696335441118,-0.007490756042455484,-0.009665316665672347,0.016264107946558498,0.0002966299248712275,0.0034249707228283977,0.023430996749707188,-0.022418742106309182,0.03411274016658863,0.038605026054614744,-0.013714649851482711,0.0025763850069777825,-0.00878367038202819,-0.016462077116110918,-0.00435798036809781,-0.07462424086683937,-0.009949275094017815,0.002723482642113069,0.009036545617561636,0.0007815417729564185,2.752897831650702e-05,-0.00563452557086515,-0.10528028667011162,-6.403621626417739,-0.027699778841997667,-0.03795451984960123,-0.000835568459900016,0.0,0.0,0.057371019478479744,-0.010536170755433186,-0.039661857554296166,-0.11534191598850546,-0.04614651946862235,-0.02667682122288449,-0.0036511949009745102,0.01583657018611892,-0.012553155162660184,-0.012963896100814139,0.02332990212154763,0.0059646637171157976,-0.0035105710498593355,-0.02249361414195477,0.0014655444350519331,-0.00046798825066922026,-0.006046617093555897,0.0,-0.06873891387334018,-0.04250277533889516,-0.006928076560868084,-0.003627427758031476,0.017292329479010868,0.0009112332165045978,-0.012408530370175313,score_roll3_mean,
SVK,0.2646559253634196,0.044808480154775045,0.005869401612572938,6.98421684085107e-05,0.09143452839925137,0.04011037073287389,0.0949691456360579,0.025708698786682537,0.8188007011747157,1.0570557486564671,0.9831336395645529,-0.0005960586551353342,0.08641949810157172,0.10258769921484605,0.13035785133614078,0.29014135077851244,0.03480058361461181,-0.0775631293372904,-0.0014098757486982485,0.22660173964857933,0.50276872537474,0.061244264063309545,0.20277145443835176,-0.02571294106549876,0.006079937366193959,-0.00922794250397674,-0.007248014948573608,-0.0008974090165640133,-0.002177416767591545,0.014192949378147452,0.035179920968526374,-0.0014811724161254076,-0.03021796262918533,0.08601916363472745,0.006649324586224775,-0.028301814389754158,0.006830503426439047,0.013190206363585762,0.0032594700220336848,-0.003884418380986483,-0.00978064451261889,-0.06433201207505536,-0.029787222659268416,-0.021715766699106978,-0.03639282846140604,-0.03882916556144626,0.014032409650663845,0.015797657928117586,0.01147369330326799,-0.019003699268228924,-0.016179267086700838,0.0179019036255707,0.007161311199096734,0.1899101050929593,0.05000917420365255,-0.0010125544851348283,-0.004189517138560308,0.0015385104415042694,0.0024616431233173536,0.06729432134937133,0.04586707876226205,7.310973308828414,-0.04852553282616005,-0.05940662246311403,-0.0021995253915340616,0.0,0.0,0.0037590485471442965,-0.005417113192744791,-0.007052138088812688,0.0038946055512880558,0.004153896229549375,0.023620127217581947,-0.0008071060965799841,0.019229458622850148,0.015067500611548662,0.004329282146606494,0.006295226941053644,-0.09851571796678496,-0.01249472205261976,-0.0251600027138962,0.0008148210497248991,-0.0005757723957916581,-0.006329157226005509,0.0,0.3439471683432426,-0.006530266819879418,-0.0024312834122176626,-0.005244031691474973,-0.031353671743693017,0.01838162608268702,-0.015889112269070617,score_roll3_mean,
SVN,0.27641576994808753,0.04082457491802995,-0.013674933484373163,-0.020421846587666638,0.06922992725666284,0.056705410160012584,0.05993320843159562,0.009362759352045254,1.1496807579858723,1.936007369941798,1.4576810972708052,0.057470165519764416,0.15187710766829887,0.09428677676066657,0.13290893768542425,0.3112448162103879,0.03446897386397062,-0.13039386689455917,-0.04031287712619741,0.8618443993614646,0.8624638820700112,0.0808088399991118,0.1929511571210191,-0.013624312501577352,0.0002214433923823497,-0.012961760666027038,-0.008783051922807483,-0.0032219146862719874,-0.0023007795085176895,0.005489196771213842,0.025786204834195275,-0.002526486421604604,-0.05708938153065681,0.058483768346379625,0.0074669112842894285,-0.04282509901082715,3.167331350077532e-05,0.010280398139468802,0.0036921578974212516,-0.0037822211196390206,-0.0094566997189313,-0.04194601900967753,-0.01378350628921013,-0.01933141675836089,-0.027774018828165093,-0.06110216821544413,-0.0665199157482882,-0.032414161958532466,0.007290904098059015,-0.02656810594358209,-0.012237930828929783,-0.04113776889230685,0.021027726353068335,0.17582372264696944,0.04677935169505567,-0.007342670325671758,0.009396118656294196,0.001907484851426034,0.002917549897734432,0.34501469938300233,0.058292302720349666,8.894150102914013,-0.0423941896313782,-0.08395251645658423,-0.0027719856739764825,0.0,0.0,-0.03333249667647417,0.007435971934941983,0.024318614751067044,-0.015258377073865396,-0.0024976053027622887,0.023956924478301694,-0.0010117143508034685,0.00218186229858754,0.00214367019944913,-0.0033888039295591273,0.00316288643129353,-0.18137377594372064,-0.006797820498204328,-0.0104354273223079,0.0005807671330568145,-0.0004133551661217815,-0.006351047132811107,0.0,0.2716177099339539,-0.016901567789983734,-0.00241824207205106,-0.008657846964433393,-0.0757706748287153,-0.08468830599324426,-0.02548875244278553,score_roll3_mean,
SWE,0.13383771443376266,0.11140051991835045,0.06775666103355178,0.022125918594827442,0.20484835698192966,0.04982757604133816,0.1492266849854809,0.009732832188384206,2.215508163259049,4.026223971126325,2.0153538390427395,0.15942512333985398,0.21115566121607965,0.13411410584045355,0.11702178421484807,0.2976951123004256,0.025703209157990813,0.20120767240091833,0.027610074168751213,1.0245850672753671,0.9180554758320515,0.09959159571759725,0.20308695959749282,0.005754013618829019,0.009251835665583843,0.01581390861748601,0.025623832224921796,0.008155054062267525,0.0241750825115086,-0.008551163018248932,0.03810147001352939,0.006902752293575752,-0.07865303131077947,0.05442233472541143,-0.0016989813560813593,0.06923914324435862,-0.042796145010347855,0.017277299782510365,-0.0026053864206760048,-0.0028149928546778065,-0.0074115663945472235,0.00963616934768277,-0.013014141467847328,-0.020604295638368388,-0.042576146638609466,-0.026392708454496813,-0.18963996972557595,-0.10763804810285794,0.022210618490813447,-0.04582135720175838,-0.03018965041552954,0.00620666598420616,-0.007461173273123543,0.16582002261925,0.04395472865975175,4.048519863898731e-05,-0.004625253782862028,0.001481712742599151,0.00554819534807584,0.39189116371366245,0.06672781243260115,16.99365635062967,-0.015428634064170506,-0.04076331273265671,0.006523574161827694,0.0,0.0,0.12289489683152816,0.007498562641044098,0.12665071938869488,0.02843929882998326,0.009458295729430929,0.02195245904889533,-0.0010142599670926668,0.01917670100438561,0.01737948398854677,0.09497359640688918,-0.0045935635257789605,0.03521053030185636,0.004243114540490204,0.03368729356410351,0.0005009978047082933,-0.0005040201336459837,-0.0029338924142158045,0.0,0.3711678263188762,0.022272422969039498,-0.03951440751882432,0.0038496085029418037,-0.03591482592749903,0.0751832342399684,-0.005222613175908339,score_roll3_mean,
SWZ,-0.16861662709860023,-0.02689875189138945,-0.020740009848710602,-0.02325571672246634,-0.2019165191021001,-0.01835883612338044,-0.17106474075576186,0.01509197819992592,-0.7318884259479916,-0.2672159888055873,-0.06906228572227735,-0.022856298139832105,0.049067889551540074,0.025783421802479622,-0.24461351418799993,-1.1486701884286383,-0.058142292199425426,-0.012080472435913195,-0.05577633281605371,-0.490000563212212,1.2451510484156894,-0.1017449265176861,-0.6263799080455758,-0.0193499911606981,0.05739092262977906,0.00817684758516273,-0.00665979808903146,-0.006491199710119154,-0.002433913319692624,-0.028581635467272586,-0.004492967143949704,0.0006603648025825295,0.01240296106704448,-0.11937266596348448,-0.010446039504129713,-0.06443892252621072,-0.032464505735392314,-0.02120218693206878,0.003198980857701975,0.007300720622812206,0.010676590674394507,0.0029417240504292044,-0.0032748487297289464,-0.011178726103681699,-0.014153614240455636,-0.06550715280396362,0.032043582455260775,-0.00473859890361607,0.006778582044189657,0.004020654809638302,-0.016185647408517488,0.03712795887450707,0.010361707889521045,-0.14419950133443243,-0.04833500148321848,0.06569283179915801,-0.002376532812373455,-0.022489102109271554,-0.004187114046445179,0.350409337681181,0.0046475363140019675,-9.678569646337937,0.000267135137867304,-0.028015400079293085,-0.01008002670930208,0.0,0.0,-0.10866390193119593,-0.013340205363351934,-0.07320406582510422,-0.18277752675688286,-0.004711472943017334,-0.044101111582042336,-0.003785365818758333,0.016221620784168472,-0.011142290559195526,-0.0023522683561599442,-0.002291348247693637,-0.0008083352438417258,-0.037748209067838705,-0.08527821648710392,0.0015971472885268265,-0.0007397359064565193,-0.005787691972247962,0.0,-0.05957579849434662,-0.03489965974565297,-0.008507872849688482,0.0034999339873141777,-0.025350073426855024,-0.0006320467082024886,-0.036187742078760035,score_roll3_mean,
SYC,-0.32078866542839185,-0.0034396600112462285,-0.010607977283122122,0.07687812706407686,-0.10250694118289455,-0.013241277592206033,-0.11228248569183631,-0.00999710892844987,0.030923251561658184,0.272674751875077,0.2342643361057974,0.006485014362908914,-0.11216461026122294,-0.024166297870353456,0.05923205629155769,0.3021543080723624,0.04381237310673023,-0.09931404411094569,-0.028639053830474315,-0.4745908786594476,0.6422811223195012,-0.18146382557221458,-0.2532926427916406,-0.021310921149077466,0.0017952128259511669,-0.010120782145377864,-0.006771267170260517,0.005519923495353264,-0.002440032197415697,0.012377500443376344,0.012228646929953188,-0.0009875928378556436,0.008721049915321681,-0.04539549403606499,-0.011008455156374214,-0.07371412536685723,-0.013936186616861936,0.005064270082310713,0.0015990495372290915,-0.03214766114756885,-0.0018335969657834756,0.000626269652976503,-0.03226855937019535,-0.0035583428879995328,-0.00653032053873936,-0.024930864394423748,-0.019134460391058115,0.0163222351776334,0.01099220825951447,0.0040200332944638735,0.0007725274828824681,0.03814863547249957,0.005097492725886819,-0.05530958114581334,-0.019716030016899085,0.001687873633557458,0.004547151751540979,0.0023401593443794074,-0.0009981052490419908,0.013351984335781063,-0.14808748877802572,-3.794535242341851,0.04969010394436792,-0.12841667840920587,0.0029227152676041417,0.0,0.0,0.03148380846893165,0.017759973062266,-0.0638607438509264,-0.09361527410220757,0.010960753639456729,0.035372115795305234,0.02103307358451397,0.002500378916104215,-0.004206349733003976,0.01460993316163939,0.040682212429035455,-0.013592124277579413,0.03920686813394994,0.0030115791543740343,0.0011894595977164845,-0.000358881029992629,-0.006081247382954073,0.0,-0.05246631244303963,-0.013343844937729402,0.025683529423234788,0.00510766860696215,-0.06708934961830276,-0.03477167378042278,0.13986836935886457,score_roll3_mean,
SYR,-0.11092239407852164,-0.047828063727535015,0.11026820877900226,0.0005026273757459793,-0.0795485328318673,0.004348178146671995,0.0582592659265862,-0.03181033553298849,-0.6382176119479346,-0.99510406514587,-0.8215903988054818,-0.05906619044976771,-0.05082022271975897,-0.19239290258039826,-0.2437217850598091,-1.8980294203670383,-0.09169748775918157,-0.015811904669548772,0.0005661336296139541,-0.38096357834821304,0.45789839880177774,-0.019988605611665433,0.22568008600011477,-0.020957568883653806,0.06927374948062744,0.06314970548708529,0.03271258145333065,0.0031950862734395568,-0.0024258094064614397,-0.018188956209229175,-0.007107066011780163,0.0024150921553472435,0.016799318584357063,-0.11164915659384793,-0.005627447139763645,-0.006247430367123731,0.005343384447528873,-0.008424439332203515,0.0010742121929940968,0.011085077996859982,0.022174825959285886,0.010068322611075032,0.009158391748651615,0.008975501478166717,0.02927854466704816,0.026200409755518583,0.03512440369401828,0.03231218589168985,0.00413513567349949,0.037708698653791804,0.02461745025667531,-0.044187770334943324,-0.0060314738707595225,-0.10799998595791017,-0.029528652202237295,0.0004872517894447617,-0.013436522017960459,0.0022058721597562185,-0.0011771036614512701,-0.0206920525884268,-0.08568143527683673,-10.322236501991782,0.001032690366434357,-0.013077772213932028,-0.007066995495809651,0.0,0.0,-0.06705695603800471,-0.008777428732814634,-0.08021060639309432,0.04316623329459359,-0.0008145989243383171,-0.007010941787546353,-0.00247730336401828,-0.025928943690305965,-0.01699051116236109,0.004676833897803959,-0.036565109547488164,-0.020747876532862787,-0.018745271654828567,-0.03035719666989127,0.001921304854594744,-0.0005169591878685591,-0.0038771684994902233,0.0,0.0039590803040645125,-0.02538810725645284,-0.05376735988449411,0.005076425470973001,-0.07753730521878405,-0.06390028050544552,-0.0027262062130518363,score_roll3_mean,
TCD,-0.10495563985891987,-0.09898242331289243,-0.045521570226494355,-0.01490766126315235,-0.12494165094925273,-0.014311373203156041,-0.3124845942556396,-0.05361005013849073,-0.7418413645945928,-1.2134960912267179,-1.2614131999597293,-0.04440194964438132,-0.5494887344987629,0.016915099238536565,-0.25193632620010165,-0.9229710290003803,-0.12821584783338666,-0.0861969619088623,-0.043862419318336544,-0.38235462313448,-2.2308156694014887,-0.06705649329382832,-0.7711527294535425,-0.014941272925862292,-0.08462258626315734,-0.02412804500848418,-0.022136612399623196,-0.006964389399301945,-0.0024672444261318754,-0.0300571153176616,-0.0326731123701956,-0.0007034029269962446,0.007389606298523933,-0.07557666740129496,-0.0027992464302668374,-0.08656510458707611,-0.03625638582257109,-0.018534766609618503,0.007386120462666219,-0.005975918361555809,0.0110555586293611,0.005440615639519284,-0.0015391536444163206,-0.00813540373107037,-0.010388395537884103,0.03724978721413821,0.0374711931970409,0.03324526392178824,-0.0027214160235472682,-0.023217582513851576,0.017056034977887394,-0.05972594517798106,-0.0009756785390447137,-0.10454294103093925,-0.02096547795744687,-0.33320476621094436,-0.007151374676240901,-0.004933206443530272,0.0042019975765827285,-0.38536554198852035,-0.04255081781202177,-18.010973015092283,-0.042766463554461814,-0.03997641256205811,-0.02152023559156906,0.0,0.0,-0.04403570404454832,-0.01811713647043938,-0.03845130596419742,-0.08745712624529814,-0.022419556091860467,-0.026060441037866262,-0.0018623843078150314,0.004439931269564924,-0.0355576558738753,0.012113054461325537,-0.008595103867149621,-0.034479716876053744,-0.012395957873449284,-0.21257961667705103,0.00174645100715194,-0.0006055243663476714,-0.0043151077636830685,0.0,-0.07349803357640323,-0.013313309944844231,-0.014992025405001583,0.021794317583974262,-0.051572225202516274,-0.0024242021689867763,-0.015238290706523694,score_roll3_mean,
TGO,-0.09002373615589267,-0.07518937269842113,-0.018588723924113575,0.010015377462105044,-0.09039866209865689,-0.012577647753823844,-0.033220667279253616,-0.005324795970725559,-0.6655265488637838,-0.9959988664512308,-0.6938190344851052,-0.04171203451939018,-0.2583893828895691,-0.07755537159226614,-0.01620347973642731,0.031207525410748876,-0.05966201480761841,0.03030491514764749,-0.02757041776694484,-0.3795492012854179,-1.19981911405301,-0.09582176256787894,-0.15958834952762949,-0.006907441276507009,0.01088098342042365,0.0038998744863109292,-0.016167491897124128,0.000607906826964472,-0.0024665656411165895,-0.026157192960820076,-0.021951372028963648,-0.0021440013827237784,0.010523609127120654,-0.02951479596060199,-0.010860631856767689,-0.05977635189193278,-0.0060647066483829936,0.010539838700988766,0.009967176633813574,-0.005648443328902512,0.0050489572778879156,0.027594646264217856,0.010000367794795979,-0.00304367734048447,0.017827710286014122,0.023305650279299178,0.0472244243874004,0.023968870913003006,0.0007736383516614175,0.02006116356338865,0.019170325195843343,-0.04554875718723959,0.004227331435547366,-0.10766062435463414,-0.013487010295797916,0.0011631512442187187,0.009138536480667168,-0.003810360220707334,0.002421598499504585,-0.044462713286111184,-0.04583010003271954,-10.100311396185056,0.0173636715965516,-0.06289386176837261,-0.003858227641090248,0.0,0.0,-0.0038913178161002577,-0.014740043811431036,-0.04463132347438552,-0.02077682196493837,-0.009212138309467642,0.06737970544669565,0.02397078365894278,0.009723856488405373,-0.0028397230438366085,-0.003593866150107815,0.022682059423433723,0.009858222600503327,0.007810066090864482,0.06307621037529051,0.0014588242210205006,-0.0006285729437408528,-0.00611188106996902,0.0,0.04419419136111738,-0.019974355613746265,0.026926834983869847,0.005256830718318997,-0.036876465874853034,-0.06594524214569178,-0.009793338234713934,score_roll3_mean,
THA,-0.07084671381449137,-0.009150925680808443,0.16811128949837278,-0.03238328120892871,0.189457287854198,0.0597431784609138,0.15011163035127345,0.06170448366113106,0.4954980881342974,0.5655115818302615,0.29786947295875776,-0.03903710983318387,0.12468947763040918,0.025904752389491706,-0.08468833256881875,-0.030438852443044864,0.013890162736078359,-0.0216279970037848,0.0017970834489220084,0.28381548627454595,0.44385985332640115,-0.3134289101383388,0.1882475373248445,0.021240061427325083,0.01683233455985287,0.030159527162465494,0.016921262430135964,0.002855289421630941,-0.002477198742454027,-0.018394331772005473,0.00608834725110578,-0.0014344745291689598,-0.016574372874295973,0.10951702416057665,0.0022283911706466957,0.014956009485906016,0.008026946808648036,0.008501031251880424,-2.289433280066422e-05,0.01860652926398958,0.02737318201827372,-0.07557419286284983,-0.026396716826549024,-0.010517161038702155,-0.0054398991210132756,-0.004917412228630961,0.057513595444221216,0.029075653399202806,0.0007860969882357305,0.0019175788464740034,-0.011047385243480845,0.0023402034041321,0.014013510838896228,-0.03579765713388958,0.05486764103820598,-0.002382574155983244,-0.015386730672164197,0.001497082952883515,-0.005531471260424108,0.0024099384366080535,-0.17833867126898484,0.95407976352563,0.025615420024613877,0.008044101408519704,-0.018564836907226115,0.0,0.0,0.01794152046022286,0.004604076915250994,-0.03497604678180175,-0.0005800289258979098,-0.004466497376676035,-0.08527750236508021,-0.010477997985166743,-0.06563009287905343,-0.015483387541871141,0.004437116312354522,0.004699297114412989,0.003020875355254436,0.00026172266423921386,0.018137845637053028,0.0008846797663316395,-0.0006092423475627716,-0.006384488364519437,0.0,0.2844370103000623,0.025939862115708538,-0.03431523181258602,0.013512490533212991,-0.052994571478864286,-0.04014232314299444,0.00927819077808689,score_roll3_mean,
TJK,-0.10801645559138322,-0.04464321561421441,-0.028547832871662043,0.026872174827082932,-0.08309729554723479,-0.01331495056982038,-0.03059876397645775,-0.020785114372872626,-0.6400436564010128,-0.9150097916471408,-0.8002935643830142,-0.022745586651581693,-0.025207032610404457,-0.136285454853497,-0.23344295997841397,-0.7051846578225937,-0.08348756387198626,-0.08665719988441425,-0.058076916909812974,-0.4160469932642918,-0.3752103449838932,-0.019579531268906963,-0.019881745606956814,-0.019067481194801436,0.028080015591222175,-0.00191844896159409,-0.01999607635592795,-0.008059642374361398,-0.002469311926961411,-0.011605067325489103,-0.01545998978980622,-0.007807984752977859,-0.004535251984958225,-0.06887711804834182,-0.015341834540239461,-0.036468199099797205,-0.009006057757434027,0.01911748161150893,-0.0023794819056159543,0.0013565651119120542,0.010622085586736066,0.02602750468445942,-0.015155179019172106,0.007070326480365719,0.027898959339659676,0.041611929509950546,0.0372955697143459,0.005394559864351604,0.0020443858884098744,0.028044142643549267,0.013751255805256603,0.0012848165117354822,0.021087220461481326,-0.10546578952023154,-0.03229902283623266,0.0022372134022309144,-0.0003125372453089648,0.00274729117276169,-0.0003156481453046106,-0.018548782553354876,-0.07842325558039605,-10.688806682513297,0.0013033330080110229,0.0029210435013713194,-0.039307827205012906,0.0,0.0,-0.04693192476926413,-0.014963779677580833,-0.052916360486526724,0.007426094105469463,0.11144207802399349,-0.025946152415799582,-0.0030259360825753813,-0.05493098408373878,-0.033317074138217107,-0.010869149662362078,0.029749811753915043,-0.12544431574977638,0.005161869977894283,0.04358331084295555,0.0013788851934880414,-0.000623790520399354,-0.005484873815468986,0.0,-0.057812574489039675,-0.014772640780120128,-0.007020215813872009,0.001491028991597016,-0.040564963752392186,0.0006896452722098326,-0.012303188368628388,score_roll3_mean,
TKM,-0.037034343620660194,-0.10726588389589703,-0.040448031908205014,0.011368728786248122,-0.1226430977876404,-0.012843605660966846,-0.2993571012037601,-0.05266781453295238,-0.7255719927351842,-1.201501029628407,-1.1876742579813488,-0.04723497268828245,-0.472912987842977,-0.20482586274372522,-0.2982373168142318,-2.381227272245906,-0.1084788417220972,-0.09464901648857033,-0.01073176848995043,-0.3658460794560557,-1.0952100381118701,0.008946987275479922,-0.11621321335420261,-0.01883143681247378,-0.11082697479436479,-0.019760342841614768,-0.021608348652092938,0.0060446357484178655,-0.0024696068930080937,-0.013320625023198387,-0.029466335634378657,0.0005187521041805725,0.018002707385822395,-0.1124168828679764,-0.0013422900414196736,-0.15685121598940394,-0.0319280746078708,-0.020126742842448798,0.006062943788801407,0.0004892175287568793,0.020467352062134084,0.01285703511259003,-0.009893960417810245,0.010584067657236667,0.04252110960688024,0.052796743494335496,0.031699126537732,0.04473616095223052,-0.0037428851180774433,0.03135127233229052,0.024128584058341757,-0.0558592320949997,-0.02086507021536911,-0.10385780045420784,-0.010547914462918646,-0.20491908989396707,0.008577892808381069,0.0007989438486617246,-3.1032367953793e-05,-0.33522598737143805,-0.06930709120755861,-17.13179900645071,-0.013309655161657245,-0.02414873615139807,-0.003032917007397406,0.0,0.0,-0.0435692754640626,-0.012475872174653608,0.022954723983645144,-0.20154495975701125,-0.020616358994706502,0.023289179275755356,-0.002156609669637086,0.006435895833426613,-0.030762182320740333,0.017820457484908233,-0.00587297303628322,-0.013845016128776049,-0.006864953545017142,-0.0345579570496463,0.0017496422152655107,-0.00041921839123933,-0.004671187372555996,0.0,-0.05393552492804146,-0.011948934758491424,-0.010605252235960554,0.008844822725766479,-0.051633612995144046,0.008170754369977048,-0.004013189515020456,score_roll3_mean,
TLS,-0.15645833272963214,-0.05224571395291776,-0.034268508272081305,0.03287251467476344,-0.09710040480438115,-0.015431961984443745,-0.14618074456229918,-0.04529645532439096,-0.6108870982757013,-0.8779604158779135,-0.3286313895228053,-0.028113379767397036,-0.024721080355255783,-0.05225122275863725,0.04453608140566618,0.46282223636046826,0.39942324879653274,0.019819295942943082,-0.028471883102665137,-0.370810442486069,-0.9315640401538733,-0.1320909062360189,-0.019027247202131895,-0.024398706134148886,-0.02109601006601001,0.007165760251878903,-0.01115557113804252,0.0017797673429847077,-0.0024850892625837783,-0.03100631160336366,-0.01612019608591849,-0.0012466303338211798,0.011258559004709073,-0.03411640509693635,-0.015389883296241469,-0.06216363939458906,-0.014159148095868372,0.007137241853068079,0.009385442574337648,-0.018586828130130226,-0.005794527236467436,0.0070526309401541505,0.0051994506078404746,0.0037396381923344357,0.020872689658814593,0.0020137464791109023,0.040978572147824514,0.02731799156472765,0.000491743408400899,0.03434477742698261,0.026419055424692212,0.029808941289021788,0.004525806658196361,-0.0743839132027922,-0.011547854717652054,0.012471165247441757,0.002853378256346433,0.004472121853173971,-0.000856025864852059,-0.030812386213091573,-0.04592514631811787,-7.0238986615815175,0.02661982146126282,0.013722572848824763,0.011858580345648607,0.0,0.0,-0.023000752228525545,-0.020114484938904244,0.03425917366536168,-0.009281628305574703,-0.005516170642999419,0.08713956068334416,0.04636454131759293,0.01934366863472281,-0.018071393315175436,-0.04337440044899773,0.029171251664143763,-0.006461770302814489,0.0015477660234661879,0.1785313154008698,0.0015554736096192753,-0.0004959067393929463,-0.006216098674472397,0.0,-0.05855414881285056,-0.017181871831247884,0.050172860466683115,0.008220474677172492,-0.02791418714289061,-0.08010653183128391,0.10962527196858202,score_roll3_mean,
TON,-0.1413302352252835,-0.04937642368626914,-0.016730024035958115,0.021728644207814004,-0.10704263564115729,-0.027377869894055332,-0.22688317020467486,-0.008714420825838985,-0.46354652469168023,0.2721144442626089,0.04328730941853047,0.0232362131723988,0.11069618460544117,-0.05722323820000722,0.06337523015804614,0.2715784325980126,0.1606992020892028,0.04297155381064415,-0.02412983753406879,-0.44016218815357927,0.7919575823864164,-0.16681223828589667,-0.3267130081282538,-0.022897716128166205,-0.015721488968578466,0.017123313955861447,-0.005616864453014226,0.0013388279401550032,-0.002491779005091105,-0.014675909014775338,0.008773890132820955,-0.0019393028133617865,0.013402915846554373,-0.04482969347872997,0.007982424834264989,-0.07191837136360374,-0.02921378614381508,0.02004642688653673,0.005002410491574536,-0.02413778912947539,-0.007606717133937591,-0.0018301110329215944,-0.004136040148782383,0.010790704672175805,0.026144805012887563,-0.012388432270925686,0.03147347410307209,0.018391378098222708,0.015528046141488991,0.012721461674590531,0.01432886618057639,-0.010931024710305616,0.02325110374150325,-0.06652784380630733,-0.028008545890685674,0.018693831531193236,-0.0020114034682044545,0.008178793541451958,0.0023892222643041184,0.04002908402372157,-0.0861045274031931,-3.3140254506745013,0.0972113941032605,-0.017555317958176837,0.002533420321681199,0.0,0.0,0.09102986096937195,-0.007842182944814173,-0.07642179583357131,-0.09225178588351865,-0.014769860749494617,0.058422044128515364,0.031364017108288275,0.021353084068902954,-0.006886570418440853,0.014288343418429938,0.044603550802734135,-0.019269273482259604,0.12799680012397735,-0.09306158807380155,0.0012278598795361162,-0.0005217759681236609,-0.006256045043623484,0.0,-0.05457463418016394,-0.04663005445571834,0.17083145180797205,-0.0006833457453457197,0.017449267951535185,-0.09626895790677334,0.16030195366152677,score_roll3_mean,
TTO,-0.08859011868593457,0.03485413313169041,-0.007124464334779167,-0.005789619040516428,-0.08380665403217737,0.013740848765627678,0.04895564529322244,0.004454740181999191,-0.39390487731386087,1.4830311762042023,0.9881931166027544,-0.015156287056174415,0.09995713542806373,0.16233055395911117,0.07787148399685954,0.3752755106117251,0.05550406226349328,0.07525433101920906,-0.024891502726659177,-0.0618970663591201,0.11040633603119698,0.1010440651467209,-0.4554451513669391,-0.01573143903237452,0.018802361933837233,0.028999285714205757,-0.00458875852097217,0.0012154549676579478,-0.0023866392489456214,0.008504176698307313,0.06764208758569995,-0.006592780565456316,0.011664719663448191,-0.02982881197846354,-0.0020815670822568917,-0.06306377598601283,-0.007655062829806275,0.0131767812064466,0.011580067859489007,-0.006857150942677497,-0.008408856915958818,0.0842938037635795,0.026144981858396782,-0.02392798704612942,-0.023697406924784756,-0.026533931418535012,0.03266825331639713,0.01905726039145792,7.54449584273717e-05,0.002180880397633621,0.0014077223578361604,0.048916259129302614,0.0021471278885024435,0.06091442887095207,0.002352286663253289,0.0052346762338623355,0.0015434767791011506,0.00241579051066178,0.0019309207596545598,0.011309479183510733,-0.08405756460975847,5.800790069078263,0.009180211100585057,-0.0631031578968859,0.01387242818776902,0.0,0.0,-0.025027418671767013,0.006819964262624475,0.0412514149422207,-0.015654311949637532,-0.001963268757651838,0.043097849362419234,0.0046834052691013435,0.02177341555754646,0.0043114569122686235,0.0176445706223785,-0.017158068048933946,0.01962730611836049,0.0008946284286436543,0.015086933651746959,0.0008463181218676877,-0.0004954858328099625,-0.006097297137224239,0.0,-0.05731894688648188,0.0078064185547114555,-0.03325234599090552,0.002173076326051244,-0.05124152647082899,-0.06436329219115575,-0.0070142443183215004,score_roll3_mean,
TUN,0.09993636493108542,-0.01493113024931799,0.039892920749858875,-0.00800296067635182,0.13769307062424008,0.029754916273921576,0.10922048638641421,0.01568671631896254,0.09522340597331784,0.3522625280247806,0.874015788462294,-0.035454304477508164,0.13334306755153463,0.004474194756218287,-0.20183842324860027,-0.04869726375510211,0.022280284406694065,0.00703406396232109,0.06620384762316937,0.36157251380176886,0.18236999548858157,0.0008665481091894747,-0.2071003421285664,-0.006812181199791826,0.020592923527894637,0.030525608766523753,0.012083977642907705,0.002558850013339095,-0.0021112939873771607,-0.01350067366872744,0.001719261873061852,0.0005540611233395816,-0.010361664869008323,0.07104094508583399,0.006930645131294079,-0.007856949536365447,0.0058685981477965285,0.017324267633018836,0.012134460194055383,0.0029246423301724435,0.0031053620103486178,-0.04728712893165217,-0.020075354500974793,-0.0018028432129182411,0.0011932538881850563,-0.04682381187002384,0.007331165005869235,0.011595715437438571,-0.00540938216711747,-0.02141044446876721,-0.004973969626278122,-0.027312438317468084,0.019832839479940075,-0.02551751005134864,0.060563220090391834,0.0016658927644665666,0.0011789152004443686,0.00474399855822999,-7.028998620769154e-05,0.006698713061092479,-0.1380913777953452,1.4632402431493148,-0.030730861515059774,-0.019582411728267024,-0.0006633792964965736,0.0,0.0,0.023687972283120563,-0.0019311606720371296,-0.051267471908514765,0.07476642607297423,-0.003097378661150636,0.030418755071114672,0.013882218057737775,-0.06265502142602458,-0.00029471669832085897,0.011348283872011547,-0.023555566854265398,0.016251671637148694,0.008436842782792338,-0.02434661151926026,0.0007956294177100201,-0.0006876125352158173,-0.00637081057434279,0.0,0.010037613767953783,0.012494697207281469,0.005916600758200832,-0.009683533666276077,-0.025582805763719664,-0.02961828262442428,-0.06146589529633979,score_roll3_mean,
TUR,0.21279320423188788,0.004611887985793147,0.22678844818883717,0.024235623741542228,-0.08131335073164639,0.07752032188010896,0.22892120862017826,-0.02489170825833312,-0.5824656287086204,0.7079975313294873,0.5985280069849195,-0.039749853025582135,0.08105806268811434,0.09200014547617426,-0.14263307593886268,0.08351347874291362,0.017070460921527947,0.08411012870951233,0.09516297155940581,0.4058652827964238,0.4679931293075731,0.0031291514809914265,-0.28933267748663105,0.06447699868256943,0.022943224363827078,0.0239781696390579,0.02349917929489734,0.0064355291186126125,0.014154235282261212,-0.007479025719798518,0.017687061948605393,-0.001110381212129939,-0.01859547100818585,0.13270943246988082,0.007705763611623871,-0.043778026602547176,-0.006328774097986092,0.028047794573316086,0.0019997089858241677,0.004406163678231343,0.02949809545151646,0.11820988080738229,0.02002179376593589,-0.02254913270548388,-0.02706084087115901,-0.008452588219722102,0.032514023425930516,0.009358230614301157,0.0038859282089076562,-0.0008092266727583408,-0.00934374233134338,0.034705017853298895,0.008723853354165177,0.09871892970999213,0.0595902941226527,-0.00022311259674524312,0.007364792421347988,0.003185942431990269,-0.00030115245871392097,0.007360810018574442,-0.11401352057554215,6.401065801456899,0.003890884740964119,-0.020640932147606445,-0.0017755377433604166,0.0,0.0,0.015881338882383828,0.02567130690997745,-0.0160834886536269,-0.09665833858943834,-0.008125863022829126,-0.07203729161071579,0.0006176492818348489,-0.06935688372613431,0.002553629802582087,0.0032735667980722284,0.006589340857015304,-0.005454089012098837,4.8415032684187425e-05,0.016009283569009096,0.0008734715041930567,-0.0006958598178822484,-0.006369534920161212,0.0,0.2692445699864113,-0.02577539104888146,-0.01674313008579002,0.012201674106027363,-0.060422406083678604,0.05873131636371451,-0.0918654372742043,score_roll3_mean,
TUV,-0.11836446281301181,-0.01612107987607578,-0.07738037934897081,-0.06254009403336445,-0.16108656925852374,-0.01357863020651688,-0.44042795846800137,-0.0972687456839269,-0.5364276240193144,-0.9308048415507102,-1.001743784361648,-0.0543760026871172,-0.6691891716136751,-0.34038099326681226,0.13055962933565243,0.7121244032827119,0.31030986226406354,-0.04155748584324823,-0.00788361541680359,-0.3177194111039749,0.027165567569934736,-0.09805295670704058,-0.5771771984605955,-0.022223111938711838,-0.02900548566843336,-0.05894967670094423,-0.005300927696254656,0.002056632282311317,-0.002457069918054266,-9.708638951719713e-05,0.09351697332706672,-3.325623254463577e-06,0.015184110557711824,-0.0548926565207807,0.007559137477267902,-0.09137081602961461,-0.033936448604230264,0.006804211575359193,0.004422458178921679,0.0061367303785413415,-0.0007687909093493858,0.03857664144872548,0.007292556401453442,0.013041097518796362,-0.0009404409298378549,0.05216518814515173,-0.004428128856398213,0.04988040664414162,-0.01267587262811882,0.05656675296265468,0.023097270985962492,-0.0517610753590654,-0.002855263386425104,-0.123293714037007,-0.031535825248870684,0.06144158834178984,-0.03918358612740934,0.0002675179296998444,-0.0002976748650517296,-0.018155934838457274,-0.13329581852914735,-12.385961994192513,0.01912615867528381,0.048471443834887856,-0.13045364914136795,0.0,0.0,-0.049099624425070286,-0.011567256715756135,-0.3598417061613081,-0.11765823739208359,-0.015498263837425552,0.028449690024012264,0.004922197885757496,0.01188684525660244,-0.009042890118333627,-0.008081513653163423,-0.03825515104588922,0.009895933028680748,-0.008297646717292809,0.029003479868486073,0.0014124651327808754,-0.0007356648587721273,-0.0063471628291669495,0.0,-0.06633734484936094,-0.015444292822315813,0.18181861144639358,-0.014350033321770969,-0.2054011580446359,-0.12694815427479758,0.13299870165148067,score_roll3_mean,
TWN,0.06490192578187462,0.011313982310943327,0.6635691725195928,0.013061551244307476,0.8618717558097023,0.04512460124506404,-0.02765657438728336,-0.031530717834393734,-0.23625359136217564,3.70189985501445,1.8234883743271952,0.37616160331473386,0.6880528402158611,0.29639867005708964,0.06413734248747661,0.5308837350579334,0.18517361737846716,-0.047537466788205786,-0.03325755098936229,-0.5769443972367324,1.058030209711685,-0.21757173809408803,-0.45222831396837543,0.09113382331247159,0.0147662686182007,0.002055894048661159,-0.01892265032569383,0.07093674790394691,-0.02421178785892514,0.07039383205776335,0.06258789066255013,-0.00012476115107513402,0.061801231780013656,-0.029508289195520444,0.13285956995345496,0.9582419062283828,0.049477106668035335,0.048874598949914076,0.048737206787184094,0.016407594428030015,-0.0035381861179719296,0.34415348908388815,0.13013149282053904,-0.023945487810096002,-0.012249810316026802,-0.02284933409820937,-0.022777576179648113,-0.1431426349419624,0.07829049729227043,-0.0031051900250120023,-0.01175392395803139,0.2713704517698613,0.03520005233397213,-0.08576708212966899,-0.007444500541870674,0.13711400819264036,-0.008375560434901771,-0.008242723192325973,0.0016639464751537015,0.38907053801718255,0.08763846887981398,20.252170998975583,0.062358513967020364,-0.004242292164181029,0.048411690823597385,0.0,0.0,0.7268861824987933,0.010364224062817331,0.30496202847841364,0.07047442850954232,0.008898559515506799,0.06512381687606622,-0.0011755774872566041,0.03616445081185345,0.01261162752714392,0.02322359260012984,0.06606608449432037,0.04200187848925235,-0.011284245895399106,-0.02272847786768785,0.0004985832411459744,-0.00034025203762627436,-0.0061269086832849845,0.0,-0.07556709866251576,-0.024233286109071894,0.10023162808634976,0.06414477577874111,0.15062086709828276,-0.006169679419306662,0.14161251076008718,score_roll3_mean,
TZA,-0.053768661683914976,-0.06797190783470308,-0.008217944949569608,-0.00664686099731117,-0.06711018415638939,-0.01284182082762269,0.10456057264905538,-0.010791338932112857,-0.5368705785603429,-0.8050508515086804,-0.4938008813088001,-0.03937449156726579,-0.058277713520415414,0.06682044407295018,0.019063183376186062,0.2477867702741332,0.03657996695932796,-0.018585761599044345,-0.0033251307808320084,-0.3807199903728092,-0.7923818124335651,-0.10567690484119467,-0.2973291989127409,-0.006111136343543533,0.003910410518207936,0.17064546249536805,0.13167730820399434,0.00301433526431423,-0.0024334611345513896,-0.015693056937105834,-0.02088285219793403,0.00024007298402406232,0.006673567445600508,-0.008750534651986107,-0.0017303578422004527,-0.030932094073453337,-0.013685778304370153,0.01697809363645836,0.010638140948169282,0.002355421689489613,0.019540715359903985,0.024081853208871948,0.013241346893677666,-0.017688577299785437,-0.02054516087568609,0.013184589662634395,0.04706643214748048,0.027096179899546206,-5.5241876539058874e-05,0.018827285868189207,0.02404990802201844,-0.012974353749621397,-0.0002503708497656826,-0.09945955415777417,-0.01144273733560677,-0.01200440567085176,0.0037228079313655427,-0.00858602584168232,-0.0004197456352798919,0.013033849095487509,-0.044115801774079116,-7.257099578194348,-0.012943739742302921,-0.010946949309253298,0.003323964637580721,0.0,0.0,0.007510183619794597,0.16707840571628413,-0.002455457909769106,0.013191239844021232,-0.004418560019930602,-0.023590464822685106,-0.003022898992628586,-0.05547962570575801,-0.002192695357635848,0.021945833318880437,0.024329015999294268,0.002193879589014195,0.003145041133207781,-0.012368905554578124,0.0014705770398912967,-0.0006959215589370433,-0.006368447959457378,0.0,-0.03905282810122605,0.015194465653241555,-0.0027861920154476066,0.004219484203046569,0.023719567636070672,0.029448705934875516,-0.0033333026472775707,score_roll3_mean,
UGA,-0.0439991064438882,-0.06533854625916119,-0.019337181827664654,-0.007383355607265041,-0.06414885421333312,-0.013398857493946648,0.08465282950954618,-0.0009000110921623999,-0.6748890839063997,-0.5135838665571354,-0.8724795650862559,-0.034041046162918025,-0.05246375635115927,0.052048981473473394,-0.04326657133848547,-0.04852927803145877,-0.05964516184341063,-0.09783348136455708,-0.0476640088757809,-0.3846507134748063,-0.9668745705039639,-0.08563285155761885,-0.2601424331768578,0.001523960575919693,0.008564308508924616,-0.02100656881085461,-0.01792723462938814,-0.008256940852081647,-0.0024323705375368047,-0.014815534966717992,-0.015765627509084765,-0.0001482636268627905,0.007604535030483689,-0.027099901969529657,-0.013437382927590842,-0.03311927507659195,-0.004961790873347498,0.014283337882878206,-0.0010138997291069167,-0.00029614926025235894,0.017775441703631264,0.02801487148350961,0.004290925453052695,-0.010513959391523648,-0.021849860933048824,0.05070519705387646,0.042863277999030835,0.03200176596182151,0.005477902654733671,0.01316739993503351,0.00276092543522804,-0.015756109186320467,0.0001318379767046976,-0.10720087583033962,-0.015526681213789306,0.00125779464224547,0.010089019763182551,-0.013250052340237461,-0.003145335865782138,0.0010571282134448795,-0.06682373034715824,-8.997151091284445,-0.022805636525446142,-0.020781623222570537,0.004034672059873412,0.0,0.0,0.0940628291572186,0.022966604921809224,0.008944353328038052,0.013917896765750391,0.006733369696248036,-0.040248722925163315,-0.004694455823432419,0.009645197848265497,0.0009722998749911058,0.006686875825777674,-0.007097237093846651,-0.006128788300821228,-0.002908039728468119,-0.02657750971959819,0.0013865680732326052,-0.0006910588158995987,-0.006283590611917015,0.0,-0.04481099323642635,-0.015533471207892502,-0.009280267227808116,0.011895175067289909,0.017915731875285192,0.0423142059712227,-0.003038189357438181,score_roll3_mean,
UKR,0.17292693346841875,-0.0522164383872735,0.1876325677271111,-0.008701722718514883,0.13461432223380687,0.06664079575356392,0.16958014088238949,-0.004501257666136913,0.9574556064030214,-0.7081223933309684,-0.6010206366792735,-0.051595183719591244,-0.06350941528245967,-0.05486354087656898,0.03712283218549481,0.1535589584908858,0.036648827999044974,-0.06851613500443582,-0.008042533031303421,-0.3796960478270369,0.6542839031873986,0.008701871233991753,0.2152333622890967,0.028096697521165805,0.016328350598739657,-0.011460750585563097,-0.011709674434539892,-0.005753721643078287,-0.0019691302682616433,-0.022758392617100394,-0.001492005633577086,0.007821633467058199,-0.021011284771539133,0.15623062386033187,0.002220240837000459,-0.010983086910471682,0.005975367767918923,0.003615459676704065,0.0038210235818656635,0.010008076925303597,0.00029717814203857897,-0.044227620019206375,-0.02687564436821368,0.003545604646221579,0.03440176786569981,0.021246708599334908,0.053965032024683446,0.034081185436051514,-0.010198639585822693,0.044410184336225046,0.017819904572026205,0.012284668216389745,0.0008085031285195764,-0.11700959666773648,-0.0027053753014596353,-0.0029374562630309674,0.0010356357745240018,0.004049682643283034,-0.0026855881119259933,0.013410156176605268,-0.18495461468322583,-0.4556124655167542,0.0018224143636866588,-0.007321849196020589,-0.001892505859133709,0.0,0.0,-0.11135410746374558,0.004317214397839609,0.05843016097298098,0.030262608625718928,-0.002408473090401199,0.02812736045203737,0.003869944530195844,-0.0018422254672451704,-0.026411843000215384,0.009847202070223306,0.025155321450127742,0.026642227397618568,0.004259193899446138,0.04043913469140168,0.0011434278635494614,-0.0006822119674642549,-0.006194536715797248,0.0,-0.045034480200957454,0.018114258150056687,-0.017920281493341725,0.0066968615513122755,-0.03643278315649137,-0.005531413685130458,-0.017743749859270425,ict_patents,
URY,0.12004427050106489,0.019492231437451716,-0.005210766258933349,0.024247983436113597,-0.05958447231263742,0.049287984008378125,0.047326818800938746,0.010020611916843796,-0.1579075738348383,3.0359998392855148,1.726821581980634,0.06403999415581746,0.11097957487082366,0.12254152827918392,0.08328524973753458,0.4504645870649197,0.04538402814275812,-0.18378493523281425,-0.001029336560270121,0.5666134449491111,0.45936477058701336,0.09416993736636957,0.1699592331655909,-0.009216093642963535,0.004629539815951299,-0.008524866930829302,-0.0067653019227239975,6.377034445810073e-06,-0.002188990712669812,-0.003926661491414698,0.013071953585824041,-0.0062839846310644406,0.0004664705953140885,-0.01583065045763429,0.0011895335969964308,-0.04341831647961048,-0.005688698417478751,0.003276905734626202,0.006608264055525665,-0.0015365270825989164,-0.007179557844940534,0.07342032889527596,0.008130421199276183,-0.021811520172651068,-0.025717492474714908,-0.057650562762377525,-0.06077924764150258,-0.05285189141439104,0.029067310390946142,-0.049836472436810386,-0.010320650278354654,0.02805634322433967,0.008268451331008035,0.09464112007539609,0.050037233969116135,-0.006780322939172746,-0.007843389059911514,0.002382768006283832,0.0031150265784653996,0.009920293825526314,0.02787080806110807,6.584976484732688,-0.01542401673911255,-0.07093491938985977,0.005118559040588497,0.0,0.0,0.0019284370194736222,-0.004713800243098993,-0.07002656602169303,0.003672267698233199,0.006482466208925103,0.02496093575657066,-0.0008010697644996469,0.01720746956892739,0.0029683898375884926,0.005449579951037708,0.03764452374647354,0.023385301036465685,0.003642651399433628,0.030858083600708505,0.00079047458778904,-0.000666615987231991,-0.006321976420395709,0.0,-0.005138679999086782,-0.020850630420539994,0.0016277231369138745,0.0021015399098573786,-0.07972891695457779,-0.004605250808821496,-0.0010356299269810908,score_roll3_mean,
USA,0.1546853031982777,0.056906112896132593,0.15034667439739588,-0.008335716189423109,0.5524623306859611,0.05832266811649919,0.28490583997080926,0.013365246845702072,2.071003741819892,3.9259715264869404,1.7971032703244356,0.07543674544392137,0.1885871895435181,0.13618343084244214,0.11976480015839959,0.2529858382388038,0.046251515121849086,0.24415147992638794,0.02385085964612711,0.7607438110041638,0.5787949459401291,0.0938191900779768,0.1734562503442866,0.0303274523175197,0.008980434388211896,0.016449175234547496,0.022912787395945187,0.013659796331806114,0.025122440792719827,-0.0021318766735989535,0.027872079593795764,0.0035544962906652326,-0.10105859353998664,0.06861417802953068,0.029558431951428252,0.7658315552458168,0.0548923813893268,-0.007093298460480874,-0.02277632719288057,-0.004472804128369413,-0.015920667984027262,0.044118558719278216,0.0638692487853256,-0.01822797320288938,-0.03455514715600791,-0.06048048807183883,-0.05716448083774854,-0.06477317431020144,0.023445995424748244,-0.051655463210544365,-0.015727462794748095,-0.03018211459673009,-0.009031895705094606,0.16639046494016616,0.04546924349952477,-0.0011944388353110201,0.017790359883983146,0.0009162167671850162,0.0051588317723071705,0.024934631431841766,0.0625142078475571,18.284794824239135,-0.03369660764758828,-0.030638596315548047,0.03571695060121018,0.0,0.0,0.0631608202892623,0.03499437878393945,0.20190545406774796,0.02552791713250844,0.013985369978031861,-0.024268163752394628,-0.0004578442281046527,-0.014806855540515609,0.024122894606769873,0.012420210627151535,-0.004189892492378753,0.008372390196374117,0.0009036589883970728,-0.00033311210494890345,0.000431115083610014,-0.0005719581340923405,-0.002935311483306301,0.0,0.2730097060942706,0.02374982256288751,-0.08338738248555769,0.008512130586241331,0.14239285632666493,0.06066778837561787,-0.006328011292745259,score_roll3_mean,
UZB,-0.02659368918598953,-0.01902825471422972,0.022513396445123804,0.0055834868405732815,-0.04887591991506904,0.11460557631935588,0.16065591284764263,-0.02719631831640966,-0.5814191586555729,-0.5505012820777633,-1.0398768583034304,-0.0399097292428594,-0.04636015166403193,-0.1580293037937378,-0.21475729001305394,-1.4107133138270462,-0.08822173480003632,-0.07533898680257341,0.001915039645259692,-0.31456028286836907,-0.09246059973913102,0.01587836825450636,-0.16625534696263544,-0.034988466397837696,0.07644111712885737,-0.0070369490353397535,-0.009115924338315066,0.0007820396704631266,-0.0020068267848507254,-0.010525343314283031,0.022836864878581952,-0.001843991575257248,0.026133190609441456,0.02216527947965231,-0.0012919940053929227,-0.03684646831964711,0.0012442309725812161,0.003635948036387775,0.006694727411978141,0.009831489579496432,0.01200073680403434,0.018635891457733887,0.004044636469480191,0.0038754526851317965,0.023184623459784174,0.06778319225893817,0.034132687954076986,0.022191750791462992,0.0037275676683460736,0.026659000185674825,0.02045931993382151,0.08109152407059739,0.0072089819447294645,-0.08487822303838018,-0.0286967551408847,0.0001534087306315425,0.007323486135223472,0.005501669225316955,6.384046265973343e-05,-0.039398454758950235,-0.09819601219595299,-9.960095386452332,0.048347816147643184,-0.01869940861723889,-0.04204097622694657,0.0,0.0,0.14933750641790103,0.006884740574100241,-0.034486861899563015,0.11475067419303456,-0.011404873933147179,0.021354782756957107,-0.0014826172788853986,0.00802854137502933,-0.008083852209133081,-0.01241403924811869,0.0031001850821232566,-0.01373458185770398,0.003919243203508274,0.08632446288850291,0.001351262140666591,-0.0004435958444743003,-0.003843344249757673,0.0,-0.05377726028076549,-8.000647391050609e-05,0.005808670983168265,-0.0017435186300410132,-0.02765563573565214,-0.018750504753679228,0.10977391116233941,score_roll3_mean,
VCT,-0.2781725710279621,0.028838844697439768,-0.004095755144247039,0.01729292483370731,-0.10596335532494114,-0.006484917229285291,-0.14574566816490403,0.0010353702648843667,-0.3398370339389733,1.7021960041884265,1.5559457123455114,0.25072673111518595,0.11732221935444163,0.10542615488465906,0.06275725113732455,0.48908373771662167,0.11403488163554931,0.07818274998205141,-0.02403466383671185,-0.4799841572484072,0.33514013779494334,-0.22124601587193335,-0.30620898127463003,-0.014361563963903347,0.01982508802186122,0.013284954930273667,-0.005769479101984621,0.002190770166390502,-0.002448080200527162,0.011242230103421376,0.025088248627352552,-0.0010755640133181675,0.031203363528257002,-0.034577407007693794,0.007131219381807898,-0.08210179321830524,-0.015221510500536755,0.019134446919813343,0.013518373298294372,0.01278282726093246,-0.008805157139603965,0.0908915987697495,0.019374960308044552,-0.0195714417348983,-0.01807687089245162,-0.06182999000751312,-0.04023901114648123,-0.07884023082980526,0.09947101294124905,0.004465395134006586,0.01030935469195609,0.05019663360640149,0.02234060296482295,0.00407563816300603,-0.005241207912851293,0.028865201657643225,0.0023169208033966184,0.003435676616004417,-0.0009006795341648294,0.05673067449365506,-0.12920429308135511,4.014548382703025,0.025593791438012478,-0.1267808963425988,0.004208973038728671,0.0,0.0,-0.057140660521349355,-0.005047590528228521,-0.05036742142654544,-0.08479820766239206,-0.0022713748688407373,0.05799876064220044,-0.0016958203592472726,0.01976644678967363,0.009003557339687811,-0.02858505150420976,-0.016910070381050534,0.008453605368304288,0.006341268483683267,-0.023899261845776912,0.0006767863744319795,-0.0005215830273274265,-0.006116767358030901,0.0,-0.06914110785488084,0.08526763533453306,-0.007178133744648001,0.00031478189865711414,-0.09112598736281571,0.03422413288872305,-0.010570777624004588,score_roll3_mean,
VEN,-0.06912537748231051,-0.032892187866841,-0.01773246139158758,-0.008791438708574201,-0.13360821739094503,0.04434379202983679,0.12594468221180966,-0.07105904223526105,-0.41235936854485333,-0.9241518309134351,-1.1876515977746005,-0.057640595560090394,-0.22640012626531159,-0.21640480099713755,-0.04604253065876582,-0.32821604525924747,-0.06508612158261519,-0.08806620521406579,-0.053422609606682034,-0.33847324140009166,-0.0295526447767771,-0.012012849028350998,0.2595824006255054,-0.013842731658402146,-0.0022956538278119344,-0.016019003688272047,-0.009731188029746467,-0.006929999025429493,-0.002409884042443338,-0.01527575084662373,-0.011452675173600081,-0.0008276303346514968,0.0030649417150339655,-0.02858013793922879,-0.0048247692990985094,-0.06726099469395998,-0.022709541569893386,-0.014658811454281337,0.00730855494139037,-0.00122586225674775,0.007078627780245182,0.011679558732404198,0.0028624963730385523,0.0022990349338482706,0.015110789211832489,0.02946463399077324,0.03388070570982742,0.044332827131792756,-0.002717051609828202,0.03653300958736974,0.0220851669716824,-0.06261585585890246,-0.014766334330838909,-0.08627499328962475,-0.016541930601925558,-0.02396096600795998,-0.008428882516987264,0.0021503822764097034,0.0004086906230562631,-0.0834646985090413,-0.10567162940197795,-8.787418611673063,-0.01807036944159298,-0.022886541883335783,-0.01300925802969999,0.0,0.0,0.09665447409136421,0.01885889516922568,-0.32090585462523225,-0.1754029953412689,-0.01183425023331695,-0.11662563038191406,-0.0013784668105111435,-0.09856311797049083,-0.0030654000973420843,-0.002338824199490255,-0.05304732316413771,-0.015160720140702941,-0.053807578098436705,-0.09600620528060538,0.0015085045842140993,-0.0006528465243637602,-0.005691590752195994,0.0,0.0027355743961719027,0.0255301722374193,-0.10780068016970144,-0.11530354541732889,-0.057520536257054465,-0.15278992602709868,-0.1489178652723618,score_roll3_mean,
VNM,0.0021016889456200332,0.0019386252890103179,0.1382839775636754,0.00871849255523116,-0.13122667663565185,0.035804307334543255,0.15648929201447548,-0.054205551040796995,-0.5104364314451887,-0.6018324282829051,-0.5135480644719751,-0.042270776493890265,-0.0756421458741888,-0.1152031371425389,-0.22512470715800723,-1.2558016294373295,-0.03051087459708448,-0.0040753817813115115,-0.0059040497843344635,0.14341669860868597,-0.02372570032277039,-0.13545833344265518,-0.06127086770584607,-0.006491834204159234,0.07901887937249384,0.053235211953244634,0.029753458665549855,0.0034688608028071327,-0.00244213077111117,0.019669016066186575,0.04801537612242921,0.0009035873613805572,0.011755258827778057,0.0677756348180166,0.011910988185877075,-0.05377420231310968,-0.022209334094752325,-0.008625943328561264,0.004122468272515905,0.029632647351850464,0.017946029044096708,0.018206830115675834,-0.006559353868041721,0.008715037521533273,0.040530188999626654,0.015938042568448423,0.04139567992593094,0.022241514587744093,0.009863757790240466,0.03271561917553692,0.018005234326769263,0.01215240928265188,0.009736997999498263,0.06837829295892052,0.03958633717458302,-0.009072721433435566,0.008853017152786047,0.003954554887496782,-0.002749184440110882,-0.049116996653271905,-0.08761450156536921,-5.755667851448129,0.023804915988553634,-0.03660791484864954,0.0033690495763927346,0.0,0.0,0.09434349762618309,-0.0015415927937184595,0.00122540366459318,-0.10710471432301491,-0.0024149372301113634,0.031544610580152,-0.0039142308094863585,0.018538587060820958,0.01975886200661187,0.01036118999276158,0.03616016530149913,0.06155723522392928,0.039873090869281806,0.15620540683654277,0.0015201918795066398,-0.0004778196649502175,-0.004508642828239269,0.0,0.0041654133038718285,-0.01841431813203946,0.03363160354090528,0.0019160973876553556,-0.06206706248181147,-0.02643511115560529,-0.0031024961017520145,score_roll3_mean,
VUT,-0.14560661882916365,-0.03777042672776227,-0.015811394566217774,0.011443227898074369,-0.10827282930077331,-0.01026356917750349,-0.1576476166202059,-0.040600346029460235,-0.5242086269174876,0.12702112066637813,0.06527589818883466,0.01700911252624118,-0.19487609080918417,-0.02649078419711451,0.10112717931964296,0.5559162492902626,0.08600759785865847,-0.11211979333903467,-0.04493265042372196,-0.45639089472713146,-0.2686137859933366,-0.17089955469784598,-0.26220704494600167,-0.019725039765104858,0.005807177783079919,-0.009215269433856654,-0.006398527180829737,-0.00924573717695248,-0.00247921095734795,-0.024498432899622048,-0.01807064915035922,-0.0010322180569481108,0.014779714985452951,-0.028188736132995506,-0.001546404804315461,-0.09133009880034228,-0.015912331276514185,0.005390943179497702,0.008740180378595728,-0.011597990509354408,-0.011875460728225354,-0.01776626490124912,-0.011058308686834521,-0.006636802181752117,0.0014727598201821563,-0.028065759099233808,0.007274648387275475,-0.004015539684804367,0.010209933533959466,0.021746496060193434,0.00945190868448351,-0.018858523420920047,-0.0031897449029235254,-0.0849478012472912,-0.008310418186912454,0.0024306342474395,0.004582186930492601,-0.011736736463474132,-0.0058777829138621064,0.012824885421550868,-0.07823160871577932,-5.858804421105971,0.02832487405459987,-0.07275513027900186,0.01283877855480443,0.0,0.0,-0.029471227488478257,-0.006676792146081787,0.02990759807489038,-0.10680204133129693,-0.016234775904991394,-0.0058268168770675205,-0.004667426592574382,0.01422412041946503,-0.032055988682198444,-0.02126852948828106,0.043843717086940764,-0.012053635556678766,0.022798777596113273,-0.025434902144563648,0.0014123756843007795,-0.00045970901438193107,0.0020184277582918496,0.0,-0.06590979642443981,-0.036959097430020994,-0.0009219785230010553,-0.0016643064778308133,-0.058965752020309556,-0.016259319275465197,-0.003848784569576479,score_roll3_mean,
WSM,-0.2774024752183357,-0.08041724358239997,-0.0032264065007151592,0.01990753567312995,-0.1063375949776744,-0.011063971127418103,-0.1384487890939134,-0.0007840962048980944,0.3248833480133581,1.0371577298250148,0.9363659707447931,0.0824839088726442,0.1169501622026615,0.02716920377826354,0.07425726559869693,0.3668280056861099,0.08245629487587747,0.03163838719005271,-0.03236970211058328,-0.11453376084253011,0.3800912077539288,-0.504862266015774,-0.43454522363629505,-0.026408807466503408,-0.021175618148006083,0.017973170668213953,-0.005328500125418019,0.01205532322634182,-0.0025103703630884717,-0.026808251700644565,-0.006853390054339814,-0.000825520346495736,0.01655936890612273,-0.038549297952681125,-0.002538568078585956,-0.07710967252333618,-0.017106723918733406,0.027263456265253443,0.013344301931583475,-0.013435863131179528,-0.009386376279403825,0.028885120196429366,0.008554950433175362,-0.008563506379416117,-0.0030642532463379412,-0.04683003245696171,0.002976780266692522,-0.004630325497112307,0.0077258413182208175,-0.0007877354230676197,0.009070354877437365,0.0059843628367460735,0.013133111334379962,-0.0464523191173256,-0.00027860199749123903,0.0159785986573414,0.003437236092560017,0.0029616871993611515,-0.001542215803577217,0.04190589668481319,-0.15352291776189914,0.26311794813414957,0.05808147330316069,-0.05847725672568784,0.02494680993828524,0.0,0.0,-0.0022525005290753215,-0.00522280949961868,0.05942090231780915,-0.08373607948463141,-0.0009050596765626858,0.031210224267749487,0.0006841604645056473,0.01957581417723621,-0.01290643113857389,0.0031944520459672486,-0.02466199549305815,-0.026826929105434594,0.005644771243455355,0.020290377641962874,0.0010847957194247298,-0.0005079435470051783,-0.006151608506108411,0.0,-0.051916072939128144,-0.014034411962683851,-0.003418302190368378,0.008412342771721792,-0.0625078943999515,0.024799257794748942,0.2091440295099593,property_rights,governance
XKX,-0.15360420388450294,0.0016461422662102307,-0.009685956391923448,0.002302610111603248,-0.07203099761322379,-0.027289763490324793,0.12744240287729905,-0.06345825796736786,-0.4992418069255913,0.2555251965720472,0.37699050825459995,-0.0021346241354784704,0.08105915061895859,0.2757831521254326,0.03503235668793531,0.09986667234204201,0.1703395652719811,0.09176362899995179,-0.028416548142810822,-0.40944124379587543,1.243088263694795,-0.1662094733861919,-0.5768577375185261,-0.03550924938485483,-0.03326714774277878,0.02149672105860798,-0.0056112401278240005,0.002397961689123241,-0.002102763048078769,0.036350280519007246,0.020203302574523033,-0.002075066080087898,0.018789925244837895,-0.0328762138476541,0.0006606006015400126,-0.040297998909521925,-0.015405026472051908,0.01091091367062935,0.00018259127834942463,0.021855237371418576,-0.005064984465804532,-0.03458221739134044,0.006347644071233339,-0.031644627418423464,-0.01224540768863989,-0.03237978245170386,0.044846955610252946,-0.06139004158320405,0.002139182766549412,0.01220539902865695,-0.010982579579057046,0.052075358295128604,0.007958695977986706,-0.10847511075868503,-0.028472745330025594,0.09393410115187517,-0.0032510478826268236,-0.009358804704532772,-0.0025961293515045047,0.3448054783675121,0.006650911173322064,-1.4259990321657334,0.22812919465159276,-0.032216205778555475,0.019551953894519875,0.0,0.0,-0.0013900121300051947,-0.011382062765352424,-0.025278139581524982,0.06496022662589603,-0.0035636319445872984,0.0604583655704165,-0.00037867898062193497,0.030020622403893815,0.053138898671830526,0.02009723102982584,0.016744745764065375,0.0016136955391932335,0.03162248284408608,0.08483878582579062,0.0008305015525527456,-0.0005286685924900592,-0.006110638423778202,0.0,-0.047262692302841115,-0.04015937639727755,0.05887703300205175,-0.0037362751649503948,0.0012270936910354895,-0.016972317971521694,-0.04037770923164544,score_roll3_mean,
YEM,-0.12958503008686573,-0.09026010706431052,-0.028349872726723322,0.005679191794798462,-0.10521007894463157,-0.013425052606414854,-0.017068712597063194,-0.025134360541962556,-0.6801831452471484,-1.2089816168942178,-1.1761511058551108,-0.04418592778742056,-0.07815323865226849,-0.027531930735349038,-0.15220101637830674,-0.6776453452801954,-0.12038040640000007,-0.06528456451308841,0.0014746536822222282,-0.3903337217085738,-1.2859461140162136,-0.08467726533827104,-0.13456461632679306,-0.017020098033409897,-0.00643843641277579,-0.02170812723512849,-0.02142758266796645,0.003376902131401888,-0.0024592424934671967,-0.016365286424831205,-0.02526826744983738,0.003176363607069301,0.021398197576062827,-0.04608867520827152,-0.007653085975238981,-0.06056910770051507,-0.008115969758044343,0.016854548925441196,0.001481450296092253,0.003001898809570715,0.013498752110767464,0.00934132138514321,0.004440106509704086,-0.008760923256851622,-0.022960296718915873,0.04778924635177653,0.043859907191669774,0.023652772696861266,-0.001974190518995975,0.02175742656822093,0.02405028523050382,-0.028763354649660594,-0.0019891105342998913,-0.10419469107754206,-0.011874573974407433,-0.015060840764344606,0.003251775854512352,-0.013727199919091054,-0.002476494488711937,-0.09619980947316364,-0.06152457361149291,-12.164126079790945,-0.018961080807340772,-0.03115186654023906,0.012090811149757373,0.0,0.0,-0.020435922135777215,-0.013844963351230796,0.027649409847127854,-0.13970967642767504,0.002326416087562057,-0.03468948137618784,0.004357797944630345,-0.05442351208808503,-0.03325941046534706,0.018968232540739805,-0.018724004128948476,-0.02611912082438526,-0.01733002723815433,-0.0344124071790656,0.0019482959504659963,-0.000681295669508504,-0.0060179351448594876,0.0,-0.07565107884796798,0.003521361002084603,-0.03320474663608622,0.008860270471687921,-0.015986790523804695,-0.12524555811916702,-0.1403927848346711,score_roll3_mean,
ZAF,0.24835763875415226,-0.028402526113881478,0.10508334853737361,0.021035962417566823,0.15279332970208986,0.03677471742790124,0.14685104975249183,0.02596961409980154,0.9420737990745753,0.489155659627579,0.7662868833240803,0.004814631713536228,0.07388049490189227,0.0392074413993198,0.054404552155160185,0.2674032065200735,0.025007110520635364,0.05538489656318074,0.009093351156540683,-0.5295426393995198,-0.3154687914135309,-0.22659258791700135,-0.000452904870209042,0.02137203661432766,0.020740484109454824,0.025185500093705463,0.01789516677142309,0.0034959761344264496,-0.0023995323405440927,-0.018531715077189873,0.004399444155261708,0.004166282355387916,-0.01746835805370075,0.06744531136292595,0.004349828772335772,-0.01008620577285562,0.0014109888716375902,0.0038207298162594673,0.0024192215922816517,-0.017964388201987414,-0.009409076635682493,0.060491578329964046,0.022630942492494234,-0.009125610116465187,-0.015263808555798111,-0.04357808739635731,-0.024819226012027764,-0.013681251166342844,0.0014790357542086878,-0.007214387759711577,-0.011712960375888514,0.008339869610242879,0.0020457100123572893,-0.10701200919740284,-0.005278545156389049,0.0026942782250763166,0.007053644864905983,0.0018857776594374891,0.0010513593888898955,0.013496788710852461,-0.1804012937398989,2.977735877151961,-0.017764597709207727,-0.03591688526070541,0.002861445090512343,0.0,0.0,0.009608932469953414,0.006234832944654042,-0.0268175528570519,0.004117970497185774,-0.006878391098045249,-0.024461913653342854,-0.0011519681601636774,0.020005807452016158,0.006079602444823875,0.03703241400027898,-0.008751546067961686,0.009151406834824943,0.005744681495558613,-0.030039985628774014,0.0008413114578475826,-0.0006958598178822484,-0.006349535543111611,0.0,0.010441264037577112,0.10731665736205613,-0.025946096606602197,0.010485510279329346,0.03841427841263096,-0.04627945931964698,-0.07434807886170443,score_roll3_mean,
ZMB,-0.12118571259035373,-0.07744606139202669,-0.0039272546914544595,0.01841990412282242,-0.0976663837242815,-0.012646152255303411,0.011184533287225467,-0.007843205822449595,-0.5246753313928698,-0.4363596824708832,-0.13129730176604532,-0.038712145663788264,0.0059398434018951085,0.07211160435611555,0.04409032285708789,0.18885950117393566,0.06971129753953803,0.047863705465811875,-0.02591716534487788,-0.3808409555654419,-0.8487441269968115,-0.1817972827954935,-0.3048351555754374,-0.011113765724377632,0.01578701842899975,0.017433217878063855,-0.009610565964436534,0.004122278468418163,-0.0024536700184162297,-0.012716416916239386,-0.029935211451914447,-0.0004846978324431375,0.023634736256255496,-0.022299468064716242,-0.005118589635602102,-0.046734395359573536,-0.0011101513332528153,0.014297411686480951,0.0027535984927502775,-0.004855344332100858,-0.0014903182039229582,0.012739910323546377,0.004212380921973462,-0.015341084662715996,-0.030127932084035393,-0.012111426072574205,0.036779442996658564,0.017342021258042576,-0.003808926675634433,0.007787639646132319,0.0008764372759224596,0.04768430870027794,-0.001001493225301627,-0.08706120957792843,-0.010550661739712617,-0.0063632221490926575,0.0013950877017402635,0.008080968461354532,-0.0003076213393596398,-0.013119495546693538,-0.05432804183483432,-3.678296254959018,-0.009374465055719866,-0.053396378456605866,0.01167846614332979,0.0,0.0,0.012314988348491825,0.13667672501201955,0.016190867784008897,-0.09592188812907974,-0.003121679376500419,0.07407693964889757,-0.003267256561218953,-9.215873046084567e-05,-0.010132453107992545,0.002421355932382122,0.01934100982565486,0.008709171740848391,0.006503703956305853,0.01589733647482132,0.0014782534240407996,-0.0006959135320241801,-0.006140062108961,0.0,-0.046135631743279525,-0.01942294102796891,-0.005996691366817443,0.0031511442399939954,0.032814327618887855,0.01405678149281755,-0.051426071020228774,score_roll3_mean,
ZWE,-0.11499415377188317,-0.05982750681424284,-0.03134192489507984,0.0036238692213011446,-0.10484537237120936,-0.012563736435857543,0.12007211076922594,0.04217195570371797,-0.6941299128188017,-1.174870513859555,-0.8410175306409323,-0.05559008782143193,-0.27894682154061984,-0.2670375040859998,-0.13199010742071185,-0.6234283423373514,-0.06832995354287172,-0.09955752467500677,-0.005928949607755098,-0.3931124006968303,-1.07674236992254,-0.07775321832368742,-0.17389342889558507,-0.004353687172011349,0.04036052018053069,-0.023111527819939838,-0.021594441474373408,0.0006378409499922888,-0.002427341097378445,-0.01804520573804035,-0.030927142423817344,-0.00027185775186424656,0.0062530996675720365,-0.03828183256074534,-0.0010778644240645111,-0.051214274973241956,-0.021065525732408958,0.015932447505536546,0.009709864937010168,0.006426475120136585,0.0218003946370526,0.017641980853997388,0.0011779297803561541,0.015489792007663157,0.05428159942341259,0.005010485328858831,0.04393574479037755,0.026940896120408796,-0.0023487951696947464,0.04888534116901835,0.03006357809713958,-0.039331363691234314,-0.007287131370358511,-0.10155644262754622,-0.013549720322984616,-0.027196772046627796,0.008619381941044262,-0.013162030423394715,-0.0027882633044222665,-0.11393012660672992,-0.07130563484515799,-13.243659338870568,0.008095518121053313,-0.024392210528940517,-0.008101337772092739,0.0,0.0,-0.042890290376074794,-0.01389728779769536,-0.044160177240858495,-0.12557231284272327,0.00430954771013799,0.022473837621645787,-0.007996814536460171,0.009475910852240995,-0.028538791992917978,0.01888379650970521,-0.043595443214706285,-0.020028610530886688,0.0015844074396356089,-0.03252230688759035,0.0017649369295411473,-0.0006145027238054684,-0.005950786348272063,0.0,-0.05636766698674501,-0.016237457206670074,-0.011010865431862716,0.0055615197855862185,-0.017498697437587914,0.002352282364650201,-0.001942182970948279,score_roll3_mean,
